==================== 2026-09-11T07:17:04.894271Z | 00000000-0000-0000-0000-000000000000 ====================
==================== 2026-09-11T07:17:04.894818Z | fe4892db-19d4-4f6a-9048-a248236558db ====================
07:17:04.894870 [info ]: Starting dbt LSP server
07:17:04.894943 [info ]: Connecting to LSP client on port 8000
07:17:04.897673 [info ]: Successfully connected to LSP client
07:17:04.897710 [info ]: Creating LSP service...
07:17:04.900309 [info ]: Creating LSP server...
07:17:04.900328 [info ]: Starting LSP server...
07:17:05.141545 [info ]: Loading ~/.dbt/profiles.yml
==================== 2026-09-11T07:17:05.189872Z | 814633b8-70cc-4052-b10b-101cf73f8aad ====================
07:17:05.190105 [info ]: Started loading project
07:17:05.191145 [info ]: Loading ~/.dbt/profiles.yml
07:17:05.201656 [debug]:    Started loading packages
07:17:05.209588 [debug]:     Loaded [  0.01s] packages
07:17:05.211138 [info ]: Finished loading project [  0.02s]
07:17:05.211806 [info ]: Started parsing
07:17:05.253438 [debug]: Finished parsing models/example/schema.yml [  0.00s]
07:17:05.260797 [debug]: Finished parsing models/example/my_first_dbt_model.sql [  0.00s]
07:17:05.267431 [debug]: Finished parsing models/example/my_second_dbt_model.sql [  0.01s]
07:17:05.268464 [debug]: Finished parsing models/example/staging/stg_orders.sql [  0.00s]
07:17:05.409397 [info ]: Finished parsing [  0.20s]
07:17:05.410455 [info ]: Cached model count updated: 3 models (estimate)
07:17:05.410467 [info ]: Cached model count updated: 3 models (accurate)
07:17:05.410578 [info ]: Started scheduling
07:17:05.410898 [info ]: Finished scheduling [  0.00s]
07:17:05.410945 [debug]: Compilation - 0 nodes selected: {}
07:17:05.411062 [warn ]: [NoNodesForSelectionCriteria (dbt1092)]: The selection criterion '+fqn:model.olist_dbt.stg_orders' does not match any enabled nodes
07:17:05.411102 [warn ]: [NoNodesSelected (dbt1601)]: Nothing to do. Try checking your model configs and model specification args
07:17:05.411121 [info ]: Started scheduling
07:17:05.411193 [info ]: Finished scheduling [  0.00s]
07:17:05.413669 [info ]: Started building task graph
07:17:05.413785 [info ]: Finished building task graph [  0.00s]
07:17:05.424359 [info ]: Started scheduling
07:17:05.424410 [info ]: Finished scheduling [  0.00s]
07:17:05.424687 [info ]: 
==================== Execution Summary =====================
Finished 'compile' with 2 warnings for target 'dev' [234ms]
07:17:05.424814 [info ]: Cached model count updated: 3 models (accurate)
==================== 2026-09-11T07:17:05.477066Z | edff2fb8-0df0-40fb-8361-34eba611aa8b ====================
07:17:05.477264 [info ]: Started loading project
07:17:05.478365 [info ]: Loading ~/.dbt/profiles.yml
07:17:05.526411 [info ]: Cached model count updated: 3 models (estimate)
07:17:05.526432 [info ]: Cached model count updated: 3 models (accurate)
07:17:05.526459 [info ]: Started scheduling
07:17:05.526502 [info ]: Finished scheduling [  0.00s]
07:17:05.526514 [debug]: Compilation - 0 nodes selected: {}
07:17:05.526552 [warn ]: [NoNodesForSelectionCriteria (dbt1092)]: The selection criterion '+fqn:model.olist_dbt.stg_orders' does not match any enabled nodes
07:17:05.526565 [warn ]: [NoNodesSelected (dbt1601)]: Nothing to do. Try checking your model configs and model specification args
07:17:05.527938 [info ]: Started building task graph
07:17:05.527956 [info ]: Finished building task graph [  0.00s]
07:17:05.534664 [info ]: Started scheduling
07:17:05.534702 [info ]: Finished scheduling [  0.00s]
07:17:05.534777 [info ]: Cached model count updated: 3 models (accurate)
07:17:05.534810 [info ]: Finished loading project [  0.06s]
07:17:05.534831 [info ]: 
==================== Execution Summary =====================
Finished 'compile' with 2 warnings for target 'dev' [57ms]
==================== 2026-09-11T07:17:07.147628Z | ef75c5bd-4bef-4323-ba3c-caf824e9dc0d ====================
07:17:07.147700 [info ]: Started loading project
07:17:07.148339 [info ]: Loading ~/.dbt/profiles.yml
07:17:07.180420 [info ]: Cached model count updated: 3 models (estimate)
07:17:07.180439 [info ]: Cached model count updated: 3 models (accurate)
07:17:07.180464 [info ]: Started scheduling
07:17:07.180516 [info ]: Finished scheduling [  0.00s]
07:17:07.180529 [debug]: Compilation - 2 nodes selected: {"model.olist_dbt.my_first_dbt_model", "model.olist_dbt.my_second_dbt_model"}
07:17:07.181979 [info ]: Started building task graph
07:17:07.182157 [info ]: Finished building task graph [  0.00s]
07:17:07.184903 [info ]: Started rendering (2 nodes)
07:17:07.184970 [info ]: Started model olist_dataset.my_second_dbt_model
07:17:07.184997 [debug]: Started rendering model olist_dataset.my_second_dbt_model
07:17:07.185067 [info ]: Started model olist_dataset.my_first_dbt_model
07:17:07.185075 [debug]: Started rendering model olist_dataset.my_first_dbt_model
07:17:07.185129 [info ]: Finished loading project [  0.04s]
07:17:07.192144 [debug]: Compiled SQL for node model.olist_dbt.my_second_dbt_model at target\.lsp\compiled\olist_dbt\models\example\my_second_dbt_model.sql
07:17:07.192289 [debug]: Compiled SQL for node model.olist_dbt.my_first_dbt_model at target\.lsp\compiled\olist_dbt\models\example\my_first_dbt_model.sql
07:17:07.192657 [debug]: Finished rendering [  0.01s] model olist_dataset.my_second_dbt_model [success]
07:17:07.192757 [info ]: Started analyzing (2 nodes)
07:17:07.192777 [debug]: Started analyzing model olist_dataset.my_second_dbt_model
07:17:07.192829 [debug]: Finished rendering [  0.01s] model olist_dataset.my_first_dbt_model [success]
07:17:07.192849 [info ]: Finished rendering [  0.01s] (2 nodes, 0 skipped, 0 errors)
07:17:07.192866 [debug]: Started analyzing model olist_dataset.my_first_dbt_model
07:17:07.198911 [debug]: Finished analyzing [  0.01s] model olist_dataset.my_first_dbt_model [success]
07:17:07.198939 [info ]:  Succeeded [  0.01s] model olist_dataset.my_first_dbt_model (table)
07:17:07.199132 [debug]: Finished analyzing [  0.01s] model olist_dataset.my_second_dbt_model [success]
07:17:07.199155 [info ]: Finished analyzing [  0.01s] (2 nodes, 0 skipped, 0 errors)
07:17:07.199168 [info ]:  Succeeded [  0.01s] model olist_dataset.my_second_dbt_model (view)
07:17:07.203176 [info ]: Started scheduling
07:17:07.203232 [info ]: Finished scheduling [  0.00s]
07:17:07.203285 [info ]: 
==================== Execution Summary =====================
Finished 'compile' successfully for target 'dev' [55ms]
Processed: 2 models
Summary: 2 total | 2 success
07:17:07.203381 [info ]: Cached model count updated: 3 models (accurate)
==================== 2026-09-11T07:17:13.183009Z | 9287772d-6bef-443b-916c-b5daf582709d ====================
07:17:13.183193 [info ]: Started loading project
07:17:13.184553 [info ]: Loading ~/.dbt/profiles.yml
==================== 2026-09-11T07:17:13.204072Z | 45c55dcb-f71f-4d9f-9f2a-34dd9a181946 ====================
07:17:13.204122 [info ]: Started loading project
07:17:13.205054 [info ]: Loading ~/.dbt/profiles.yml
07:17:13.205171 [info ]: Finished loading project [  0.02s]
07:17:13.214753 [debug]:    Started loading packages
07:17:13.222151 [debug]:     Loaded [  0.01s] packages
07:17:13.223809 [info ]: Finished loading project [  0.02s]
07:17:13.224071 [info ]: Started parsing
07:17:13.268527 [debug]: Finished parsing models/example/schema.yml [  0.00s]
07:17:13.268758 [debug]: Finished parsing models/example/sources.yml [  0.00s]
07:17:13.270396 [debug]: Finished parsing models/example/my_first_dbt_model.sql [  0.00s]
07:17:13.271041 [debug]: Finished parsing models/example/my_second_dbt_model.sql [  0.00s]
07:17:13.271942 [debug]: Finished parsing models/example/staging/stg_orders.sql [  0.00s]
07:17:13.395819 [info ]: Finished parsing [  0.17s]
07:17:13.396726 [info ]: Cached model count updated: 3 models (estimate)
07:17:13.396742 [info ]: Cached model count updated: 3 models (accurate)
07:17:13.396762 [info ]: Started scheduling
07:17:13.396788 [info ]: Finished scheduling [  0.00s]
07:17:13.396797 [debug]: Compilation - 0 nodes selected: {}
07:17:13.396812 [warn ]: [NoNodesForSelectionCriteria (dbt1092)]: The selection criterion '' does not match any enabled nodes
07:17:13.396826 [warn ]: [NoNodesSelected (dbt1601)]: Nothing to do. Try checking your model configs and model specification args
07:17:13.396834 [info ]: Started scheduling
07:17:13.396860 [info ]: Finished scheduling [  0.00s]
07:17:13.398154 [info ]: Started building task graph
07:17:13.398173 [info ]: Finished building task graph [  0.00s]
07:17:13.406094 [info ]: Started scheduling
07:17:13.406220 [info ]: Finished scheduling [  0.00s]
07:17:13.406486 [info ]: 
==================== Execution Summary =====================
Finished 'compile' with 2 warnings for target 'dev' [202ms]
07:17:13.406608 [info ]: 
==================== Execution Summary =====================
Finished 'compile' successfully for target 'dev' [223ms]
07:17:13.409229 [info ]: Cached model count updated: 3 models (accurate)
==================== 2026-09-11T07:17:15.032283Z | cfe12253-2483-4c9a-bd14-30b76d4c938f ====================
07:17:15.032347 [info ]: Started loading project
07:17:15.032984 [info ]: Loading ~/.dbt/profiles.yml
07:17:15.066252 [info ]: Cached model count updated: 3 models (estimate)
07:17:15.066271 [info ]: Cached model count updated: 3 models (accurate)
07:17:15.066297 [info ]: Started scheduling
07:17:15.066350 [info ]: Finished scheduling [  0.00s]
07:17:15.066365 [debug]: Compilation - 2 nodes selected: {"model.olist_dbt.my_first_dbt_model", "model.olist_dbt.my_second_dbt_model"}
07:17:15.067575 [info ]: Started building task graph
07:17:15.067615 [info ]: Finished building task graph [  0.00s]
07:17:15.070738 [info ]: Started rendering (2 nodes)
07:17:15.070756 [info ]: Started model olist_dataset.my_second_dbt_model
07:17:15.070764 [debug]: Started rendering model olist_dataset.my_second_dbt_model
07:17:15.070783 [info ]: Started model olist_dataset.my_first_dbt_model
07:17:15.070790 [debug]: Started rendering model olist_dataset.my_first_dbt_model
07:17:15.070814 [info ]: Finished loading project [  0.04s]
07:17:15.073854 [debug]: Compiled SQL for node model.olist_dbt.my_second_dbt_model at target\.lsp\compiled\olist_dbt\models\example\my_second_dbt_model.sql
07:17:15.073866 [debug]: Compiled SQL for node model.olist_dbt.my_first_dbt_model at target\.lsp\compiled\olist_dbt\models\example\my_first_dbt_model.sql
07:17:15.074003 [debug]: Finished rendering [  0.00s] model olist_dataset.my_first_dbt_model [success]
07:17:15.074055 [info ]: Started analyzing (2 nodes)
07:17:15.074072 [debug]: Started analyzing model olist_dataset.my_first_dbt_model
07:17:15.074116 [debug]: Finished rendering [  0.00s] model olist_dataset.my_second_dbt_model [success]
07:17:15.074148 [info ]: Finished rendering [  0.00s] (2 nodes, 0 skipped, 0 errors)
07:17:15.074166 [debug]: Started analyzing model olist_dataset.my_second_dbt_model
07:17:15.074319 [debug]: Finished analyzing [  0.00s] model olist_dataset.my_first_dbt_model [success]
07:17:15.074337 [info ]:  Succeeded [  0.00s] model olist_dataset.my_first_dbt_model (table)
07:17:15.074387 [debug]: Finished analyzing [  0.00s] model olist_dataset.my_second_dbt_model [success]
07:17:15.074399 [info ]: Finished analyzing [  0.00s] (2 nodes, 0 skipped, 0 errors)
07:17:15.074405 [info ]:  Succeeded [  0.00s] model olist_dataset.my_second_dbt_model (view)
07:17:15.078217 [info ]: Started scheduling
07:17:15.078256 [info ]: Finished scheduling [  0.00s]
07:17:15.078305 [info ]: 
==================== Execution Summary =====================
Finished 'compile' successfully for target 'dev' [46ms]
Processed: 2 models
Summary: 2 total | 2 success
07:17:15.078633 [info ]: Cached model count updated: 3 models (accurate)
==================== 2026-09-11T07:18:56.666083Z | 110fe162-34ae-4ff5-bf4b-08ef7e67b36f ====================
07:18:56.666198 [info ]: Started loading project
07:18:56.667031 [info ]: Loading ~/.dbt/profiles.yml
07:18:56.681378 [info ]: Started parsing
07:18:56.727435 [info ]: Finished loading project [  0.06s]
07:18:56.728770 [debug]: Finished parsing models/example/sources.yml [  0.00s]
07:18:56.848153 [info ]: Finished parsing [  0.17s]
07:18:56.850484 [info ]: Cached model count updated: 3 models (estimate)
07:18:56.850498 [info ]: Cached model count updated: 3 models (accurate)
07:18:56.850525 [info ]: Started scheduling
07:18:56.850578 [info ]: Finished scheduling [  0.00s]
07:18:56.850590 [debug]: Compilation - 0 nodes selected: {}
07:18:56.850611 [warn ]: [NoNodesForSelectionCriteria (dbt1092)]: The selection criterion '+source:olist_dbt.olist_raw.olist_orders_dataset' does not match any enabled nodes
07:18:56.850621 [warn ]: [NoNodesSelected (dbt1601)]: Nothing to do. Try checking your model configs and model specification args
07:18:56.851646 [info ]: Started building task graph
07:18:56.851664 [info ]: Finished building task graph [  0.00s]
07:18:56.858815 [info ]: Started scheduling
07:18:56.858865 [info ]: Finished scheduling [  0.00s]
07:18:56.859379 [info ]: 
==================== Execution Summary =====================
Finished 'compile' with 2 warnings for target 'dev' [193ms]
07:18:56.859446 [info ]: Cached model count updated: 3 models (accurate)
==================== 2026-09-11T07:18:57.944382Z | c1b39092-103b-48fc-9388-ed24c6a8c2ec ====================
07:18:57.944475 [info ]: Started loading project
07:18:57.945148 [info ]: Loading ~/.dbt/profiles.yml
07:18:57.964306 [info ]: Started parsing
07:18:58.036378 [info ]: Finished loading project [  0.09s]
07:18:58.037719 [debug]: Finished parsing models/example/sources.yml [  0.00s]
07:18:58.179170 [info ]: Finished parsing [  0.21s]
07:18:58.183345 [info ]: Cached model count updated: 3 models (estimate)
07:18:58.183373 [info ]: Cached model count updated: 3 models (accurate)
07:18:58.183423 [info ]: Started scheduling
07:18:58.183489 [info ]: Finished scheduling [  0.00s]
07:18:58.183511 [debug]: Compilation - 0 nodes selected: {}
07:18:58.183546 [warn ]: [NoNodesForSelectionCriteria (dbt1092)]: The selection criterion '+source:olist_dbt.olist_raw.olist_orders_dataset' does not match any enabled nodes
07:18:58.183568 [warn ]: [NoNodesSelected (dbt1601)]: Nothing to do. Try checking your model configs and model specification args
07:18:58.185965 [info ]: Started building task graph
07:18:58.186012 [info ]: Finished building task graph [  0.00s]
07:18:58.197653 [info ]: Started scheduling
07:18:58.197742 [info ]: Finished scheduling [  0.00s]
07:18:58.198467 [info ]: 
==================== Execution Summary =====================
Finished 'compile' with 2 warnings for target 'dev' [254ms]
07:18:58.198596 [info ]: Cached model count updated: 3 models (accurate)
==================== 2026-09-11T07:18:59.825328Z | dc6d7a1c-ac9b-4ed1-b3fb-14e6e69926ae ====================
07:18:59.825403 [info ]: Started loading project
07:18:59.826045 [info ]: Loading ~/.dbt/profiles.yml
07:18:59.859137 [info ]: Cached model count updated: 3 models (estimate)
07:18:59.859156 [info ]: Cached model count updated: 3 models (accurate)
07:18:59.859185 [info ]: Started scheduling
07:18:59.859234 [info ]: Finished scheduling [  0.00s]
07:18:59.859251 [debug]: Compilation - 2 nodes selected: {"model.olist_dbt.my_first_dbt_model", "model.olist_dbt.my_second_dbt_model"}
07:18:59.860474 [info ]: Started building task graph
07:18:59.860507 [info ]: Finished building task graph [  0.00s]
07:18:59.863695 [info ]: Started rendering (2 nodes)
07:18:59.863712 [info ]: Started model olist_dataset.my_second_dbt_model
07:18:59.863731 [debug]: Started rendering model olist_dataset.my_second_dbt_model
07:18:59.863753 [info ]: Started model olist_dataset.my_first_dbt_model
07:18:59.863759 [debug]: Started rendering model olist_dataset.my_first_dbt_model
07:18:59.863785 [info ]: Finished loading project [  0.04s]
07:18:59.865881 [debug]: Compiled SQL for node model.olist_dbt.my_second_dbt_model at target\.lsp\compiled\olist_dbt\models\example\my_second_dbt_model.sql
07:18:59.865913 [debug]: Compiled SQL for node model.olist_dbt.my_first_dbt_model at target\.lsp\compiled\olist_dbt\models\example\my_first_dbt_model.sql
07:18:59.866071 [debug]: Finished rendering [  0.00s] model olist_dataset.my_second_dbt_model [success]
07:18:59.866161 [info ]: Started analyzing (2 nodes)
07:18:59.866170 [debug]: Started analyzing model olist_dataset.my_second_dbt_model
07:18:59.866195 [debug]: Finished rendering [  0.00s] model olist_dataset.my_first_dbt_model [success]
07:18:59.866205 [info ]: Finished rendering [  0.00s] (2 nodes, 0 skipped, 0 errors)
07:18:59.866214 [debug]: Started analyzing model olist_dataset.my_first_dbt_model
07:18:59.866401 [debug]: Finished analyzing [  0.00s] model olist_dataset.my_first_dbt_model [success]
07:18:59.866445 [info ]:  Succeeded [  0.00s] model olist_dataset.my_first_dbt_model (table)
07:18:59.866464 [debug]: Finished analyzing [  0.00s] model olist_dataset.my_second_dbt_model [success]
07:18:59.866472 [info ]: Finished analyzing [  0.00s] (2 nodes, 0 skipped, 0 errors)
07:18:59.866492 [info ]:  Succeeded [  0.00s] model olist_dataset.my_second_dbt_model (view)
07:18:59.870428 [info ]: Started scheduling
07:18:59.870464 [info ]: Finished scheduling [  0.00s]
07:18:59.870517 [info ]: 
==================== Execution Summary =====================
Finished 'compile' successfully for target 'dev' [45ms]
Processed: 2 models
Summary: 2 total | 2 success
07:18:59.870627 [info ]: Cached model count updated: 3 models (accurate)
==================== 2026-09-11T07:30:09.864256Z | a9e0fd66-a147-43de-8b20-595d0126c8a8 ====================
07:30:09.864421 [info ]: Started loading project
07:30:09.865466 [info ]: Loading ~/.dbt/profiles.yml
07:30:09.902756 [info ]: Cached model count updated: 3 models (estimate)
07:30:09.902776 [info ]: Cached model count updated: 3 models (accurate)
07:30:09.902812 [info ]: Started scheduling
07:30:09.902869 [info ]: Finished scheduling [  0.00s]
07:30:09.902886 [debug]: Compilation - 0 nodes selected: {}
07:30:09.902913 [warn ]: [NoNodesForSelectionCriteria (dbt1092)]: The selection criterion '+source:olist_dbt.olist_raw.olist_orders_dataset' does not match any enabled nodes
07:30:09.902926 [warn ]: [NoNodesSelected (dbt1601)]: Nothing to do. Try checking your model configs and model specification args
07:30:09.904133 [info ]: Started building task graph
07:30:09.904155 [info ]: Finished building task graph [  0.00s]
07:30:09.914248 [info ]: Started scheduling
07:30:09.914287 [info ]: Finished scheduling [  0.00s]
07:30:09.914352 [info ]: Cached model count updated: 3 models (accurate)
07:30:09.914458 [info ]: Finished loading project [  0.05s]
07:30:09.914503 [info ]: 
==================== Execution Summary =====================
Finished 'compile' with 2 warnings for target 'dev' [50ms]
==================== 2026-09-11T07:30:11.502602Z | 3ba871d4-38a8-4075-9f17-4c78fd5bac37 ====================
07:30:11.502882 [info ]: Started loading project
07:30:11.506023 [info ]: Loading ~/.dbt/profiles.yml
07:30:11.559930 [info ]: Cached model count updated: 3 models (estimate)
07:30:11.559949 [info ]: Cached model count updated: 3 models (accurate)
07:30:11.559977 [info ]: Started scheduling
07:30:11.560028 [info ]: Finished scheduling [  0.00s]
07:30:11.560044 [debug]: Compilation - 2 nodes selected: {"model.olist_dbt.my_first_dbt_model", "model.olist_dbt.my_second_dbt_model"}
07:30:11.561349 [info ]: Started building task graph
07:30:11.562045 [info ]: Finished building task graph [  0.00s]
07:30:11.565439 [info ]: Started rendering (2 nodes)
07:30:11.565465 [info ]: Started model olist_dataset.my_second_dbt_model
07:30:11.565474 [debug]: Started rendering model olist_dataset.my_second_dbt_model
07:30:11.565499 [info ]: Started model olist_dataset.my_first_dbt_model
07:30:11.565506 [debug]: Started rendering model olist_dataset.my_first_dbt_model
07:30:11.565620 [info ]: Finished loading project [  0.06s]
07:30:11.572124 [debug]: Compiled SQL for node model.olist_dbt.my_second_dbt_model at target\.lsp\compiled\olist_dbt\models\example\my_second_dbt_model.sql
07:30:11.572146 [debug]: Compiled SQL for node model.olist_dbt.my_first_dbt_model at target\.lsp\compiled\olist_dbt\models\example\my_first_dbt_model.sql
07:30:11.572317 [debug]: Finished rendering [  0.01s] model olist_dataset.my_first_dbt_model [success]
07:30:11.572386 [info ]: Started analyzing (2 nodes)
07:30:11.572400 [debug]: Started analyzing model olist_dataset.my_first_dbt_model
07:30:11.572871 [debug]: Finished rendering [  0.01s] model olist_dataset.my_second_dbt_model [success]
07:30:11.572909 [info ]: Finished rendering [  0.01s] (2 nodes, 0 skipped, 0 errors)
07:30:11.572930 [debug]: Started analyzing model olist_dataset.my_second_dbt_model
07:30:11.573947 [debug]: Finished analyzing [  0.00s] model olist_dataset.my_first_dbt_model [success]
07:30:11.573983 [info ]:  Succeeded [  0.01s] model olist_dataset.my_first_dbt_model (table)
07:30:11.574012 [debug]: Finished analyzing [  0.00s] model olist_dataset.my_second_dbt_model [success]
07:30:11.574022 [info ]: Finished analyzing [  0.00s] (2 nodes, 0 skipped, 0 errors)
07:30:11.574030 [info ]:  Succeeded [  0.01s] model olist_dataset.my_second_dbt_model (view)
07:30:11.578186 [info ]: Started scheduling
07:30:11.578226 [info ]: Finished scheduling [  0.00s]
07:30:11.578270 [info ]: 
==================== Execution Summary =====================
Finished 'compile' successfully for target 'dev' [75ms]
Processed: 2 models
Summary: 2 total | 2 success
07:30:11.578330 [info ]: Cached model count updated: 3 models (accurate)
==================== 2026-09-11T07:30:35.627164Z | 5583390a-6f35-4f46-8c2b-182e6a6512c7 ====================
07:30:35.627298 [info ]: Started loading project
07:30:35.628571 [info ]: Loading ~/.dbt/profiles.yml
07:30:35.672818 [info ]: Started parsing
07:30:35.737373 [info ]: Finished loading project [  0.11s]
07:30:35.738662 [debug]: Finished parsing models/example/sources.yml [  0.00s]
07:30:35.860268 [info ]: Finished parsing [  0.19s]
07:30:35.862610 [info ]: Cached model count updated: 3 models (estimate)
07:30:35.862625 [info ]: Cached model count updated: 3 models (accurate)
07:30:35.862661 [info ]: Started scheduling
07:30:35.862699 [info ]: Finished scheduling [  0.00s]
07:30:35.862711 [debug]: Compilation - 0 nodes selected: {}
07:30:35.862730 [warn ]: [NoNodesForSelectionCriteria (dbt1092)]: The selection criterion '+source:olist_dbt.olist_raw.olist_orders_dataset +source:olist_dbt.olist_dataset.olist_orders_dataset' does not match any enabled nodes
07:30:35.862741 [warn ]: [NoNodesSelected (dbt1601)]: Nothing to do. Try checking your model configs and model specification args
07:30:35.863780 [info ]: Started building task graph
07:30:35.863797 [info ]: Finished building task graph [  0.00s]
07:30:35.870669 [info ]: Started scheduling
07:30:35.870719 [info ]: Finished scheduling [  0.00s]
07:30:35.871224 [info ]: 
==================== Execution Summary =====================
Finished 'compile' with 2 warnings for target 'dev' [244ms]
07:30:35.871292 [info ]: Cached model count updated: 3 models (accurate)
==================== 2026-09-11T07:30:35.914565Z | bcaaeae5-1856-4cf6-8f32-26e6abda2829 ====================
07:30:35.914649 [info ]: Started loading project
07:30:35.915418 [info ]: Loading ~/.dbt/profiles.yml
07:30:35.949465 [info ]: Cached model count updated: 3 models (estimate)
07:30:35.949484 [info ]: Cached model count updated: 3 models (accurate)
07:30:35.949514 [info ]: Started scheduling
07:30:35.949562 [info ]: Finished scheduling [  0.00s]
07:30:35.949575 [debug]: Compilation - 0 nodes selected: {}
07:30:35.949596 [warn ]: [NoNodesForSelectionCriteria (dbt1092)]: The selection criterion '+source:olist_dbt.olist_dataset.olist_orders_dataset' does not match any enabled nodes
07:30:35.949608 [warn ]: [NoNodesSelected (dbt1601)]: Nothing to do. Try checking your model configs and model specification args
07:30:35.950767 [info ]: Started building task graph
07:30:35.950784 [info ]: Finished building task graph [  0.00s]
07:30:35.957945 [info ]: Started scheduling
07:30:35.957983 [info ]: Finished scheduling [  0.00s]
07:30:35.958057 [info ]: Cached model count updated: 3 models (accurate)
07:30:35.958193 [info ]: Finished loading project [  0.04s]
07:30:35.958242 [info ]: 
==================== Execution Summary =====================
Finished 'compile' with 2 warnings for target 'dev' [43ms]
==================== 2026-09-11T07:30:37.017827Z | eb3c8e56-e267-4b78-9a60-2ff8d5c8980d ====================
07:30:37.017952 [info ]: Started loading project
07:30:37.018710 [info ]: Loading ~/.dbt/profiles.yml
07:30:37.035452 [info ]: Started parsing
07:30:37.116952 [info ]: Finished loading project [  0.10s]
07:30:37.117960 [debug]: Finished parsing models/example/sources.yml [  0.00s]
07:30:37.243788 [info ]: Finished parsing [  0.21s]
07:30:37.246383 [info ]: Cached model count updated: 3 models (estimate)
07:30:37.246398 [info ]: Cached model count updated: 3 models (accurate)
07:30:37.246425 [info ]: Started scheduling
07:30:37.246462 [info ]: Finished scheduling [  0.00s]
07:30:37.246474 [debug]: Compilation - 0 nodes selected: {}
07:30:37.246492 [warn ]: [NoNodesForSelectionCriteria (dbt1092)]: The selection criterion '+source:olist_dbt.olist_dataset.olist_orders_dataset' does not match any enabled nodes
07:30:37.246506 [warn ]: [NoNodesSelected (dbt1601)]: Nothing to do. Try checking your model configs and model specification args
07:30:37.247542 [info ]: Started building task graph
07:30:37.247560 [info ]: Finished building task graph [  0.00s]
07:30:37.254819 [info ]: Started scheduling
07:30:37.254869 [info ]: Finished scheduling [  0.00s]
07:30:37.255365 [info ]: 
==================== Execution Summary =====================
Finished 'compile' with 2 warnings for target 'dev' [237ms]
07:30:37.255429 [info ]: Cached model count updated: 3 models (accurate)
==================== 2026-09-11T07:30:38.847756Z | c1565315-ad91-4823-9816-600b3448f1cf ====================
07:30:38.848041 [info ]: Started loading project
07:30:38.849966 [info ]: Loading ~/.dbt/profiles.yml
07:30:38.885678 [info ]: Cached model count updated: 3 models (estimate)
07:30:38.885700 [info ]: Cached model count updated: 3 models (accurate)
07:30:38.885729 [info ]: Started scheduling
07:30:38.885786 [info ]: Finished scheduling [  0.00s]
07:30:38.885802 [debug]: Compilation - 2 nodes selected: {"model.olist_dbt.my_first_dbt_model", "model.olist_dbt.my_second_dbt_model"}
07:30:38.887071 [info ]: Started building task graph
07:30:38.887105 [info ]: Finished building task graph [  0.00s]
07:30:38.890227 [info ]: Started rendering (2 nodes)
07:30:38.890243 [info ]: Started model olist_dataset.my_second_dbt_model
07:30:38.890252 [debug]: Started rendering model olist_dataset.my_second_dbt_model
07:30:38.890275 [info ]: Started model olist_dataset.my_first_dbt_model
07:30:38.890281 [debug]: Started rendering model olist_dataset.my_first_dbt_model
07:30:38.890305 [info ]: Finished loading project [  0.04s]
07:30:38.891391 [debug]: Compiled SQL for node model.olist_dbt.my_first_dbt_model at target\.lsp\compiled\olist_dbt\models\example\my_first_dbt_model.sql
07:30:38.891391 [debug]: Compiled SQL for node model.olist_dbt.my_second_dbt_model at target\.lsp\compiled\olist_dbt\models\example\my_second_dbt_model.sql
07:30:38.891577 [debug]: Finished rendering [  0.00s] model olist_dataset.my_first_dbt_model [success]
07:30:38.891630 [info ]: Started analyzing (2 nodes)
07:30:38.891639 [debug]: Started analyzing model olist_dataset.my_first_dbt_model
07:30:38.891669 [debug]: Finished rendering [  0.00s] model olist_dataset.my_second_dbt_model [success]
07:30:38.891680 [info ]: Finished rendering [  0.00s] (2 nodes, 0 skipped, 0 errors)
07:30:38.891691 [debug]: Started analyzing model olist_dataset.my_second_dbt_model
07:30:38.891898 [debug]: Finished analyzing [  0.00s] model olist_dataset.my_first_dbt_model [success]
07:30:38.891945 [info ]:  Succeeded [  0.00s] model olist_dataset.my_first_dbt_model (table)
07:30:38.892048 [debug]: Finished analyzing [  0.00s] model olist_dataset.my_second_dbt_model [success]
07:30:38.892067 [info ]: Finished analyzing [  0.00s] (2 nodes, 0 skipped, 0 errors)
07:30:38.892077 [info ]:  Succeeded [  0.00s] model olist_dataset.my_second_dbt_model (view)
07:30:38.896296 [info ]: Started scheduling
07:30:38.896334 [info ]: Finished scheduling [  0.00s]
07:30:38.896393 [info ]: 
==================== Execution Summary =====================
Finished 'compile' successfully for target 'dev' [48ms]
Processed: 2 models
Summary: 2 total | 2 success
07:30:38.896509 [info ]: Cached model count updated: 3 models (accurate)
==================== 2026-09-11T07:31:09.705303Z | a0059de1-33be-49ca-b7a6-02ddd509954e ====================
07:31:09.705388 [info ]: Started loading project
07:31:09.706528 [info ]: Loading ~/.dbt/profiles.yml
07:31:09.748427 [info ]: Cached model count updated: 3 models (estimate)
07:31:09.748446 [info ]: Cached model count updated: 3 models (accurate)
07:31:09.748475 [info ]: Started scheduling
07:31:09.748517 [info ]: Finished scheduling [  0.00s]
07:31:09.748532 [debug]: Compilation - 0 nodes selected: {}
07:31:09.748551 [warn ]: [NoNodesForSelectionCriteria (dbt1092)]: The selection criterion '+fqn:model.olist_dbt.stg_orders' does not match any enabled nodes
07:31:09.748562 [warn ]: [NoNodesSelected (dbt1601)]: Nothing to do. Try checking your model configs and model specification args
07:31:09.749844 [info ]: Started building task graph
07:31:09.749861 [info ]: Finished building task graph [  0.00s]
07:31:09.758773 [info ]: Started scheduling
07:31:09.758820 [info ]: Finished scheduling [  0.00s]
07:31:09.758914 [info ]: Cached model count updated: 3 models (accurate)
07:31:09.759032 [info ]: Finished loading project [  0.05s]
07:31:09.759088 [info ]: 
==================== Execution Summary =====================
Finished 'compile' with 2 warnings for target 'dev' [53ms]
==================== 2026-09-11T07:31:10.200861Z | 6ccf85d3-37a6-4816-80d1-53ad1dc050ad ====================
07:31:10.200930 [info ]: Started loading project
07:31:10.201699 [info ]: Loading ~/.dbt/profiles.yml
07:31:10.241531 [info ]: Cached model count updated: 3 models (estimate)
07:31:10.241598 [info ]: Cached model count updated: 3 models (accurate)
07:31:10.241688 [info ]: Started scheduling
07:31:10.241804 [info ]: Finished scheduling [  0.00s]
07:31:10.241824 [debug]: Compilation - 0 nodes selected: {}
07:31:10.241885 [warn ]: [NoNodesForSelectionCriteria (dbt1092)]: The selection criterion '+fqn:model.olist_dbt.stg_orders' does not match any enabled nodes
07:31:10.241910 [warn ]: [NoNodesSelected (dbt1601)]: Nothing to do. Try checking your model configs and model specification args
07:31:10.243595 [info ]: Started building task graph
07:31:10.243621 [info ]: Finished building task graph [  0.00s]
07:31:10.251021 [info ]: Started scheduling
07:31:10.251065 [info ]: Finished scheduling [  0.00s]
07:31:10.251150 [info ]: Cached model count updated: 3 models (accurate)
07:31:10.251259 [info ]: Finished loading project [  0.05s]
07:31:10.251318 [info ]: 
==================== Execution Summary =====================
Finished 'compile' with 2 warnings for target 'dev' [50ms]
==================== 2026-09-11T07:31:10.800714Z | cb2bbfb0-8f77-4cf0-8ae5-5444123bdb40 ====================
07:31:10.800773 [info ]: Started loading project
07:31:10.801439 [info ]: Loading ~/.dbt/profiles.yml
07:31:10.835489 [info ]: Cached model count updated: 3 models (estimate)
07:31:10.835509 [info ]: Cached model count updated: 3 models (accurate)
07:31:10.835542 [info ]: Started scheduling
07:31:10.835592 [info ]: Finished scheduling [  0.00s]
07:31:10.835607 [debug]: Compilation - 0 nodes selected: {}
07:31:10.835627 [warn ]: [NoNodesForSelectionCriteria (dbt1092)]: The selection criterion '+fqn:model.olist_dbt.stg_orders' does not match any enabled nodes
07:31:10.835640 [warn ]: [NoNodesSelected (dbt1601)]: Nothing to do. Try checking your model configs and model specification args
07:31:10.838073 [info ]: Started building task graph
07:31:10.838129 [info ]: Finished building task graph [  0.00s]
07:31:10.845377 [info ]: Started scheduling
07:31:10.845415 [info ]: Finished scheduling [  0.00s]
07:31:10.845475 [info ]: Cached model count updated: 3 models (accurate)
07:31:10.845601 [info ]: Finished loading project [  0.04s]
07:31:10.845632 [info ]: 
==================== Execution Summary =====================
Finished 'compile' with 2 warnings for target 'dev' [44ms]
==================== 2026-09-11T07:31:11.430243Z | 4526a500-088f-4fca-8b1d-811d73d24806 ====================
07:31:11.430377 [info ]: Started loading project
07:31:11.431307 [info ]: Loading ~/.dbt/profiles.yml
07:31:11.470603 [info ]: Cached model count updated: 3 models (estimate)
07:31:11.470621 [info ]: Cached model count updated: 3 models (accurate)
07:31:11.470648 [info ]: Started scheduling
07:31:11.470692 [info ]: Finished scheduling [  0.00s]
07:31:11.470706 [debug]: Compilation - 0 nodes selected: {}
07:31:11.470723 [warn ]: [NoNodesForSelectionCriteria (dbt1092)]: The selection criterion '+fqn:model.olist_dbt.stg_orders' does not match any enabled nodes
07:31:11.470735 [warn ]: [NoNodesSelected (dbt1601)]: Nothing to do. Try checking your model configs and model specification args
07:31:11.471765 [info ]: Started building task graph
07:31:11.471782 [info ]: Finished building task graph [  0.00s]
07:31:11.479467 [info ]: Started scheduling
07:31:11.479506 [info ]: Finished scheduling [  0.00s]
07:31:11.479562 [info ]: Cached model count updated: 3 models (accurate)
07:31:11.479662 [info ]: Finished loading project [  0.05s]
07:31:11.479703 [info ]: 
==================== Execution Summary =====================
Finished 'compile' with 2 warnings for target 'dev' [49ms]
==================== 2026-09-11T07:31:12.393225Z | 9dbb43bb-9677-4343-a642-cdc457f07b96 ====================
07:31:12.393299 [info ]: Started loading project
07:31:12.393952 [info ]: Loading ~/.dbt/profiles.yml
07:31:12.431745 [info ]: Cached model count updated: 3 models (estimate)
07:31:12.431768 [info ]: Cached model count updated: 3 models (accurate)
07:31:12.431801 [info ]: Started scheduling
07:31:12.431863 [info ]: Finished scheduling [  0.00s]
07:31:12.431878 [debug]: Compilation - 0 nodes selected: {}
07:31:12.431899 [warn ]: [NoNodesForSelectionCriteria (dbt1092)]: The selection criterion '+fqn:model.olist_dbt.stg_orders' does not match any enabled nodes
07:31:12.431915 [warn ]: [NoNodesSelected (dbt1601)]: Nothing to do. Try checking your model configs and model specification args
07:31:12.433438 [info ]: Started building task graph
07:31:12.433475 [info ]: Finished building task graph [  0.00s]
07:31:12.443242 [info ]: Started scheduling
07:31:12.443290 [info ]: Finished scheduling [  0.00s]
07:31:12.443365 [info ]: Cached model count updated: 3 models (accurate)
07:31:12.443402 [info ]: Finished loading project [  0.05s]
07:31:12.443421 [info ]: 
==================== Execution Summary =====================
Finished 'compile' with 2 warnings for target 'dev' [50ms]
==================== 2026-09-11T07:31:13.358696Z | 8f02571a-fccf-4163-a18a-1120d9e73655 ====================
07:31:13.358779 [info ]: Started loading project
07:31:13.359609 [info ]: Loading ~/.dbt/profiles.yml
07:31:13.405863 [info ]: Cached model count updated: 3 models (estimate)
07:31:13.405888 [info ]: Cached model count updated: 3 models (accurate)
07:31:13.405964 [info ]: Started scheduling
07:31:13.406070 [info ]: Finished scheduling [  0.00s]
07:31:13.406113 [debug]: Compilation - 0 nodes selected: {}
07:31:13.406213 [warn ]: [NoNodesForSelectionCriteria (dbt1092)]: The selection criterion '+fqn:model.olist_dbt.stg_orders' does not match any enabled nodes
07:31:13.406242 [warn ]: [NoNodesSelected (dbt1601)]: Nothing to do. Try checking your model configs and model specification args
07:31:13.408450 [info ]: Started building task graph
07:31:13.408495 [info ]: Finished building task graph [  0.00s]
07:31:13.423780 [info ]: Started scheduling
07:31:13.423905 [info ]: Finished scheduling [  0.00s]
07:31:13.424039 [info ]: Cached model count updated: 3 models (accurate)
07:31:13.424100 [info ]: Finished loading project [  0.07s]
07:31:13.424139 [info ]: 
==================== Execution Summary =====================
Finished 'compile' with 2 warnings for target 'dev' [65ms]
==================== 2026-09-11T07:31:15.047168Z | b9f7ff77-053b-4525-9028-ceda4f8b073f ====================
07:31:15.047300 [info ]: Started loading project
07:31:15.048049 [info ]: Loading ~/.dbt/profiles.yml
07:31:15.083812 [info ]: Cached model count updated: 3 models (estimate)
07:31:15.083832 [info ]: Cached model count updated: 3 models (accurate)
07:31:15.083860 [info ]: Started scheduling
07:31:15.083912 [info ]: Finished scheduling [  0.00s]
07:31:15.083924 [debug]: Compilation - 2 nodes selected: {"model.olist_dbt.my_first_dbt_model", "model.olist_dbt.my_second_dbt_model"}
07:31:15.085050 [info ]: Started building task graph
07:31:15.085082 [info ]: Finished building task graph [  0.00s]
07:31:15.088303 [info ]: Started rendering (2 nodes)
07:31:15.088320 [info ]: Started model olist_dataset.my_second_dbt_model
07:31:15.088339 [debug]: Started rendering model olist_dataset.my_second_dbt_model
07:31:15.088359 [info ]: Started model olist_dataset.my_first_dbt_model
07:31:15.088365 [debug]: Started rendering model olist_dataset.my_first_dbt_model
07:31:15.088389 [info ]: Finished loading project [  0.04s]
07:31:15.089342 [debug]: Compiled SQL for node model.olist_dbt.my_second_dbt_model at target\.lsp\compiled\olist_dbt\models\example\my_second_dbt_model.sql
07:31:15.089356 [debug]: Compiled SQL for node model.olist_dbt.my_first_dbt_model at target\.lsp\compiled\olist_dbt\models\example\my_first_dbt_model.sql
07:31:15.089545 [debug]: Finished rendering [  0.00s] model olist_dataset.my_second_dbt_model [success]
07:31:15.089646 [info ]: Started analyzing (2 nodes)
07:31:15.089675 [debug]: Started analyzing model olist_dataset.my_second_dbt_model
07:31:15.089739 [debug]: Finished rendering [  0.00s] model olist_dataset.my_first_dbt_model [success]
07:31:15.089752 [info ]: Finished rendering [  0.00s] (2 nodes, 0 skipped, 0 errors)
07:31:15.089767 [debug]: Started analyzing model olist_dataset.my_first_dbt_model
07:31:15.089992 [debug]: Finished analyzing [  0.00s] model olist_dataset.my_first_dbt_model [success]
07:31:15.090023 [info ]:  Succeeded [  0.00s] model olist_dataset.my_first_dbt_model (table)
07:31:15.090048 [debug]: Finished analyzing [  0.00s] model olist_dataset.my_second_dbt_model [success]
07:31:15.090056 [info ]: Finished analyzing [  0.00s] (2 nodes, 0 skipped, 0 errors)
07:31:15.090064 [info ]:  Succeeded [  0.00s] model olist_dataset.my_second_dbt_model (view)
07:31:15.094347 [info ]: Started scheduling
07:31:15.094385 [info ]: Finished scheduling [  0.00s]
07:31:15.094432 [info ]: 
==================== Execution Summary =====================
Finished 'compile' successfully for target 'dev' [47ms]
Processed: 2 models
Summary: 2 total | 2 success
07:31:15.094528 [info ]: Cached model count updated: 3 models (accurate)
==================== 2026-09-11T07:36:21.669556Z | b179131c-e990-4382-ab9e-e123c76444c5 ====================
07:36:21.669957 [info ]: Started loading project
07:36:21.671998 [info ]: Loading ~/.dbt/profiles.yml
07:36:21.764070 [info ]: Cached model count updated: 3 models (estimate)
07:36:21.764200 [info ]: Cached model count updated: 3 models (accurate)
07:36:21.764305 [info ]: Started scheduling
07:36:21.764436 [info ]: Finished scheduling [  0.00s]
07:36:21.764498 [debug]: Compilation - 0 nodes selected: {}
07:36:21.764583 [warn ]: [NoNodesForSelectionCriteria (dbt1092)]: The selection criterion '+source:olist_dbt.olist_dataset.olist_orders_dataset' does not match any enabled nodes
07:36:21.764641 [warn ]: [NoNodesSelected (dbt1601)]: Nothing to do. Try checking your model configs and model specification args
07:36:21.767826 [info ]: Started building task graph
07:36:21.768036 [info ]: Finished building task graph [  0.00s]
07:36:21.798572 [info ]: Started scheduling
07:36:21.798656 [info ]: Finished scheduling [  0.00s]
07:36:21.798772 [info ]: Cached model count updated: 3 models (accurate)
07:36:21.798790 [info ]: Finished loading project [  0.13s]
07:36:21.798833 [info ]: 
==================== Execution Summary =====================
Finished 'compile' with 2 warnings for target 'dev' [129ms]
==================== 2026-09-11T07:36:23.098610Z | 3d20ee9d-ba11-4598-897f-2482afc915b0 ====================
07:36:23.098699 [info ]: Started loading project
07:36:23.099422 [info ]: Loading ~/.dbt/profiles.yml
07:36:23.137814 [info ]: Cached model count updated: 3 models (estimate)
07:36:23.137834 [info ]: Cached model count updated: 3 models (accurate)
07:36:23.137866 [info ]: Started scheduling
07:36:23.137913 [info ]: Finished scheduling [  0.00s]
07:36:23.137925 [debug]: Compilation - 0 nodes selected: {}
07:36:23.137947 [warn ]: [NoNodesForSelectionCriteria (dbt1092)]: The selection criterion '+source:olist_dbt.olist_dataset.olist_orders_dataset' does not match any enabled nodes
07:36:23.137959 [warn ]: [NoNodesSelected (dbt1601)]: Nothing to do. Try checking your model configs and model specification args
07:36:23.139059 [info ]: Started building task graph
07:36:23.139075 [info ]: Finished building task graph [  0.00s]
07:36:23.146615 [info ]: Started scheduling
07:36:23.146655 [info ]: Finished scheduling [  0.00s]
07:36:23.146724 [info ]: Cached model count updated: 3 models (accurate)
07:36:23.146815 [info ]: Finished loading project [  0.05s]
07:36:23.146852 [info ]: 
==================== Execution Summary =====================
Finished 'compile' with 2 warnings for target 'dev' [48ms]
==================== 2026-09-11T07:36:23.309628Z | 41dc356a-556e-453b-823f-f89cc738fc60 ====================
07:36:23.309733 [info ]: Started loading project
07:36:23.310788 [info ]: Loading ~/.dbt/profiles.yml
07:36:23.345614 [info ]: Cached model count updated: 3 models (estimate)
07:36:23.345634 [info ]: Cached model count updated: 3 models (accurate)
07:36:23.345664 [info ]: Started scheduling
07:36:23.345715 [info ]: Finished scheduling [  0.00s]
07:36:23.345728 [debug]: Compilation - 0 nodes selected: {}
07:36:23.345749 [warn ]: [NoNodesForSelectionCriteria (dbt1092)]: The selection criterion '+source:olist_dbt.olist_dataset.olist_orders_dataset' does not match any enabled nodes
07:36:23.345761 [warn ]: [NoNodesSelected (dbt1601)]: Nothing to do. Try checking your model configs and model specification args
07:36:23.346855 [info ]: Started building task graph
07:36:23.346871 [info ]: Finished building task graph [  0.00s]
07:36:23.353784 [info ]: Started scheduling
07:36:23.353824 [info ]: Finished scheduling [  0.00s]
07:36:23.353880 [info ]: Cached model count updated: 3 models (accurate)
07:36:23.354034 [info ]: Finished loading project [  0.04s]
07:36:23.354084 [info ]: 
==================== Execution Summary =====================
Finished 'compile' with 2 warnings for target 'dev' [44ms]
==================== 2026-09-11T07:36:24.932384Z | d0bf0dc8-8c92-44b7-8c65-a8f016e95d89 ====================
07:36:24.932465 [info ]: Started loading project
07:36:24.933182 [info ]: Loading ~/.dbt/profiles.yml
07:36:24.975741 [info ]: Cached model count updated: 3 models (estimate)
07:36:24.975804 [info ]: Cached model count updated: 3 models (accurate)
07:36:24.975875 [info ]: Started scheduling
07:36:24.976002 [info ]: Finished scheduling [  0.00s]
07:36:24.976099 [debug]: Compilation - 2 nodes selected: {"model.olist_dbt.my_first_dbt_model", "model.olist_dbt.my_second_dbt_model"}
07:36:24.977991 [info ]: Started building task graph
07:36:24.978126 [info ]: Finished building task graph [  0.00s]
07:36:24.982082 [info ]: Started rendering (2 nodes)
07:36:24.982122 [info ]: Started model olist_dataset.my_second_dbt_model
07:36:24.982134 [debug]: Started rendering model olist_dataset.my_second_dbt_model
07:36:24.982176 [info ]: Started model olist_dataset.my_first_dbt_model
07:36:24.982192 [debug]: Started rendering model olist_dataset.my_first_dbt_model
07:36:24.982264 [info ]: Finished loading project [  0.05s]
07:36:24.983955 [debug]: Compiled SQL for node model.olist_dbt.my_second_dbt_model at target\.lsp\compiled\olist_dbt\models\example\my_second_dbt_model.sql
07:36:24.983954 [debug]: Compiled SQL for node model.olist_dbt.my_first_dbt_model at target\.lsp\compiled\olist_dbt\models\example\my_first_dbt_model.sql
07:36:24.984118 [debug]: Finished rendering [  0.00s] model olist_dataset.my_first_dbt_model [success]
07:36:24.984178 [info ]: Started analyzing (2 nodes)
07:36:24.984199 [debug]: Started analyzing model olist_dataset.my_first_dbt_model
07:36:24.984237 [debug]: Finished rendering [  0.00s] model olist_dataset.my_second_dbt_model [success]
07:36:24.984261 [info ]: Finished rendering [  0.00s] (2 nodes, 0 skipped, 0 errors)
07:36:24.984280 [debug]: Started analyzing model olist_dataset.my_second_dbt_model
07:36:24.984552 [debug]: Finished analyzing [  0.00s] model olist_dataset.my_first_dbt_model [success]
07:36:24.984581 [info ]:  Succeeded [  0.00s] model olist_dataset.my_first_dbt_model (table)
07:36:24.984639 [debug]: Finished analyzing [  0.00s] model olist_dataset.my_second_dbt_model [success]
07:36:24.984657 [info ]: Finished analyzing [  0.00s] (2 nodes, 0 skipped, 0 errors)
07:36:24.984666 [info ]:  Succeeded [  0.00s] model olist_dataset.my_second_dbt_model (view)
07:36:24.993210 [info ]: Started scheduling
07:36:24.993269 [info ]: Finished scheduling [  0.00s]
07:36:24.993334 [info ]: 
==================== Execution Summary =====================
Finished 'compile' successfully for target 'dev' [60ms]
Processed: 2 models
Summary: 2 total | 2 success
07:36:24.993437 [info ]: Cached model count updated: 3 models (accurate)
==================== 2026-09-11T07:37:53.703086Z | 4b493ad2-2423-464e-a90f-f913553123c8 ====================
07:37:53.703259 [info ]: Started loading project
07:37:53.704405 [info ]: Loading ~/.dbt/profiles.yml
07:37:53.851841 [info ]: Cached model count updated: 3 models (estimate)
07:37:53.851874 [info ]: Cached model count updated: 3 models (accurate)
07:37:53.851939 [info ]: Started scheduling
07:37:53.852034 [info ]: Finished scheduling [  0.00s]
07:37:53.852064 [debug]: Compilation - 0 nodes selected: {}
07:37:53.852115 [warn ]: [NoNodesForSelectionCriteria (dbt1092)]: The selection criterion '+source:olist_dbt.olist_dataset.olist_orders_dataset' does not match any enabled nodes
07:37:53.852142 [warn ]: [NoNodesSelected (dbt1601)]: Nothing to do. Try checking your model configs and model specification args
07:37:53.855000 [info ]: Started building task graph
07:37:53.855069 [info ]: Finished building task graph [  0.00s]
07:37:53.897664 [info ]: Started scheduling
07:37:53.897816 [info ]: Finished scheduling [  0.00s]
07:37:53.898046 [info ]: Cached model count updated: 3 models (accurate)
07:37:53.898148 [info ]: Finished loading project [  0.19s]
07:37:53.898185 [info ]: 
==================== Execution Summary =====================
Finished 'compile' with 2 warnings for target 'dev' [195ms]
==================== 2026-09-11T07:37:55.629684Z | 98ff7ddc-72f7-4d0b-8b38-a3d79532ce1f ====================
07:37:55.629774 [info ]: Started loading project
07:37:55.630514 [info ]: Loading ~/.dbt/profiles.yml
07:37:55.679634 [info ]: Cached model count updated: 3 models (accurate)
07:37:55.679767 [info ]: Finished loading project [  0.05s]
07:37:55.679804 [info ]: 
==================== Execution Summary =====================
Finished 'compile' successfully for target 'dev' [50ms]
==================== 2026-09-11T07:37:55.722265Z | 492255c8-b446-4c63-aee1-7d57dce1e2df ====================
07:37:55.722368 [info ]: Started loading project
07:37:55.723655 [info ]: Loading ~/.dbt/profiles.yml
07:37:55.764672 [info ]: Cached model count updated: 3 models (estimate)
07:37:55.764695 [info ]: Cached model count updated: 3 models (accurate)
07:37:55.764734 [info ]: Started scheduling
07:37:55.764787 [info ]: Finished scheduling [  0.00s]
07:37:55.764814 [debug]: Compilation - 0 nodes selected: {}
07:37:55.764846 [warn ]: [NoNodesForSelectionCriteria (dbt1092)]: The selection criterion '+source:olist_dbt.olist_dataset.olist_orders_dataset' does not match any enabled nodes
07:37:55.764863 [warn ]: [NoNodesSelected (dbt1601)]: Nothing to do. Try checking your model configs and model specification args
07:37:55.766147 [info ]: Started building task graph
07:37:55.766170 [info ]: Finished building task graph [  0.00s]
07:37:55.774951 [info ]: Started scheduling
07:37:55.775039 [info ]: Finished scheduling [  0.00s]
07:37:55.775170 [info ]: Cached model count updated: 3 models (accurate)
07:37:55.775233 [info ]: Finished loading project [  0.05s]
07:37:55.775272 [info ]: 
==================== Execution Summary =====================
Finished 'compile' with 2 warnings for target 'dev' [53ms]
==================== 2026-09-11T07:37:55.868697Z | 9376f434-4ead-4b7c-816f-3850040985a2 ====================
07:37:55.868801 [info ]: Started loading project
07:37:55.869557 [info ]: Loading ~/.dbt/profiles.yml
07:37:55.909457 [info ]: Cached model count updated: 3 models (estimate)
07:37:55.909504 [info ]: Cached model count updated: 3 models (accurate)
07:37:55.909591 [info ]: Started scheduling
07:37:55.909692 [info ]: Finished scheduling [  0.00s]
07:37:55.909727 [debug]: Compilation - 0 nodes selected: {}
07:37:55.909775 [warn ]: [NoNodesForSelectionCriteria (dbt1092)]: The selection criterion '+source:olist_dbt.olist_dataset.olist_orders_dataset' does not match any enabled nodes
07:37:55.909793 [warn ]: [NoNodesSelected (dbt1601)]: Nothing to do. Try checking your model configs and model specification args
07:37:55.911299 [info ]: Started building task graph
07:37:55.911331 [info ]: Finished building task graph [  0.00s]
07:37:55.918952 [info ]: Started scheduling
07:37:55.918997 [info ]: Finished scheduling [  0.00s]
07:37:55.919087 [info ]: Cached model count updated: 3 models (accurate)
07:37:55.919167 [info ]: Finished loading project [  0.05s]
07:37:55.919195 [info ]: 
==================== Execution Summary =====================
Finished 'compile' with 2 warnings for target 'dev' [50ms]
==================== 2026-09-11T07:37:57.602357Z | a93005dc-612d-4bd0-b19a-3b0bd6f65640 ====================
07:37:57.602510 [info ]: Started loading project
07:37:57.603567 [info ]: Loading ~/.dbt/profiles.yml
07:37:57.654586 [info ]: Cached model count updated: 3 models (estimate)
07:37:57.654616 [info ]: Cached model count updated: 3 models (accurate)
07:37:57.654697 [info ]: Started scheduling
07:37:57.654825 [info ]: Finished scheduling [  0.00s]
07:37:57.654861 [debug]: Compilation - 2 nodes selected: {"model.olist_dbt.my_first_dbt_model", "model.olist_dbt.my_second_dbt_model"}
07:37:57.659392 [info ]: Started building task graph
07:37:57.659506 [info ]: Finished building task graph [  0.00s]
07:37:57.663412 [info ]: Started rendering (2 nodes)
07:37:57.663456 [info ]: Started model olist_dataset.my_second_dbt_model
07:37:57.663471 [debug]: Started rendering model olist_dataset.my_second_dbt_model
07:37:57.663515 [info ]: Started model olist_dataset.my_first_dbt_model
07:37:57.663531 [debug]: Started rendering model olist_dataset.my_first_dbt_model
07:37:57.663567 [info ]: Finished loading project [  0.06s]
07:37:57.664362 [debug]: Compiled SQL for node model.olist_dbt.my_second_dbt_model at target\.lsp\compiled\olist_dbt\models\example\my_second_dbt_model.sql
07:37:57.664508 [debug]: Finished rendering [  0.00s] model olist_dataset.my_second_dbt_model [success]
07:37:57.664574 [info ]: Started analyzing (2 nodes)
07:37:57.664594 [debug]: Started analyzing model olist_dataset.my_second_dbt_model
07:37:57.664654 [debug]: Compiled SQL for node model.olist_dbt.my_first_dbt_model at target\.lsp\compiled\olist_dbt\models\example\my_first_dbt_model.sql
07:37:57.664722 [debug]: Finished rendering [  0.00s] model olist_dataset.my_first_dbt_model [success]
07:37:57.664743 [info ]: Finished rendering [  0.00s] (2 nodes, 0 skipped, 0 errors)
07:37:57.664764 [debug]: Started analyzing model olist_dataset.my_first_dbt_model
07:37:57.665005 [debug]: Finished analyzing [  0.00s] model olist_dataset.my_first_dbt_model [success]
07:37:57.665023 [info ]:  Succeeded [  0.00s] model olist_dataset.my_first_dbt_model (table)
07:37:57.665057 [debug]: Finished analyzing [  0.00s] model olist_dataset.my_second_dbt_model [success]
07:37:57.665066 [info ]: Finished analyzing [  0.00s] (2 nodes, 0 skipped, 0 errors)
07:37:57.665073 [info ]:  Succeeded [  0.00s] model olist_dataset.my_second_dbt_model (view)
07:37:57.671173 [info ]: Started scheduling
07:37:57.671290 [info ]: Finished scheduling [  0.00s]
07:37:57.671384 [info ]: 
==================== Execution Summary =====================
Finished 'compile' successfully for target 'dev' [69ms]
Processed: 2 models
Summary: 2 total | 2 success
07:37:57.671551 [info ]: Cached model count updated: 3 models (accurate)
==================== 2026-09-11T07:54:12.788388Z | 84bc13cf-eec2-4214-9f22-f61151ba1aa2 ====================
07:54:12.788710 [info ]: Started loading project
07:54:12.790662 [info ]: Loading ~/.dbt/profiles.yml
07:54:12.880172 [info ]: Started parsing
07:54:12.984825 [info ]: Finished loading project [  0.20s]
07:54:12.987432 [debug]: Finished parsing models/example/sources.yml [  0.00s]
07:54:13.172233 [info ]: Finished parsing [  0.29s]
07:54:13.178121 [info ]: Cached model count updated: 3 models (estimate)
07:54:13.178176 [info ]: Cached model count updated: 3 models (accurate)
07:54:13.178265 [info ]: Started scheduling
07:54:13.178374 [info ]: Finished scheduling [  0.00s]
07:54:13.178407 [debug]: Compilation - 0 nodes selected: {}
07:54:13.178486 [warn ]: [NoNodesForSelectionCriteria (dbt1092)]: The selection criterion '+source:olist_dbt.olist_raw.olist_orders_dataset +source:olist_dbt.olist_dataset.olist_orders_dataset' does not match any enabled nodes
07:54:13.178576 [warn ]: [NoNodesSelected (dbt1601)]: Nothing to do. Try checking your model configs and model specification args
07:54:13.180304 [info ]: Started building task graph
07:54:13.180334 [info ]: Finished building task graph [  0.00s]
07:54:13.188916 [info ]: Started scheduling
07:54:13.188968 [info ]: Finished scheduling [  0.00s]
07:54:13.189893 [info ]: 
==================== Execution Summary =====================
Finished 'compile' with 2 warnings for target 'dev' [401ms]
07:54:13.189964 [info ]: Cached model count updated: 3 models (accurate)
==================== 2026-09-11T07:54:14.867841Z | 15370776-f978-4ee4-947e-e4b1a1458ae2 ====================
07:54:14.868000 [info ]: Started loading project
07:54:14.868737 [info ]: Loading ~/.dbt/profiles.yml
07:54:14.903688 [info ]: Cached model count updated: 3 models (estimate)
07:54:14.903710 [info ]: Cached model count updated: 3 models (accurate)
07:54:14.903740 [info ]: Started scheduling
07:54:14.903795 [info ]: Finished scheduling [  0.00s]
07:54:14.903810 [debug]: Compilation - 2 nodes selected: {"model.olist_dbt.my_first_dbt_model", "model.olist_dbt.my_second_dbt_model"}
07:54:14.904934 [info ]: Started building task graph
07:54:14.904974 [info ]: Finished building task graph [  0.00s]
07:54:14.908919 [info ]: Started rendering (2 nodes)
07:54:14.908954 [info ]: Started model olist_dataset.my_second_dbt_model
07:54:14.908967 [debug]: Started rendering model olist_dataset.my_second_dbt_model
07:54:14.909013 [info ]: Started model olist_dataset.my_first_dbt_model
07:54:14.909035 [debug]: Started rendering model olist_dataset.my_first_dbt_model
07:54:14.909087 [info ]: Finished loading project [  0.04s]
07:54:14.910202 [debug]: Compiled SQL for node model.olist_dbt.my_first_dbt_model at target\.lsp\compiled\olist_dbt\models\example\my_first_dbt_model.sql
07:54:14.910368 [debug]: Finished rendering [  0.00s] model olist_dataset.my_first_dbt_model [success]
07:54:14.910426 [info ]: Started analyzing (2 nodes)
07:54:14.910446 [debug]: Started analyzing model olist_dataset.my_first_dbt_model
07:54:14.910550 [debug]: Compiled SQL for node model.olist_dbt.my_second_dbt_model at target\.lsp\compiled\olist_dbt\models\example\my_second_dbt_model.sql
07:54:14.910646 [debug]: Finished rendering [  0.00s] model olist_dataset.my_second_dbt_model [success]
07:54:14.910667 [info ]: Finished rendering [  0.00s] (2 nodes, 0 skipped, 0 errors)
07:54:14.910698 [debug]: Started analyzing model olist_dataset.my_second_dbt_model
07:54:14.911957 [debug]: Finished analyzing [  0.00s] model olist_dataset.my_first_dbt_model [success]
07:54:14.911990 [info ]:  Succeeded [  0.00s] model olist_dataset.my_first_dbt_model (table)
07:54:14.912172 [debug]: Finished analyzing [  0.00s] model olist_dataset.my_second_dbt_model [success]
07:54:14.912192 [info ]: Finished analyzing [  0.00s] (2 nodes, 0 skipped, 0 errors)
07:54:14.912201 [info ]:  Succeeded [  0.00s] model olist_dataset.my_second_dbt_model (view)
07:54:14.915871 [info ]: Started scheduling
07:54:14.915912 [info ]: Finished scheduling [  0.00s]
07:54:14.915969 [info ]: 
==================== Execution Summary =====================
Finished 'compile' successfully for target 'dev' [48ms]
Processed: 2 models
Summary: 2 total | 2 success
07:54:14.916078 [info ]: Cached model count updated: 3 models (accurate)
==================== 2026-09-11T07:57:42.874886Z | 49ecd722-e603-436b-a489-b2bcfe097aec ====================
07:57:42.875110 [info ]: Started loading project
07:57:42.877308 [info ]: Loading ~/.dbt/profiles.yml
07:57:42.918036 [info ]: Started parsing
07:57:43.016880 [info ]: Finished loading project [  0.14s]
07:57:43.018413 [debug]: Finished parsing models/example/sources.yml [  0.00s]
07:57:43.141854 [info ]: Finished parsing [  0.22s]
07:57:43.149622 [info ]: Cached model count updated: 3 models (estimate)
07:57:43.149640 [info ]: Cached model count updated: 3 models (accurate)
07:57:43.149681 [info ]: Started scheduling
07:57:43.149756 [info ]: Finished scheduling [  0.00s]
07:57:43.149771 [debug]: Compilation - 0 nodes selected: {}
07:57:43.149802 [warn ]: [NoNodesForSelectionCriteria (dbt1092)]: The selection criterion '+source:olist_dbt.olist_raw.olist_customers_dataset +source:olist_dbt.olist_raw.olist_order_reviews_dataset +source:olist_dbt.olist_raw.olist_orders_dataset +source:olist_dbt.olist_raw.olist_order_items_dataset +source:olist_dbt.olist_raw.olist_products_dataset +source:olist_dbt.olist_raw.olist_order_payments_dataset' does not match any enabled nodes
07:57:43.149816 [warn ]: [NoNodesSelected (dbt1601)]: Nothing to do. Try checking your model configs and model specification args
07:57:43.151865 [info ]: Started building task graph
07:57:43.151897 [info ]: Finished building task graph [  0.00s]
07:57:43.160862 [info ]: Started scheduling
07:57:43.160942 [info ]: Finished scheduling [  0.00s]
07:57:43.161469 [info ]: 
==================== Execution Summary =====================
Finished 'compile' with 2 warnings for target 'dev' [286ms]
07:57:43.161539 [info ]: Cached model count updated: 3 models (accurate)
==================== 2026-09-11T07:57:44.881333Z | b85bc88a-86da-4be6-ac24-d51ce69e8e21 ====================
07:57:44.881451 [info ]: Started loading project
07:57:44.883025 [info ]: Loading ~/.dbt/profiles.yml
07:57:44.919498 [info ]: Cached model count updated: 3 models (estimate)
07:57:44.919516 [info ]: Cached model count updated: 3 models (accurate)
07:57:44.919548 [info ]: Started scheduling
07:57:44.919601 [info ]: Finished scheduling [  0.00s]
07:57:44.919614 [debug]: Compilation - 2 nodes selected: {"model.olist_dbt.my_first_dbt_model", "model.olist_dbt.my_second_dbt_model"}
07:57:44.920756 [info ]: Started building task graph
07:57:44.920793 [info ]: Finished building task graph [  0.00s]
07:57:44.924028 [info ]: Started rendering (2 nodes)
07:57:44.924048 [info ]: Started model olist_dataset.my_second_dbt_model
07:57:44.924058 [debug]: Started rendering model olist_dataset.my_second_dbt_model
07:57:44.924080 [info ]: Started model olist_dataset.my_first_dbt_model
07:57:44.924087 [debug]: Started rendering model olist_dataset.my_first_dbt_model
07:57:44.924112 [info ]: Finished loading project [  0.04s]
07:57:44.925176 [debug]: Compiled SQL for node model.olist_dbt.my_first_dbt_model at target\.lsp\compiled\olist_dbt\models\example\my_first_dbt_model.sql
07:57:44.925380 [debug]: Compiled SQL for node model.olist_dbt.my_second_dbt_model at target\.lsp\compiled\olist_dbt\models\example\my_second_dbt_model.sql
07:57:44.925507 [debug]: Finished rendering [  0.00s] model olist_dataset.my_first_dbt_model [success]
07:57:44.925728 [info ]: Started analyzing (2 nodes)
07:57:44.925797 [debug]: Started analyzing model olist_dataset.my_first_dbt_model
07:57:44.925874 [debug]: Finished rendering [  0.00s] model olist_dataset.my_second_dbt_model [success]
07:57:44.925899 [info ]: Finished rendering [  0.00s] (2 nodes, 0 skipped, 0 errors)
07:57:44.925918 [debug]: Started analyzing model olist_dataset.my_second_dbt_model
07:57:44.926208 [debug]: Finished analyzing [  0.00s] model olist_dataset.my_first_dbt_model [success]
07:57:44.926241 [info ]:  Succeeded [  0.00s] model olist_dataset.my_first_dbt_model (table)
07:57:44.926324 [debug]: Finished analyzing [  0.00s] model olist_dataset.my_second_dbt_model [success]
07:57:44.926338 [info ]: Finished analyzing [  0.00s] (2 nodes, 0 skipped, 0 errors)
07:57:44.926345 [info ]:  Succeeded [  0.00s] model olist_dataset.my_second_dbt_model (view)
07:57:44.931391 [info ]: Started scheduling
07:57:44.931439 [info ]: Finished scheduling [  0.00s]
07:57:44.931505 [info ]: 
==================== Execution Summary =====================
Finished 'compile' successfully for target 'dev' [50ms]
Processed: 2 models
Summary: 2 total | 2 success
07:57:44.931633 [info ]: Cached model count updated: 3 models (accurate)
==================== 2026-09-11T07:58:40.408040Z | 2d139d40-f763-4374-9113-a4eda458c2ae ====================
07:58:40.408133 [info ]: Started loading project
07:58:40.409730 [info ]: Loading ~/.dbt/profiles.yml
07:58:40.439783 [info ]: Started parsing
07:58:40.554873 [info ]: Finished loading project [  0.15s]
07:58:40.562954 [debug]: Finished parsing models/example/staging/stg_orders.sql [  0.01s]
07:58:40.702272 [info ]: Finished parsing [  0.26s]
07:58:40.713926 [info ]: 
==================== Execution Summary =====================
Finished 'compile' successfully for target 'dev' [305ms]
07:58:40.714157 [info ]: Cached model count updated: 3 models (accurate)
==================== 2026-09-11T07:58:40.758291Z | 546fed17-a71d-445f-a3d3-3ff1a45dfdb9 ====================
07:58:40.758422 [info ]: Started loading project
07:58:40.760791 [info ]: Loading ~/.dbt/profiles.yml
07:58:40.784814 [info ]: Started parsing
07:58:40.902609 [info ]: Finished loading project [  0.14s]
07:58:40.907045 [debug]: Finished parsing models/example/staging/stg_orders.sql [  0.00s]
07:58:41.040286 [info ]: Finished parsing [  0.26s]
07:58:41.044149 [info ]: Cached model count updated: 3 models (estimate)
07:58:41.044177 [info ]: Cached model count updated: 3 models (accurate)
07:58:41.044225 [info ]: Started scheduling
07:58:41.044311 [info ]: Finished scheduling [  0.00s]
07:58:41.044327 [debug]: Compilation - 1 nodes selected: {"model.olist_dbt.stg_orders"}
07:58:41.047791 [info ]: Started building task graph
07:58:41.047858 [info ]: Finished building task graph [  0.00s]
07:58:41.051209 [info ]: Started rendering (1 nodes)
07:58:41.051233 [info ]: Started model olist_dataset.stg_orders
07:58:41.051244 [debug]: Started rendering model olist_dataset.stg_orders
07:58:41.054184 [debug]: Compiled SQL for node model.olist_dbt.stg_orders at target\.lsp\compiled\olist_dbt\models\example\staging\stg_orders.sql
07:58:41.054394 [debug]: Finished rendering [  0.00s] model olist_dataset.stg_orders [success]
07:58:41.054439 [info ]: Finished rendering [  0.00s] (1 nodes, 0 skipped, 0 errors)
07:58:41.054478 [info ]: Started analyzing (1 nodes)
07:58:41.054486 [debug]: Started analyzing model olist_dataset.stg_orders
07:58:41.079837 [debug]: Finished analyzing [  0.03s] model olist_dataset.stg_orders [success]
07:58:41.079867 [info ]: Finished analyzing [  0.03s] (1 nodes, 0 skipped, 0 errors)
07:58:41.079877 [info ]:  Succeeded [  0.03s] model olist_dataset.stg_orders (view)
07:58:41.085438 [info ]: Started scheduling
07:58:41.085514 [info ]: Finished scheduling [  0.00s]
07:58:41.086087 [info ]: 
==================== Execution Summary =====================
Finished 'compile' successfully for target 'dev' [327ms]
Processed: 1 model
Summary: 1 total | 1 success
07:58:41.086160 [info ]: Cached model count updated: 3 models (accurate)
==================== 2026-09-11T07:58:42.763900Z | f11b12d7-b0bd-483e-850d-7f1edfc9a843 ====================
07:58:42.763984 [info ]: Started loading project
07:58:42.765348 [info ]: Loading ~/.dbt/profiles.yml
07:58:42.812286 [info ]: Cached model count updated: 3 models (estimate)
07:58:42.812304 [info ]: Cached model count updated: 3 models (accurate)
07:58:42.812337 [info ]: Started scheduling
07:58:42.812397 [info ]: Finished scheduling [  0.00s]
07:58:42.812411 [debug]: Compilation - 3 nodes selected: {"model.olist_dbt.my_first_dbt_model", "model.olist_dbt.my_second_dbt_model", "model.olist_dbt.stg_orders"}
07:58:42.815303 [info ]: Started building task graph
07:58:42.815349 [info ]: Finished building task graph [  0.00s]
07:58:42.818712 [info ]: Started rendering (3 nodes)
07:58:42.818729 [info ]: Started model olist_dataset.stg_orders
07:58:42.818739 [debug]: Started rendering model olist_dataset.stg_orders
07:58:42.818759 [info ]: Started model olist_dataset.my_second_dbt_model
07:58:42.818765 [debug]: Started rendering model olist_dataset.my_second_dbt_model
07:58:42.818786 [info ]: Started model olist_dataset.my_first_dbt_model
07:58:42.818792 [debug]: Started rendering model olist_dataset.my_first_dbt_model
07:58:42.818852 [info ]: Finished loading project [  0.05s]
07:58:42.819643 [debug]: Compiled SQL for node model.olist_dbt.stg_orders at target\.lsp\compiled\olist_dbt\models\example\staging\stg_orders.sql
07:58:42.819831 [debug]: Finished rendering [  0.00s] model olist_dataset.stg_orders [success]
07:58:42.819892 [info ]: Started analyzing (3 nodes)
07:58:42.819900 [debug]: Started analyzing model olist_dataset.stg_orders
07:58:42.820049 [debug]: Compiled SQL for node model.olist_dbt.my_second_dbt_model at target\.lsp\compiled\olist_dbt\models\example\my_second_dbt_model.sql
07:58:42.820124 [debug]: Compiled SQL for node model.olist_dbt.my_first_dbt_model at target\.lsp\compiled\olist_dbt\models\example\my_first_dbt_model.sql
07:58:42.820150 [debug]: Finished rendering [  0.00s] model olist_dataset.my_second_dbt_model [success]
07:58:42.820186 [debug]: Started analyzing model olist_dataset.my_second_dbt_model
07:58:42.820228 [debug]: Finished rendering [  0.00s] model olist_dataset.my_first_dbt_model [success]
07:58:42.820261 [info ]: Finished rendering [  0.00s] (3 nodes, 0 skipped, 0 errors)
07:58:42.820275 [debug]: Started analyzing model olist_dataset.my_first_dbt_model
07:58:42.820345 [debug]: Finished analyzing [  0.00s] model olist_dataset.stg_orders [success]
07:58:42.820362 [info ]:  Succeeded [  0.00s] model olist_dataset.stg_orders (view)
07:58:42.820435 [debug]: Finished analyzing [  0.00s] model olist_dataset.my_first_dbt_model [success]
07:58:42.820450 [info ]:  Succeeded [  0.00s] model olist_dataset.my_first_dbt_model (table)
07:58:42.821245 [debug]: Finished analyzing [  0.00s] model olist_dataset.my_second_dbt_model [success]
07:58:42.821260 [info ]: Finished analyzing [  0.00s] (3 nodes, 0 skipped, 0 errors)
07:58:42.821266 [info ]:  Succeeded [  0.00s] model olist_dataset.my_second_dbt_model (view)
07:58:42.825508 [info ]: Started scheduling
07:58:42.825681 [info ]: Finished scheduling [  0.00s]
07:58:42.825812 [info ]: 
==================== Execution Summary =====================
Finished 'compile' successfully for target 'dev' [61ms]
Processed: 3 models
Summary: 3 total | 3 success
07:58:42.825926 [info ]: Cached model count updated: 3 models (accurate)
==================== 2026-09-11T08:02:21.356696Z | 3624ec7f-89a0-4d6c-adeb-1e0922274511 ====================
08:02:21.356816 [info ]: Started loading project
08:02:21.357662 [info ]: Loading ~/.dbt/profiles.yml
==================== 2026-09-11T08:02:21.377552Z | f2ddff81-8c4c-45b3-8d93-436b2daaa8ac ====================
08:02:21.377680 [info ]: Started loading project
08:02:21.378496 [info ]: Loading ~/.dbt/profiles.yml
08:02:21.378590 [info ]: Finished loading project [  0.02s]
08:02:21.387029 [debug]:    Started loading packages
08:02:21.394572 [debug]:     Loaded [  0.01s] packages
08:02:21.395558 [info ]: Finished loading project [  0.02s]
08:02:21.395813 [info ]: Started parsing
08:02:21.445457 [debug]: Finished parsing models/example/schema.yml [  0.00s]
08:02:21.446257 [debug]: Finished parsing models/example/sources.yml [  0.00s]
08:02:21.449011 [debug]: Finished parsing models/example/my_first_dbt_model.sql [  0.00s]
08:02:21.450749 [debug]: Finished parsing models/example/my_second_dbt_model.sql [  0.00s]
08:02:21.451528 [debug]: Finished parsing models/stg_orders.sql [  0.00s]
08:02:21.573984 [info ]: Finished parsing [  0.18s]
08:02:21.574921 [info ]: Cached model count updated: 3 models (estimate)
08:02:21.574933 [info ]: Cached model count updated: 3 models (accurate)
08:02:21.574961 [info ]: Started scheduling
08:02:21.574997 [info ]: Finished scheduling [  0.00s]
08:02:21.575009 [debug]: Compilation - 0 nodes selected: {}
08:02:21.575038 [warn ]: [NoNodesForSelectionCriteria (dbt1092)]: The selection criterion '' does not match any enabled nodes
08:02:21.575050 [warn ]: [NoNodesSelected (dbt1601)]: Nothing to do. Try checking your model configs and model specification args
08:02:21.575058 [info ]: Started scheduling
08:02:21.575100 [info ]: Finished scheduling [  0.00s]
08:02:21.579281 [debug]: Initializing schema store with entry: Frontier(CanonicalFqn { catalog: "latihan-data-505310", schema: "olist_raw", table: "olist_orders_dataset" }) and interval: None
08:02:21.582046 [info ]: Started building task graph
08:02:21.582103 [info ]: Finished building task graph [  0.00s]
08:02:21.589273 [info ]: Started scheduling
08:02:21.589316 [info ]: Finished scheduling [  0.00s]
08:02:21.589428 [info ]: 
==================== Execution Summary =====================
Finished 'compile' with 2 warnings for target 'dev' [211ms]
08:02:21.589471 [info ]: 
==================== Execution Summary =====================
Finished 'compile' successfully for target 'dev' [232ms]
08:02:21.594498 [info ]: Cached model count updated: 3 models (accurate)
==================== 2026-09-11T08:02:21.672443Z | 5423991c-3a25-4123-be29-0c295ebacd5a ====================
08:02:21.672530 [info ]: Started loading project
08:02:21.673289 [info ]: Loading ~/.dbt/profiles.yml
08:02:21.710870 [info ]: Cached model count updated: 3 models (estimate)
08:02:21.710897 [info ]: Cached model count updated: 3 models (accurate)
08:02:21.710949 [info ]: Started scheduling
08:02:21.711117 [info ]: Finished scheduling [  0.00s]
08:02:21.711139 [debug]: Compilation - 1 nodes selected: {"model.olist_dbt.stg_orders"}
08:02:21.713111 [info ]: Started building task graph
08:02:21.713164 [info ]: Finished building task graph [  0.00s]
08:02:21.716685 [info ]: Started rendering (1 nodes)
08:02:21.716717 [info ]: Started model olist_dataset.stg_orders
08:02:21.716728 [debug]: Started rendering model olist_dataset.stg_orders
08:02:21.716788 [info ]: Finished loading project [  0.04s]
08:02:21.718783 [debug]: Compiled SQL for node model.olist_dbt.stg_orders at target\.lsp\compiled\olist_dbt\models\stg_orders.sql
08:02:21.718972 [debug]: Finished rendering [  0.00s] model olist_dataset.stg_orders [success]
08:02:21.719010 [info ]: Finished rendering [  0.00s] (1 nodes, 0 skipped, 0 errors)
08:02:21.719071 [info ]: Started analyzing (1 nodes)
08:02:21.719092 [debug]: Started analyzing model olist_dataset.stg_orders
08:02:21.719921 [debug]: Finished analyzing [  0.00s] model olist_dataset.stg_orders [success]
08:02:21.719967 [info ]: Finished analyzing [  0.00s] (1 nodes, 0 skipped, 0 errors)
08:02:21.719987 [info ]:  Succeeded [  0.00s] model olist_dataset.stg_orders (view)
08:02:21.723288 [info ]: Started scheduling
08:02:21.723341 [info ]: Finished scheduling [  0.00s]
08:02:21.723390 [info ]: 
==================== Execution Summary =====================
Finished 'compile' successfully for target 'dev' [50ms]
Processed: 1 model
Summary: 1 total | 1 success
08:02:21.723450 [info ]: Cached model count updated: 3 models (accurate)
==================== 2026-09-11T08:02:23.381633Z | d5dd2020-d7f6-45dc-a48e-22779a121dd0 ====================
08:02:23.381696 [info ]: Started loading project
08:02:23.382508 [info ]: Loading ~/.dbt/profiles.yml
08:02:23.417017 [info ]: Cached model count updated: 3 models (estimate)
08:02:23.417036 [info ]: Cached model count updated: 3 models (accurate)
08:02:23.417068 [info ]: Started scheduling
08:02:23.417129 [info ]: Finished scheduling [  0.00s]
08:02:23.417144 [debug]: Compilation - 3 nodes selected: {"model.olist_dbt.my_first_dbt_model", "model.olist_dbt.my_second_dbt_model", "model.olist_dbt.stg_orders"}
08:02:23.418268 [info ]: Started building task graph
08:02:23.418306 [info ]: Finished building task graph [  0.00s]
08:02:23.421582 [info ]: Started rendering (3 nodes)
08:02:23.421600 [info ]: Started model olist_dataset.stg_orders
08:02:23.421609 [debug]: Started rendering model olist_dataset.stg_orders
08:02:23.421629 [info ]: Started model olist_dataset.my_second_dbt_model
08:02:23.421635 [debug]: Started rendering model olist_dataset.my_second_dbt_model
08:02:23.421645 [info ]: Started model olist_dataset.my_first_dbt_model
08:02:23.421650 [debug]: Started rendering model olist_dataset.my_first_dbt_model
08:02:23.421724 [info ]: Finished loading project [  0.04s]
08:02:23.423340 [debug]: Compiled SQL for node model.olist_dbt.stg_orders at target\.lsp\compiled\olist_dbt\models\stg_orders.sql
08:02:23.423550 [debug]: Finished rendering [  0.00s] model olist_dataset.stg_orders [success]
08:02:23.423614 [info ]: Started analyzing (3 nodes)
08:02:23.423646 [debug]: Started analyzing model olist_dataset.stg_orders
08:02:23.424165 [debug]: Finished analyzing [  0.00s] model olist_dataset.stg_orders [success]
08:02:23.424195 [info ]:  Succeeded [  0.00s] model olist_dataset.stg_orders (view)
08:02:23.424497 [debug]: Compiled SQL for node model.olist_dbt.my_second_dbt_model at target\.lsp\compiled\olist_dbt\models\example\my_second_dbt_model.sql
08:02:23.424569 [debug]: Compiled SQL for node model.olist_dbt.my_first_dbt_model at target\.lsp\compiled\olist_dbt\models\example\my_first_dbt_model.sql
08:02:23.424658 [debug]: Finished rendering [  0.00s] model olist_dataset.my_second_dbt_model [success]
08:02:23.424726 [debug]: Started analyzing model olist_dataset.my_second_dbt_model
08:02:23.424780 [debug]: Finished rendering [  0.00s] model olist_dataset.my_first_dbt_model [success]
08:02:23.424795 [info ]: Finished rendering [  0.00s] (3 nodes, 0 skipped, 0 errors)
08:02:23.424810 [debug]: Started analyzing model olist_dataset.my_first_dbt_model
08:02:23.425019 [debug]: Finished analyzing [  0.00s] model olist_dataset.my_first_dbt_model [success]
08:02:23.425057 [info ]:  Succeeded [  0.00s] model olist_dataset.my_first_dbt_model (table)
08:02:23.425096 [debug]: Finished analyzing [  0.00s] model olist_dataset.my_second_dbt_model [success]
08:02:23.425105 [info ]: Finished analyzing [  0.00s] (3 nodes, 0 skipped, 0 errors)
08:02:23.425127 [info ]:  Succeeded [  0.00s] model olist_dataset.my_second_dbt_model (view)
08:02:23.429786 [info ]: Started scheduling
08:02:23.429968 [info ]: Finished scheduling [  0.00s]
08:02:23.430145 [info ]: 
==================== Execution Summary =====================
Finished 'compile' successfully for target 'dev' [48ms]
Processed: 3 models
Summary: 3 total | 3 success
08:02:23.430442 [info ]: Cached model count updated: 3 models (accurate)
==================== 2026-09-11T08:02:33.652634Z | 8f9d1153-1fcc-4766-8e1c-b2590b3830b4 ====================
08:02:33.652706 [info ]: Started loading project
08:02:33.653516 [info ]: Loading ~/.dbt/profiles.yml
08:02:33.688745 [info ]: Cached model count updated: 3 models (accurate)
08:02:33.688866 [info ]: Finished loading project [  0.04s]
08:02:33.688939 [info ]: 
==================== Execution Summary =====================
Finished 'compile' successfully for target 'dev' [36ms]
==================== 2026-09-11T08:02:35.569685Z | 0ca5a063-cb9f-4edc-8ef8-6c09ac9c9059 ====================
08:02:35.569857 [info ]: Started loading project
08:02:35.571202 [info ]: Loading ~/.dbt/profiles.yml
08:02:35.609714 [info ]: Cached model count updated: 3 models (estimate)
08:02:35.609741 [info ]: Cached model count updated: 3 models (accurate)
08:02:35.609793 [info ]: Started scheduling
08:02:35.609868 [info ]: Finished scheduling [  0.00s]
08:02:35.609887 [debug]: Compilation - 3 nodes selected: {"model.olist_dbt.my_first_dbt_model", "model.olist_dbt.my_second_dbt_model", "model.olist_dbt.stg_orders"}
08:02:35.611785 [info ]: Started building task graph
08:02:35.611850 [info ]: Finished building task graph [  0.00s]
08:02:35.615570 [info ]: Started rendering (3 nodes)
08:02:35.615611 [info ]: Started model olist_dataset.stg_orders
08:02:35.615625 [debug]: Started rendering model olist_dataset.stg_orders
08:02:35.615668 [info ]: Started model olist_dataset.my_second_dbt_model
08:02:35.615684 [debug]: Started rendering model olist_dataset.my_second_dbt_model
08:02:35.615703 [info ]: Started model olist_dataset.my_first_dbt_model
08:02:35.615721 [debug]: Started rendering model olist_dataset.my_first_dbt_model
08:02:35.615712 [info ]: Finished loading project [  0.05s]
08:02:35.616795 [debug]: Compiled SQL for node model.olist_dbt.my_second_dbt_model at target\.lsp\compiled\olist_dbt\models\example\my_second_dbt_model.sql
08:02:35.616993 [debug]: Compiled SQL for node model.olist_dbt.stg_orders at target\.lsp\compiled\olist_dbt\models\stg_orders.sql
08:02:35.617019 [debug]: Finished rendering [  0.00s] model olist_dataset.my_second_dbt_model [success]
08:02:35.617072 [debug]: Compiled SQL for node model.olist_dbt.my_first_dbt_model at target\.lsp\compiled\olist_dbt\models\example\my_first_dbt_model.sql
08:02:35.617096 [info ]: Started analyzing (3 nodes)
08:02:35.617122 [debug]: Started analyzing model olist_dataset.my_second_dbt_model
08:02:35.617171 [debug]: Finished rendering [  0.00s] model olist_dataset.stg_orders [success]
08:02:35.617196 [debug]: Started analyzing model olist_dataset.stg_orders
08:02:35.617237 [debug]: Finished rendering [  0.00s] model olist_dataset.my_first_dbt_model [success]
08:02:35.617255 [info ]: Finished rendering [  0.00s] (3 nodes, 0 skipped, 0 errors)
08:02:35.617276 [debug]: Started analyzing model olist_dataset.my_first_dbt_model
08:02:35.617564 [debug]: Finished analyzing [  0.00s] model olist_dataset.my_first_dbt_model [success]
08:02:35.617603 [info ]:  Succeeded [  0.00s] model olist_dataset.my_first_dbt_model (table)
08:02:35.617645 [debug]: Finished analyzing [  0.00s] model olist_dataset.my_second_dbt_model [success]
08:02:35.617659 [info ]:  Succeeded [  0.00s] model olist_dataset.my_second_dbt_model (view)
08:02:35.617690 [debug]: Finished analyzing [  0.00s] model olist_dataset.stg_orders [success]
08:02:35.617701 [info ]: Finished analyzing [  0.00s] (3 nodes, 0 skipped, 0 errors)
08:02:35.617714 [info ]:  Succeeded [  0.00s] model olist_dataset.stg_orders (view)
08:02:35.623773 [info ]: Started scheduling
08:02:35.623858 [info ]: Finished scheduling [  0.00s]
08:02:35.623944 [info ]: 
==================== Execution Summary =====================
Finished 'compile' successfully for target 'dev' [54ms]
Processed: 3 models
Summary: 3 total | 3 success
08:02:35.624109 [info ]: Cached model count updated: 3 models (accurate)
==================== 2026-09-11T08:02:47.193727Z | f3aeaecc-2aea-4619-ba82-8a8168728e96 ====================
08:02:47.193803 [info ]: Started loading project
08:02:47.194551 [info ]: Loading ~/.dbt/profiles.yml
08:02:47.225402 [info ]: Cached model count updated: 3 models (accurate)
08:02:47.225439 [info ]: Finished loading project [  0.03s]
08:02:47.225482 [info ]: 
==================== Execution Summary =====================
Finished 'compile' successfully for target 'dev' [31ms]
==================== 2026-09-11T08:02:48.873531Z | 5b8a73da-29ff-4034-9308-0ff5bdec67dc ====================
08:02:48.873693 [info ]: Started loading project
08:02:48.876879 [info ]: Loading ~/.dbt/profiles.yml
08:02:48.927082 [info ]: Cached model count updated: 3 models (estimate)
08:02:48.927103 [info ]: Cached model count updated: 3 models (accurate)
08:02:48.927148 [info ]: Started scheduling
08:02:48.927228 [info ]: Finished scheduling [  0.00s]
08:02:48.927247 [debug]: Compilation - 3 nodes selected: {"model.olist_dbt.my_first_dbt_model", "model.olist_dbt.my_second_dbt_model", "model.olist_dbt.stg_orders"}
08:02:48.928683 [info ]: Started building task graph
08:02:48.928752 [info ]: Finished building task graph [  0.00s]
08:02:48.933258 [info ]: Started rendering (3 nodes)
08:02:48.933294 [info ]: Started model olist_dataset.stg_orders
08:02:48.933306 [debug]: Started rendering model olist_dataset.stg_orders
08:02:48.933356 [info ]: Started model olist_dataset.my_second_dbt_model
08:02:48.933369 [debug]: Started rendering model olist_dataset.my_second_dbt_model
08:02:48.933396 [info ]: Started model olist_dataset.my_first_dbt_model
08:02:48.933399 [info ]: Finished loading project [  0.06s]
08:02:48.933419 [debug]: Started rendering model olist_dataset.my_first_dbt_model
08:02:48.934301 [debug]: Compiled SQL for node model.olist_dbt.stg_orders at target\.lsp\compiled\olist_dbt\models\stg_orders.sql
08:02:48.934448 [debug]: Finished rendering [  0.00s] model olist_dataset.stg_orders [success]
08:02:48.934492 [info ]: Started analyzing (3 nodes)
08:02:48.934505 [debug]: Started analyzing model olist_dataset.stg_orders
08:02:48.934515 [debug]: Compiled SQL for node model.olist_dbt.my_second_dbt_model at target\.lsp\compiled\olist_dbt\models\example\my_second_dbt_model.sql
08:02:48.934587 [debug]: Finished rendering [  0.00s] model olist_dataset.my_second_dbt_model [success]
08:02:48.934599 [debug]: Compiled SQL for node model.olist_dbt.my_first_dbt_model at target\.lsp\compiled\olist_dbt\models\example\my_first_dbt_model.sql
08:02:48.934616 [debug]: Started analyzing model olist_dataset.my_second_dbt_model
08:02:48.934676 [debug]: Finished rendering [  0.00s] model olist_dataset.my_first_dbt_model [success]
08:02:48.934690 [info ]: Finished rendering [  0.00s] (3 nodes, 0 skipped, 0 errors)
08:02:48.934706 [debug]: Started analyzing model olist_dataset.my_first_dbt_model
08:02:48.934872 [debug]: Finished analyzing [  0.00s] model olist_dataset.my_first_dbt_model [success]
08:02:48.934886 [info ]:  Succeeded [  0.00s] model olist_dataset.my_first_dbt_model (table)
08:02:48.934905 [debug]: Finished analyzing [  0.00s] model olist_dataset.my_second_dbt_model [success]
08:02:48.934912 [info ]:  Succeeded [  0.00s] model olist_dataset.my_second_dbt_model (view)
08:02:48.934926 [debug]: Finished analyzing [  0.00s] model olist_dataset.stg_orders [success]
08:02:48.934932 [info ]: Finished analyzing [  0.00s] (3 nodes, 0 skipped, 0 errors)
08:02:48.934938 [info ]:  Succeeded [  0.00s] model olist_dataset.stg_orders (view)
08:02:48.938316 [info ]: Started scheduling
08:02:48.938364 [info ]: Finished scheduling [  0.00s]
08:02:48.938415 [info ]: 
==================== Execution Summary =====================
Finished 'compile' successfully for target 'dev' [64ms]
Processed: 3 models
Summary: 3 total | 3 success
08:02:48.938491 [info ]: Cached model count updated: 3 models (accurate)
==================== 2026-09-11T08:02:51.039386Z | 5cc42532-3cb2-4420-b9b7-1689c6cc418e ====================
08:02:51.039453 [info ]: Started loading project
08:02:51.040167 [info ]: Loading ~/.dbt/profiles.yml
==================== 2026-09-11T08:02:51.055291Z | 6bb8de02-eb19-498b-951f-1e83aa76c6ab ====================
08:02:51.055365 [info ]: Started loading project
08:02:51.056083 [info ]: Loading ~/.dbt/profiles.yml
08:02:51.056147 [info ]: Finished loading project [  0.02s]
08:02:51.065265 [debug]:    Started loading packages
08:02:51.073584 [debug]:     Loaded [  0.01s] packages
08:02:51.074972 [info ]: Finished loading project [  0.02s]
08:02:51.075276 [info ]: Started parsing
08:02:51.112791 [debug]: Finished parsing models/example/schema.yml [  0.00s]
08:02:51.113590 [debug]: Finished parsing models/example/sources.yml [  0.00s]
08:02:51.115592 [debug]: Finished parsing models/example/my_first_dbt_model.sql [  0.00s]
08:02:51.116321 [debug]: Finished parsing models/example/my_second_dbt_model.sql [  0.00s]
08:02:51.116950 [debug]: Finished parsing models/staging/stg_orders.sql [  0.00s]
08:02:51.236091 [info ]: Finished parsing [  0.16s]
08:02:51.237016 [info ]: Cached model count updated: 3 models (estimate)
08:02:51.237029 [info ]: Cached model count updated: 3 models (accurate)
08:02:51.237056 [info ]: Started scheduling
08:02:51.237084 [info ]: Finished scheduling [  0.00s]
08:02:51.237093 [debug]: Compilation - 0 nodes selected: {}
08:02:51.237112 [warn ]: [NoNodesForSelectionCriteria (dbt1092)]: The selection criterion '' does not match any enabled nodes
08:02:51.237125 [warn ]: [NoNodesSelected (dbt1601)]: Nothing to do. Try checking your model configs and model specification args
08:02:51.237135 [info ]: Started scheduling
08:02:51.237174 [info ]: Finished scheduling [  0.00s]
08:02:51.237362 [debug]: Initializing schema store with entry: Frontier(CanonicalFqn { catalog: "latihan-data-505310", schema: "olist_raw", table: "olist_orders_dataset" }) and interval: None
08:02:51.238461 [info ]: Started building task graph
08:02:51.238505 [info ]: Finished building task graph [  0.00s]
08:02:51.246126 [info ]: Started scheduling
08:02:51.246170 [info ]: Finished scheduling [  0.00s]
08:02:51.246281 [info ]: 
==================== Execution Summary =====================
Finished 'compile' with 2 warnings for target 'dev' [190ms]
08:02:51.246324 [info ]: 
==================== Execution Summary =====================
Finished 'compile' successfully for target 'dev' [206ms]
08:02:51.248023 [info ]: Cached model count updated: 3 models (accurate)
==================== 2026-09-11T08:02:51.298675Z | f6c6eac9-1b26-45fb-80d2-449830b1cb33 ====================
08:02:51.298724 [info ]: Started loading project
08:02:51.299381 [info ]: Loading ~/.dbt/profiles.yml
08:02:51.332205 [info ]: Cached model count updated: 3 models (estimate)
08:02:51.332227 [info ]: Cached model count updated: 3 models (accurate)
08:02:51.332261 [info ]: Started scheduling
08:02:51.332324 [info ]: Finished scheduling [  0.00s]
08:02:51.332338 [debug]: Compilation - 1 nodes selected: {"model.olist_dbt.stg_orders"}
08:02:51.333625 [info ]: Started building task graph
08:02:51.333664 [info ]: Finished building task graph [  0.00s]
08:02:51.337109 [info ]: Started rendering (1 nodes)
08:02:51.337137 [info ]: Started model olist_dataset.stg_orders
08:02:51.337146 [debug]: Started rendering model olist_dataset.stg_orders
08:02:51.337215 [info ]: Finished loading project [  0.04s]
08:02:51.338807 [debug]: Compiled SQL for node model.olist_dbt.stg_orders at target\.lsp\compiled\olist_dbt\models\staging\stg_orders.sql
08:02:51.338981 [debug]: Finished rendering [  0.00s] model olist_dataset.stg_orders [success]
08:02:51.339007 [info ]: Finished rendering [  0.00s] (1 nodes, 0 skipped, 0 errors)
08:02:51.339035 [info ]: Started analyzing (1 nodes)
08:02:51.339046 [debug]: Started analyzing model olist_dataset.stg_orders
08:02:51.339380 [debug]: Finished analyzing [  0.00s] model olist_dataset.stg_orders [success]
08:02:51.339395 [info ]: Finished analyzing [  0.00s] (1 nodes, 0 skipped, 0 errors)
08:02:51.339403 [info ]:  Succeeded [  0.00s] model olist_dataset.stg_orders (view)
08:02:51.343192 [info ]: Started scheduling
08:02:51.343311 [info ]: Finished scheduling [  0.00s]
08:02:51.343429 [info ]: 
==================== Execution Summary =====================
Finished 'compile' successfully for target 'dev' [44ms]
Processed: 1 model
Summary: 1 total | 1 success
08:02:51.343570 [info ]: Cached model count updated: 3 models (accurate)
==================== 2026-09-11T08:02:53.049879Z | 7422980f-d013-4e8a-bfb9-35a3e2d05016 ====================
08:02:53.050031 [info ]: Started loading project
08:02:53.051132 [info ]: Loading ~/.dbt/profiles.yml
08:02:53.086385 [info ]: Cached model count updated: 3 models (estimate)
08:02:53.086406 [info ]: Cached model count updated: 3 models (accurate)
08:02:53.086437 [info ]: Started scheduling
08:02:53.086502 [info ]: Finished scheduling [  0.00s]
08:02:53.086516 [debug]: Compilation - 3 nodes selected: {"model.olist_dbt.my_first_dbt_model", "model.olist_dbt.my_second_dbt_model", "model.olist_dbt.stg_orders"}
08:02:53.087674 [info ]: Started building task graph
08:02:53.087717 [info ]: Finished building task graph [  0.00s]
08:02:53.091109 [info ]: Started rendering (3 nodes)
08:02:53.091126 [info ]: Started model olist_dataset.stg_orders
08:02:53.091134 [debug]: Started rendering model olist_dataset.stg_orders
08:02:53.091159 [info ]: Started model olist_dataset.my_second_dbt_model
08:02:53.091166 [debug]: Started rendering model olist_dataset.my_second_dbt_model
08:02:53.091183 [info ]: Started model olist_dataset.my_first_dbt_model
08:02:53.091189 [debug]: Started rendering model olist_dataset.my_first_dbt_model
08:02:53.091251 [info ]: Finished loading project [  0.04s]
08:02:53.092281 [debug]: Compiled SQL for node model.olist_dbt.stg_orders at target\.lsp\compiled\olist_dbt\models\staging\stg_orders.sql
08:02:53.092521 [debug]: Finished rendering [  0.00s] model olist_dataset.stg_orders [success]
08:02:53.092609 [info ]: Started analyzing (3 nodes)
08:02:53.092635 [debug]: Started analyzing model olist_dataset.stg_orders
08:02:53.093883 [debug]: Finished analyzing [  0.00s] model olist_dataset.stg_orders [success]
08:02:53.093976 [info ]:  Succeeded [  0.00s] model olist_dataset.stg_orders (view)
08:02:53.094699 [debug]: Compiled SQL for node model.olist_dbt.my_first_dbt_model at target\.lsp\compiled\olist_dbt\models\example\my_first_dbt_model.sql
08:02:53.094699 [debug]: Compiled SQL for node model.olist_dbt.my_second_dbt_model at target\.lsp\compiled\olist_dbt\models\example\my_second_dbt_model.sql
08:02:53.094973 [debug]: Finished rendering [  0.00s] model olist_dataset.my_first_dbt_model [success]
08:02:53.095034 [debug]: Started analyzing model olist_dataset.my_first_dbt_model
08:02:53.095071 [debug]: Finished rendering [  0.00s] model olist_dataset.my_second_dbt_model [success]
08:02:53.095088 [info ]: Finished rendering [  0.00s] (3 nodes, 0 skipped, 0 errors)
08:02:53.095104 [debug]: Started analyzing model olist_dataset.my_second_dbt_model
08:02:53.095376 [debug]: Finished analyzing [  0.00s] model olist_dataset.my_first_dbt_model [success]
08:02:53.095425 [info ]:  Succeeded [  0.00s] model olist_dataset.my_first_dbt_model (table)
08:02:53.095459 [debug]: Finished analyzing [  0.00s] model olist_dataset.my_second_dbt_model [success]
08:02:53.095465 [info ]: Finished analyzing [  0.00s] (3 nodes, 0 skipped, 0 errors)
08:02:53.095474 [info ]:  Succeeded [  0.00s] model olist_dataset.my_second_dbt_model (view)
08:02:53.099047 [info ]: Started scheduling
08:02:53.099095 [info ]: Finished scheduling [  0.00s]
08:02:53.099142 [info ]: 
==================== Execution Summary =====================
Finished 'compile' successfully for target 'dev' [49ms]
Processed: 3 models
Summary: 3 total | 3 success
08:02:53.099211 [info ]: Cached model count updated: 3 models (accurate)
==================== 2026-09-11T08:04:39.391049Z | 76699605-d609-40de-bb6b-e5caadd5ef25 ====================
08:04:39.391220 [info ]: Started loading project
08:04:39.392597 [info ]: Loading ~/.dbt/profiles.yml
==================== 2026-09-11T08:04:39.407194Z | b6d5ea5c-bfde-4010-8790-f288bee8f8cc ====================
08:04:39.407247 [info ]: Started loading project
08:04:39.407901 [info ]: Loading ~/.dbt/profiles.yml
08:04:39.407952 [info ]: Finished loading project [  0.02s]
08:04:39.418004 [debug]:    Started loading packages
08:04:39.424362 [debug]:     Loaded [  0.01s] packages
08:04:39.425163 [info ]: Finished loading project [  0.02s]
08:04:39.425392 [info ]: Started parsing
08:04:39.468846 [debug]: Finished parsing models/example/schema.yml [  0.00s]
08:04:39.469345 [debug]: Finished parsing models/sources.yml [  0.00s]
08:04:39.471731 [debug]: Finished parsing models/example/my_first_dbt_model.sql [  0.00s]
08:04:39.472761 [debug]: Finished parsing models/example/my_second_dbt_model.sql [  0.00s]
08:04:39.473773 [debug]: Finished parsing models/staging/stg_orders.sql [  0.00s]
08:04:39.602863 [info ]: Finished parsing [  0.18s]
08:04:39.603818 [info ]: Cached model count updated: 3 models (estimate)
08:04:39.603831 [info ]: Cached model count updated: 3 models (accurate)
08:04:39.603861 [info ]: Started scheduling
08:04:39.603899 [info ]: Finished scheduling [  0.00s]
08:04:39.603912 [debug]: Compilation - 0 nodes selected: {}
08:04:39.603932 [warn ]: [NoNodesForSelectionCriteria (dbt1092)]: The selection criterion '' does not match any enabled nodes
08:04:39.603943 [warn ]: [NoNodesSelected (dbt1601)]: Nothing to do. Try checking your model configs and model specification args
08:04:39.603955 [info ]: Started scheduling
08:04:39.604000 [info ]: Finished scheduling [  0.00s]
08:04:39.604198 [debug]: Initializing schema store with entry: Frontier(CanonicalFqn { catalog: "latihan-data-505310", schema: "olist_raw", table: "olist_orders_dataset" }) and interval: None
08:04:39.605378 [info ]: Started building task graph
08:04:39.605400 [info ]: Finished building task graph [  0.00s]
08:04:39.616317 [info ]: Started scheduling
08:04:39.616374 [info ]: Finished scheduling [  0.00s]
08:04:39.616517 [info ]: 
==================== Execution Summary =====================
Finished 'compile' with 2 warnings for target 'dev' [209ms]
08:04:39.616574 [info ]: 
==================== Execution Summary =====================
Finished 'compile' successfully for target 'dev' [225ms]
08:04:39.619323 [info ]: Cached model count updated: 3 models (accurate)
==================== 2026-09-11T08:04:40.000200Z | 65b44cc1-0bd5-4e0d-8bcd-ac540f63d06d ====================
08:04:40.000253 [info ]: Started loading project
08:04:40.000954 [info ]: Loading ~/.dbt/profiles.yml
08:04:40.036736 [info ]: Cached model count updated: 3 models (estimate)
08:04:40.036754 [info ]: Cached model count updated: 3 models (accurate)
08:04:40.036789 [info ]: Started scheduling
08:04:40.036863 [info ]: Finished scheduling [  0.00s]
08:04:40.036880 [debug]: Compilation - 1 nodes selected: {"model.olist_dbt.stg_orders"}
08:04:40.038337 [info ]: Started building task graph
08:04:40.038400 [info ]: Finished building task graph [  0.00s]
08:04:40.046712 [info ]: Started rendering (1 nodes)
08:04:40.046768 [info ]: Started model olist_dataset.stg_orders
08:04:40.046790 [debug]: Started rendering model olist_dataset.stg_orders
08:04:40.046896 [info ]: Finished loading project [  0.05s]
08:04:40.048966 [debug]: Compiled SQL for node model.olist_dbt.stg_orders at target\.lsp\compiled\olist_dbt\models\staging\stg_orders.sql
08:04:40.049200 [debug]: Finished rendering [  0.00s] model olist_dataset.stg_orders [success]
08:04:40.049245 [info ]: Finished rendering [  0.00s] (1 nodes, 0 skipped, 0 errors)
08:04:40.049283 [info ]: Started analyzing (1 nodes)
08:04:40.049299 [debug]: Started analyzing model olist_dataset.stg_orders
08:04:40.049770 [debug]: Finished analyzing [  0.00s] model olist_dataset.stg_orders [success]
08:04:40.049790 [info ]: Finished analyzing [  0.00s] (1 nodes, 0 skipped, 0 errors)
08:04:40.049799 [info ]:  Succeeded [  0.00s] model olist_dataset.stg_orders (view)
08:04:40.053514 [info ]: Started scheduling
08:04:40.053563 [info ]: Finished scheduling [  0.00s]
08:04:40.053623 [info ]: 
==================== Execution Summary =====================
Finished 'compile' successfully for target 'dev' [53ms]
Processed: 1 model
Summary: 1 total | 1 success
08:04:40.053691 [info ]: Cached model count updated: 3 models (accurate)
==================== 2026-09-11T08:04:41.749879Z | 8f77cf96-3b5d-40ec-8121-2ab64927d51c ====================
08:04:41.749928 [info ]: Started loading project
08:04:41.750576 [info ]: Loading ~/.dbt/profiles.yml
08:04:41.781365 [info ]: Cached model count updated: 3 models (estimate)
08:04:41.781383 [info ]: Cached model count updated: 3 models (accurate)
08:04:41.781414 [info ]: Started scheduling
08:04:41.781473 [info ]: Finished scheduling [  0.00s]
08:04:41.781487 [debug]: Compilation - 3 nodes selected: {"model.olist_dbt.my_first_dbt_model", "model.olist_dbt.my_second_dbt_model", "model.olist_dbt.stg_orders"}
08:04:41.782658 [info ]: Started building task graph
08:04:41.782700 [info ]: Finished building task graph [  0.00s]
08:04:41.787125 [info ]: Started rendering (3 nodes)
08:04:41.787143 [info ]: Started model olist_dataset.stg_orders
08:04:41.787155 [debug]: Started rendering model olist_dataset.stg_orders
08:04:41.787180 [info ]: Started model olist_dataset.my_second_dbt_model
08:04:41.787189 [debug]: Started rendering model olist_dataset.my_second_dbt_model
08:04:41.787207 [info ]: Started model olist_dataset.my_first_dbt_model
08:04:41.787214 [debug]: Started rendering model olist_dataset.my_first_dbt_model
08:04:41.787302 [info ]: Finished loading project [  0.04s]
08:04:41.787967 [debug]: Compiled SQL for node model.olist_dbt.stg_orders at target\.lsp\compiled\olist_dbt\models\staging\stg_orders.sql
08:04:41.788126 [debug]: Finished rendering [  0.00s] model olist_dataset.stg_orders [success]
08:04:41.788181 [info ]: Started analyzing (3 nodes)
08:04:41.788195 [debug]: Started analyzing model olist_dataset.stg_orders
08:04:41.788704 [debug]: Finished analyzing [  0.00s] model olist_dataset.stg_orders [success]
08:04:41.788724 [info ]:  Succeeded [-------] model olist_dataset.stg_orders (view)
08:04:41.790153 [debug]: Compiled SQL for node model.olist_dbt.my_first_dbt_model at target\.lsp\compiled\olist_dbt\models\example\my_first_dbt_model.sql
08:04:41.790174 [debug]: Compiled SQL for node model.olist_dbt.my_second_dbt_model at target\.lsp\compiled\olist_dbt\models\example\my_second_dbt_model.sql
08:04:41.790379 [debug]: Finished rendering [  0.00s] model olist_dataset.my_second_dbt_model [success]
08:04:41.790436 [debug]: Started analyzing model olist_dataset.my_second_dbt_model
08:04:41.790459 [debug]: Finished rendering [  0.00s] model olist_dataset.my_first_dbt_model [success]
08:04:41.790470 [info ]: Finished rendering [  0.00s] (3 nodes, 0 skipped, 0 errors)
08:04:41.790479 [debug]: Started analyzing model olist_dataset.my_first_dbt_model
08:04:41.790707 [debug]: Finished analyzing [  0.00s] model olist_dataset.my_first_dbt_model [success]
08:04:41.790750 [info ]:  Succeeded [  0.00s] model olist_dataset.my_first_dbt_model (table)
08:04:41.790889 [debug]: Finished analyzing [  0.00s] model olist_dataset.my_second_dbt_model [success]
08:04:41.790904 [info ]: Finished analyzing [  0.00s] (3 nodes, 0 skipped, 0 errors)
08:04:41.790913 [info ]:  Succeeded [  0.00s] model olist_dataset.my_second_dbt_model (view)
08:04:41.795042 [info ]: Started scheduling
08:04:41.795094 [info ]: Finished scheduling [  0.00s]
08:04:41.795136 [info ]: 
==================== Execution Summary =====================
Finished 'compile' successfully for target 'dev' [45ms]
Processed: 3 models
Summary: 3 total | 3 success
08:04:41.795225 [info ]: Cached model count updated: 3 models (accurate)
==================== 2026-09-11T08:04:43.524809Z | ae3a6d00-9a14-48da-b577-4d417867d2c8 ====================
08:04:43.524953 [info ]: Started loading project
08:04:43.526132 [info ]: Loading ~/.dbt/profiles.yml
==================== 2026-09-11T08:04:43.537836Z | 43f8a028-9ad4-498d-9996-ea090a4b3834 ====================
08:04:43.537876 [info ]: Started loading project
08:04:43.538513 [info ]: Loading ~/.dbt/profiles.yml
08:04:43.538594 [info ]: Finished loading project [  0.01s]
08:04:43.545469 [debug]:    Started loading packages
08:04:43.551866 [debug]:     Loaded [  0.01s] packages
08:04:43.552699 [info ]: Finished loading project [  0.01s]
08:04:43.552895 [info ]: Started parsing
08:04:43.588065 [debug]: Finished parsing models/schema.yml [  0.00s]
08:04:43.588537 [debug]: Finished parsing models/sources.yml [  0.00s]
08:04:43.590350 [debug]: Finished parsing models/example/my_first_dbt_model.sql [  0.00s]
08:04:43.591027 [debug]: Finished parsing models/example/my_second_dbt_model.sql [  0.00s]
08:04:43.591778 [debug]: Finished parsing models/staging/stg_orders.sql [  0.00s]
08:04:43.710423 [info ]: Finished parsing [  0.16s]
08:04:43.712070 [info ]: Cached model count updated: 3 models (estimate)
08:04:43.712111 [info ]: Cached model count updated: 3 models (accurate)
08:04:43.712182 [info ]: Started scheduling
08:04:43.712239 [info ]: Finished scheduling [  0.00s]
08:04:43.712259 [debug]: Compilation - 0 nodes selected: {}
08:04:43.712291 [warn ]: [NoNodesForSelectionCriteria (dbt1092)]: The selection criterion '' does not match any enabled nodes
08:04:43.712318 [warn ]: [NoNodesSelected (dbt1601)]: Nothing to do. Try checking your model configs and model specification args
08:04:43.712336 [info ]: Started scheduling
08:04:43.712403 [info ]: Finished scheduling [  0.00s]
08:04:43.712699 [debug]: Initializing schema store with entry: Frontier(CanonicalFqn { catalog: "latihan-data-505310", schema: "olist_raw", table: "olist_orders_dataset" }) and interval: None
08:04:43.714077 [info ]: Started building task graph
08:04:43.714098 [info ]: Finished building task graph [  0.00s]
08:04:43.721680 [info ]: Started scheduling
08:04:43.721731 [info ]: Finished scheduling [  0.00s]
08:04:43.721859 [info ]: 
==================== Execution Summary =====================
Finished 'compile' with 2 warnings for target 'dev' [184ms]
08:04:43.721913 [info ]: 
==================== Execution Summary =====================
Finished 'compile' successfully for target 'dev' [197ms]
08:04:43.725428 [info ]: Cached model count updated: 3 models (accurate)
==================== 2026-09-11T08:04:44.108936Z | ce38be49-eea3-4533-bece-81f0bc361d4e ====================
08:04:44.109067 [info ]: Started loading project
08:04:44.110697 [info ]: Loading ~/.dbt/profiles.yml
08:04:44.198803 [info ]: Cached model count updated: 3 models (estimate)
08:04:44.198863 [info ]: Cached model count updated: 3 models (accurate)
08:04:44.198967 [info ]: Started scheduling
08:04:44.199139 [info ]: Finished scheduling [  0.00s]
08:04:44.199194 [debug]: Compilation - 1 nodes selected: {"model.olist_dbt.stg_orders"}
08:04:44.202662 [info ]: Started building task graph
08:04:44.202789 [info ]: Finished building task graph [  0.00s]
08:04:44.212544 [info ]: Started rendering (1 nodes)
08:04:44.212914 [info ]: Started model olist_dataset.stg_orders
08:04:44.213144 [debug]: Started rendering model olist_dataset.stg_orders
08:04:44.213397 [info ]: Finished loading project [  0.10s]
08:04:44.217016 [debug]: Compiled SQL for node model.olist_dbt.stg_orders at target\.lsp\compiled\olist_dbt\models\staging\stg_orders.sql
08:04:44.217472 [info ]: Started analyzing (1 nodes)
08:04:44.217512 [debug]: Started analyzing model olist_dataset.stg_orders
08:04:44.217634 [debug]: Finished rendering [  0.00s] model olist_dataset.stg_orders [success]
08:04:44.217777 [info ]: Finished rendering [  0.01s] (1 nodes, 0 skipped, 0 errors)
08:04:44.218517 [debug]: Finished analyzing [  0.00s] model olist_dataset.stg_orders [success]
08:04:44.218577 [info ]: Finished analyzing [  0.00s] (1 nodes, 0 skipped, 0 errors)
08:04:44.218598 [info ]:  Succeeded [  0.00s] model olist_dataset.stg_orders (view)
08:04:44.236473 [info ]: Started scheduling
08:04:44.236586 [info ]: Finished scheduling [  0.00s]
08:04:44.236712 [info ]: 
==================== Execution Summary =====================
Finished 'compile' successfully for target 'dev' [127ms]
Processed: 1 model
Summary: 1 total | 1 success
08:04:44.236824 [info ]: Cached model count updated: 3 models (accurate)
==================== 2026-09-11T08:04:45.918497Z | 9d8537d1-0295-47ad-8660-6a9ed52569f5 ====================
08:04:45.918598 [info ]: Started loading project
08:04:45.919365 [info ]: Loading ~/.dbt/profiles.yml
08:04:45.958505 [info ]: Cached model count updated: 3 models (estimate)
08:04:45.958525 [info ]: Cached model count updated: 3 models (accurate)
08:04:45.958557 [info ]: Started scheduling
08:04:45.958618 [info ]: Finished scheduling [  0.00s]
08:04:45.958633 [debug]: Compilation - 3 nodes selected: {"model.olist_dbt.my_first_dbt_model", "model.olist_dbt.my_second_dbt_model", "model.olist_dbt.stg_orders"}
08:04:45.964725 [info ]: Started building task graph
08:04:45.964786 [info ]: Finished building task graph [  0.00s]
08:04:45.969625 [info ]: Started rendering (3 nodes)
08:04:45.969667 [info ]: Started model olist_dataset.stg_orders
08:04:45.969677 [debug]: Started rendering model olist_dataset.stg_orders
08:04:45.969710 [info ]: Started model olist_dataset.my_second_dbt_model
08:04:45.969717 [debug]: Started rendering model olist_dataset.my_second_dbt_model
08:04:45.969742 [info ]: Started model olist_dataset.my_first_dbt_model
08:04:45.969748 [debug]: Started rendering model olist_dataset.my_first_dbt_model
08:04:45.969773 [info ]: Finished loading project [  0.05s]
08:04:45.970425 [debug]: Compiled SQL for node model.olist_dbt.stg_orders at target\.lsp\compiled\olist_dbt\models\staging\stg_orders.sql
08:04:45.970573 [debug]: Finished rendering [  0.00s] model olist_dataset.stg_orders [success]
08:04:45.970630 [info ]: Started analyzing (3 nodes)
08:04:45.970645 [debug]: Started analyzing model olist_dataset.stg_orders
08:04:45.970982 [debug]: Finished analyzing [  0.00s] model olist_dataset.stg_orders [success]
08:04:45.971003 [info ]:  Succeeded [-------] model olist_dataset.stg_orders (view)
08:04:45.971756 [debug]: Compiled SQL for node model.olist_dbt.my_second_dbt_model at target\.lsp\compiled\olist_dbt\models\example\my_second_dbt_model.sql
08:04:45.971784 [debug]: Compiled SQL for node model.olist_dbt.my_first_dbt_model at target\.lsp\compiled\olist_dbt\models\example\my_first_dbt_model.sql
08:04:45.971921 [debug]: Finished rendering [  0.00s] model olist_dataset.my_first_dbt_model [success]
08:04:45.971961 [debug]: Started analyzing model olist_dataset.my_first_dbt_model
08:04:45.971997 [debug]: Finished rendering [  0.00s] model olist_dataset.my_second_dbt_model [success]
08:04:45.972014 [info ]: Finished rendering [  0.00s] (3 nodes, 0 skipped, 0 errors)
08:04:45.972028 [debug]: Started analyzing model olist_dataset.my_second_dbt_model
08:04:45.972222 [debug]: Finished analyzing [  0.00s] model olist_dataset.my_first_dbt_model [success]
08:04:45.972246 [info ]:  Succeeded [  0.00s] model olist_dataset.my_first_dbt_model (table)
08:04:45.972283 [debug]: Finished analyzing [  0.00s] model olist_dataset.my_second_dbt_model [success]
08:04:45.972290 [info ]: Finished analyzing [  0.00s] (3 nodes, 0 skipped, 0 errors)
08:04:45.972298 [info ]:  Succeeded [  0.00s] model olist_dataset.my_second_dbt_model (view)
08:04:45.975203 [info ]: Started scheduling
08:04:45.975259 [info ]: Finished scheduling [  0.00s]
08:04:45.975332 [info ]: 
==================== Execution Summary =====================
Finished 'compile' successfully for target 'dev' [56ms]
Processed: 3 models
Summary: 3 total | 3 success
08:04:45.977580 [info ]: Cached model count updated: 3 models (accurate)
==================== 2026-09-11T08:04:46.334954Z | 6b64c1a0-7855-4557-9ed0-d198b07152db ====================
08:04:46.334997 [info ]: Started loading project
08:04:46.335652 [info ]: Loading ~/.dbt/profiles.yml
==================== 2026-09-11T08:04:46.347509Z | 6603cd31-99c4-4e9b-9621-f395080738a5 ====================
08:04:46.347554 [info ]: Started loading project
08:04:46.348202 [info ]: Loading ~/.dbt/profiles.yml
08:04:46.348282 [info ]: Finished loading project [  0.01s]
08:04:46.355004 [debug]:    Started loading packages
08:04:46.362619 [debug]:     Loaded [  0.01s] packages
08:04:46.363465 [info ]: Finished loading project [  0.02s]
08:04:46.363668 [info ]: Started parsing
08:04:46.397059 [debug]: Finished parsing models/schema.yml [  0.00s]
08:04:46.397443 [debug]: Finished parsing models/sources.yml [  0.00s]
08:04:46.399296 [debug]: Finished parsing models/example/my_first_dbt_model.sql [  0.00s]
08:04:46.400008 [debug]: Finished parsing models/my_second_dbt_model.sql [  0.00s]
08:04:46.400633 [debug]: Finished parsing models/staging/stg_orders.sql [  0.00s]
08:04:46.519534 [info ]: Finished parsing [  0.16s]
08:04:46.520438 [info ]: Cached model count updated: 3 models (estimate)
08:04:46.520449 [info ]: Cached model count updated: 3 models (accurate)
08:04:46.520475 [info ]: Started scheduling
08:04:46.520503 [info ]: Finished scheduling [  0.00s]
08:04:46.520513 [debug]: Compilation - 0 nodes selected: {}
08:04:46.520531 [warn ]: [NoNodesForSelectionCriteria (dbt1092)]: The selection criterion '' does not match any enabled nodes
08:04:46.520543 [warn ]: [NoNodesSelected (dbt1601)]: Nothing to do. Try checking your model configs and model specification args
08:04:46.520552 [info ]: Started scheduling
08:04:46.520590 [info ]: Finished scheduling [  0.00s]
08:04:46.520784 [debug]: Initializing schema store with entry: Frontier(CanonicalFqn { catalog: "latihan-data-505310", schema: "olist_raw", table: "olist_orders_dataset" }) and interval: None
08:04:46.521969 [info ]: Started building task graph
08:04:46.521988 [info ]: Finished building task graph [  0.00s]
08:04:46.531983 [info ]: Started scheduling
08:04:46.532036 [info ]: Finished scheduling [  0.00s]
08:04:46.532158 [info ]: 
==================== Execution Summary =====================
Finished 'compile' with 2 warnings for target 'dev' [184ms]
08:04:46.532207 [info ]: 
==================== Execution Summary =====================
Finished 'compile' successfully for target 'dev' [197ms]
08:04:46.535670 [info ]: Cached model count updated: 3 models (accurate)
==================== 2026-09-11T08:04:46.923154Z | f7f4a4b6-e440-4864-8617-55f751474ea5 ====================
08:04:46.923214 [info ]: Started loading project
08:04:46.923891 [info ]: Loading ~/.dbt/profiles.yml
08:04:46.959234 [info ]: Cached model count updated: 3 models (estimate)
08:04:46.959268 [info ]: Cached model count updated: 3 models (accurate)
08:04:46.959349 [info ]: Started scheduling
08:04:46.959491 [info ]: Finished scheduling [  0.00s]
08:04:46.959523 [debug]: Compilation - 1 nodes selected: {"model.olist_dbt.stg_orders"}
08:04:46.960751 [info ]: Started building task graph
08:04:46.960785 [info ]: Finished building task graph [  0.00s]
08:04:46.965591 [info ]: Started rendering (1 nodes)
08:04:46.965614 [info ]: Started model olist_dataset.stg_orders
08:04:46.965624 [debug]: Started rendering model olist_dataset.stg_orders
08:04:46.965664 [info ]: Finished loading project [  0.04s]
08:04:46.967541 [debug]: Compiled SQL for node model.olist_dbt.stg_orders at target\.lsp\compiled\olist_dbt\models\staging\stg_orders.sql
08:04:46.967740 [debug]: Finished rendering [  0.00s] model olist_dataset.stg_orders [success]
08:04:46.967778 [info ]: Finished rendering [  0.00s] (1 nodes, 0 skipped, 0 errors)
08:04:46.967820 [info ]: Started analyzing (1 nodes)
08:04:46.967832 [debug]: Started analyzing model olist_dataset.stg_orders
08:04:46.968132 [debug]: Finished analyzing [  0.00s] model olist_dataset.stg_orders [success]
08:04:46.968145 [info ]: Finished analyzing [  0.00s] (1 nodes, 0 skipped, 0 errors)
08:04:46.968152 [info ]:  Succeeded [  0.00s] model olist_dataset.stg_orders (view)
08:04:46.970932 [info ]: Started scheduling
08:04:46.970974 [info ]: Finished scheduling [  0.00s]
08:04:46.971023 [info ]: 
==================== Execution Summary =====================
Finished 'compile' successfully for target 'dev' [47ms]
Processed: 1 model
Summary: 1 total | 1 success
08:04:46.971071 [info ]: Cached model count updated: 3 models (accurate)
==================== 2026-09-11T08:04:48.621693Z | 1d08bb80-6fd9-42ca-a9ba-a00f4bdcfdd5 ====================
08:04:48.621816 [info ]: Started loading project
08:04:48.623999 [info ]: Loading ~/.dbt/profiles.yml
08:04:48.668607 [info ]: Cached model count updated: 3 models (estimate)
08:04:48.668627 [info ]: Cached model count updated: 3 models (accurate)
08:04:48.668658 [info ]: Started scheduling
08:04:48.668721 [info ]: Finished scheduling [  0.00s]
08:04:48.668735 [debug]: Compilation - 3 nodes selected: {"model.olist_dbt.my_first_dbt_model", "model.olist_dbt.my_second_dbt_model", "model.olist_dbt.stg_orders"}
08:04:48.670204 [info ]: Started building task graph
08:04:48.670260 [info ]: Finished building task graph [  0.00s]
08:04:48.675001 [info ]: Started rendering (3 nodes)
08:04:48.675025 [info ]: Started model olist_dataset.stg_orders
08:04:48.675035 [debug]: Started rendering model olist_dataset.stg_orders
08:04:48.675055 [info ]: Started model olist_dataset.my_second_dbt_model
08:04:48.675062 [debug]: Started rendering model olist_dataset.my_second_dbt_model
08:04:48.675080 [info ]: Started model olist_dataset.my_first_dbt_model
08:04:48.675086 [debug]: Started rendering model olist_dataset.my_first_dbt_model
08:04:48.675120 [info ]: Finished loading project [  0.05s]
08:04:48.675969 [debug]: Compiled SQL for node model.olist_dbt.stg_orders at target\.lsp\compiled\olist_dbt\models\staging\stg_orders.sql
08:04:48.676264 [debug]: Finished rendering [  0.00s] model olist_dataset.stg_orders [success]
08:04:48.676368 [info ]: Started analyzing (3 nodes)
08:04:48.676394 [debug]: Started analyzing model olist_dataset.stg_orders
08:04:48.677478 [debug]: Finished analyzing [  0.00s] model olist_dataset.stg_orders [success]
08:04:48.677566 [info ]:  Succeeded [  0.00s] model olist_dataset.stg_orders (view)
08:04:48.678198 [debug]: Compiled SQL for node model.olist_dbt.my_first_dbt_model at target\.lsp\compiled\olist_dbt\models\example\my_first_dbt_model.sql
08:04:48.678478 [debug]: Finished rendering [  0.00s] model olist_dataset.my_first_dbt_model [success]
08:04:48.678553 [debug]: Started analyzing model olist_dataset.my_first_dbt_model
08:04:48.678990 [debug]: Finished analyzing [  0.00s] model olist_dataset.my_first_dbt_model [success]
08:04:48.679028 [info ]:  Succeeded [  0.00s] model olist_dataset.my_first_dbt_model (table)
08:04:48.679052 [debug]: Compiled SQL for node model.olist_dbt.my_second_dbt_model at target\.lsp\compiled\olist_dbt\models\my_second_dbt_model.sql
08:04:48.679261 [debug]: Finished rendering [  0.00s] model olist_dataset.my_second_dbt_model [success]
08:04:48.679288 [info ]: Finished rendering [  0.00s] (3 nodes, 0 skipped, 0 errors)
08:04:48.679324 [debug]: Started analyzing model olist_dataset.my_second_dbt_model
08:04:48.679600 [debug]: Finished analyzing [  0.00s] model olist_dataset.my_second_dbt_model [success]
08:04:48.679619 [info ]: Finished analyzing [  0.00s] (3 nodes, 0 skipped, 0 errors)
08:04:48.679632 [info ]:  Succeeded [  0.00s] model olist_dataset.my_second_dbt_model (view)
08:04:48.683799 [info ]: Started scheduling
08:04:48.683844 [info ]: Finished scheduling [  0.00s]
08:04:48.683888 [info ]: 
==================== Execution Summary =====================
Finished 'compile' successfully for target 'dev' [62ms]
Processed: 3 models
Summary: 3 total | 3 success
08:04:48.683952 [info ]: Cached model count updated: 3 models (accurate)
==================== 2026-09-11T08:04:50.773178Z | 1ca0773d-de6a-4a3c-aa8d-b0fc6af561f0 ====================
08:04:50.773331 [info ]: Started loading project
08:04:50.774941 [info ]: Loading ~/.dbt/profiles.yml
==================== 2026-09-11T08:04:50.802945Z | 238625fe-fd61-448e-8756-98fb2fd74041 ====================
08:04:50.803068 [info ]: Started loading project
08:04:50.804372 [info ]: Loading ~/.dbt/profiles.yml
08:04:50.804485 [info ]: Finished loading project [  0.03s]
08:04:50.817592 [debug]:    Started loading packages
08:04:50.829163 [debug]:     Loaded [  0.01s] packages
08:04:50.830479 [info ]: Finished loading project [  0.03s]
08:04:50.830797 [info ]: Started parsing
08:04:50.871338 [debug]: Finished parsing models/schema.yml [  0.00s]
08:04:50.871793 [debug]: Finished parsing models/sources.yml [  0.00s]
08:04:50.873826 [debug]: Finished parsing models/my_first_dbt_model.sql [  0.00s]
08:04:50.874530 [debug]: Finished parsing models/my_second_dbt_model.sql [  0.00s]
08:04:50.875367 [debug]: Finished parsing models/staging/stg_orders.sql [  0.00s]
08:04:51.005802 [warn ]: [UnusedResourceConfigPath (dbt1097)]: Configuration paths exist in your dbt_project.yml file which do not apply to any resources.
There are 1 unused configuration paths:
- models.olist_dbt.example
08:04:51.008067 [info ]: Finished parsing [  0.18s]
08:04:51.009275 [info ]: Cached model count updated: 3 models (estimate)
08:04:51.009322 [info ]: Cached model count updated: 3 models (accurate)
08:04:51.009406 [info ]: Started scheduling
08:04:51.009760 [info ]: Finished scheduling [  0.00s]
08:04:51.009883 [debug]: Compilation - 0 nodes selected: {}
08:04:51.010213 [warn ]: [NoNodesForSelectionCriteria (dbt1092)]: The selection criterion '' does not match any enabled nodes
08:04:51.010295 [warn ]: [NoNodesSelected (dbt1601)]: Nothing to do. Try checking your model configs and model specification args
08:04:51.010323 [info ]: Started scheduling
08:04:51.010443 [info ]: Finished scheduling [  0.00s]
08:04:51.011146 [debug]: Initializing schema store with entry: Frontier(CanonicalFqn { catalog: "latihan-data-505310", schema: "olist_raw", table: "olist_orders_dataset" }) and interval: None
08:04:51.012515 [info ]: Started building task graph
08:04:51.012538 [info ]: Finished building task graph [  0.00s]
08:04:51.019965 [info ]: Started scheduling
08:04:51.020009 [info ]: Finished scheduling [  0.00s]
08:04:51.020113 [info ]: 
==================== Execution Summary =====================
Finished 'compile' with 3 warnings for target 'dev' [217ms]
08:04:51.020156 [info ]: 
==================== Execution Summary =====================
Finished 'compile' successfully for target 'dev' [246ms]
08:04:51.021902 [info ]: Cached model count updated: 3 models (accurate)
==================== 2026-09-11T08:04:51.402256Z | 3ad71afc-2d3c-43a9-bc11-f9efba10d4e6 ====================
08:04:51.402312 [info ]: Started loading project
08:04:51.403013 [info ]: Loading ~/.dbt/profiles.yml
08:04:51.438987 [info ]: Cached model count updated: 3 models (estimate)
08:04:51.439007 [info ]: Cached model count updated: 3 models (accurate)
08:04:51.439043 [info ]: Started scheduling
08:04:51.439104 [info ]: Finished scheduling [  0.00s]
08:04:51.439119 [debug]: Compilation - 1 nodes selected: {"model.olist_dbt.stg_orders"}
08:04:51.440547 [info ]: Started building task graph
08:04:51.440604 [info ]: Finished building task graph [  0.00s]
08:04:51.447162 [info ]: Started rendering (1 nodes)
08:04:51.447190 [info ]: Started model olist_dataset.stg_orders
08:04:51.447202 [debug]: Started rendering model olist_dataset.stg_orders
08:04:51.447246 [info ]: Finished loading project [  0.04s]
08:04:51.448953 [debug]: Compiled SQL for node model.olist_dbt.stg_orders at target\.lsp\compiled\olist_dbt\models\staging\stg_orders.sql
08:04:51.449135 [debug]: Finished rendering [  0.00s] model olist_dataset.stg_orders [success]
08:04:51.449161 [info ]: Finished rendering [  0.00s] (1 nodes, 0 skipped, 0 errors)
08:04:51.449189 [info ]: Started analyzing (1 nodes)
08:04:51.449199 [debug]: Started analyzing model olist_dataset.stg_orders
08:04:51.449508 [debug]: Finished analyzing [  0.00s] model olist_dataset.stg_orders [success]
08:04:51.449525 [info ]: Finished analyzing [  0.00s] (1 nodes, 0 skipped, 0 errors)
08:04:51.449533 [info ]:  Succeeded [  0.00s] model olist_dataset.stg_orders (view)
08:04:51.452961 [info ]: Started scheduling
08:04:51.453014 [info ]: Finished scheduling [  0.00s]
08:04:51.454842 [info ]: 
==================== Execution Summary =====================
Finished 'compile' successfully for target 'dev' [52ms]
Processed: 1 model
Summary: 1 total | 1 success
08:04:51.454911 [info ]: Cached model count updated: 3 models (accurate)
==================== 2026-09-11T08:04:53.103932Z | 9b715dac-7094-415a-ad89-f409dbf2f2ef ====================
08:04:53.103980 [info ]: Started loading project
08:04:53.104620 [info ]: Loading ~/.dbt/profiles.yml
08:04:53.136341 [info ]: Cached model count updated: 3 models (estimate)
08:04:53.136359 [info ]: Cached model count updated: 3 models (accurate)
08:04:53.136390 [info ]: Started scheduling
08:04:53.136450 [info ]: Finished scheduling [  0.00s]
08:04:53.136464 [debug]: Compilation - 3 nodes selected: {"model.olist_dbt.my_first_dbt_model", "model.olist_dbt.my_second_dbt_model", "model.olist_dbt.stg_orders"}
08:04:53.137634 [info ]: Started building task graph
08:04:53.137687 [info ]: Finished building task graph [  0.00s]
08:04:53.142381 [info ]: Started rendering (3 nodes)
08:04:53.142444 [info ]: Started model olist_dataset.stg_orders
08:04:53.142464 [debug]: Started rendering model olist_dataset.stg_orders
08:04:53.142536 [info ]: Started model olist_dataset.my_second_dbt_model
08:04:53.142557 [debug]: Started rendering model olist_dataset.my_second_dbt_model
08:04:53.142579 [info ]: Started model olist_dataset.my_first_dbt_model
08:04:53.142612 [debug]: Started rendering model olist_dataset.my_first_dbt_model
08:04:53.142604 [info ]: Finished loading project [  0.04s]
08:04:53.143631 [debug]: Compiled SQL for node model.olist_dbt.stg_orders at target\.lsp\compiled\olist_dbt\models\staging\stg_orders.sql
08:04:53.143816 [debug]: Finished rendering [  0.00s] model olist_dataset.stg_orders [success]
08:04:53.143890 [info ]: Started analyzing (3 nodes)
08:04:53.143913 [debug]: Started analyzing model olist_dataset.stg_orders
08:04:53.144468 [debug]: Finished analyzing [  0.00s] model olist_dataset.stg_orders [success]
08:04:53.144515 [info ]:  Succeeded [  0.00s] model olist_dataset.stg_orders (view)
08:04:53.145757 [debug]: Compiled SQL for node model.olist_dbt.my_second_dbt_model at target\.lsp\compiled\olist_dbt\models\my_second_dbt_model.sql
08:04:53.145896 [debug]: Compiled SQL for node model.olist_dbt.my_first_dbt_model at target\.lsp\compiled\olist_dbt\models\my_first_dbt_model.sql
08:04:53.146045 [debug]: Finished rendering [  0.00s] model olist_dataset.my_second_dbt_model [success]
08:04:53.146106 [debug]: Started analyzing model olist_dataset.my_second_dbt_model
08:04:53.146152 [debug]: Finished rendering [  0.00s] model olist_dataset.my_first_dbt_model [success]
08:04:53.146175 [info ]: Finished rendering [  0.00s] (3 nodes, 0 skipped, 0 errors)
08:04:53.146192 [debug]: Started analyzing model olist_dataset.my_first_dbt_model
08:04:53.146433 [debug]: Finished analyzing [  0.00s] model olist_dataset.my_first_dbt_model [success]
08:04:53.146461 [info ]:  Succeeded [  0.00s] model olist_dataset.my_first_dbt_model (table)
08:04:53.146580 [debug]: Finished analyzing [  0.00s] model olist_dataset.my_second_dbt_model [success]
08:04:53.146606 [info ]: Finished analyzing [  0.00s] (3 nodes, 0 skipped, 0 errors)
08:04:53.146623 [info ]:  Succeeded [  0.00s] model olist_dataset.my_second_dbt_model (view)
08:04:53.150970 [info ]: Started scheduling
08:04:53.151030 [info ]: Finished scheduling [  0.00s]
08:04:53.151100 [info ]: 
==================== Execution Summary =====================
Finished 'compile' successfully for target 'dev' [47ms]
Processed: 3 models
Summary: 3 total | 3 success
08:04:53.151197 [info ]: Cached model count updated: 3 models (accurate)
==================== 2026-09-11T08:04:55.566387Z | e9be8b2e-6bf2-4a5a-bb43-87a35756544c ====================
08:04:55.566460 [info ]: Started loading project
08:04:55.567248 [info ]: Loading ~/.dbt/profiles.yml
08:04:55.604598 [info ]: Cached model count updated: 3 models (accurate)
08:04:55.604616 [info ]: Finished loading project [  0.04s]
08:04:55.604653 [info ]: 
==================== Execution Summary =====================
Finished 'compile' successfully for target 'dev' [38ms]
==================== 2026-09-11T08:04:57.244911Z | b1e7af58-aa07-4db4-a45f-7cb5999667ad ====================
08:04:57.244964 [info ]: Started loading project
08:04:57.245611 [info ]: Loading ~/.dbt/profiles.yml
08:04:57.273942 [info ]: Cached model count updated: 3 models (estimate)
08:04:57.273961 [info ]: Cached model count updated: 3 models (accurate)
08:04:57.273992 [info ]: Started scheduling
08:04:57.274053 [info ]: Finished scheduling [  0.00s]
08:04:57.274067 [debug]: Compilation - 3 nodes selected: {"model.olist_dbt.my_first_dbt_model", "model.olist_dbt.my_second_dbt_model", "model.olist_dbt.stg_orders"}
08:04:57.275209 [info ]: Started building task graph
08:04:57.275250 [info ]: Finished building task graph [  0.00s]
08:04:57.279786 [info ]: Started rendering (3 nodes)
08:04:57.279805 [info ]: Started model olist_dataset.stg_orders
08:04:57.279814 [debug]: Started rendering model olist_dataset.stg_orders
08:04:57.279836 [info ]: Started model olist_dataset.my_second_dbt_model
08:04:57.279845 [debug]: Started rendering model olist_dataset.my_second_dbt_model
08:04:57.279864 [info ]: Started model olist_dataset.my_first_dbt_model
08:04:57.279869 [debug]: Started rendering model olist_dataset.my_first_dbt_model
08:04:57.279924 [info ]: Finished loading project [  0.03s]
08:04:57.280634 [debug]: Compiled SQL for node model.olist_dbt.my_second_dbt_model at target\.lsp\compiled\olist_dbt\models\my_second_dbt_model.sql
08:04:57.280646 [debug]: Compiled SQL for node model.olist_dbt.my_first_dbt_model at target\.lsp\compiled\olist_dbt\models\my_first_dbt_model.sql
08:04:57.280647 [debug]: Compiled SQL for node model.olist_dbt.stg_orders at target\.lsp\compiled\olist_dbt\models\staging\stg_orders.sql
08:04:57.280759 [debug]: Finished rendering [  0.00s] model olist_dataset.stg_orders [success]
08:04:57.280806 [info ]: Started analyzing (3 nodes)
08:04:57.280816 [debug]: Started analyzing model olist_dataset.stg_orders
08:04:57.280837 [debug]: Finished rendering [  0.00s] model olist_dataset.my_second_dbt_model [success]
08:04:57.280857 [debug]: Started analyzing model olist_dataset.my_second_dbt_model
08:04:57.280922 [debug]: Finished rendering [  0.00s] model olist_dataset.my_first_dbt_model [success]
08:04:57.280947 [info ]: Finished rendering [  0.00s] (3 nodes, 0 skipped, 0 errors)
08:04:57.280958 [debug]: Started analyzing model olist_dataset.my_first_dbt_model
08:04:57.281201 [debug]: Finished analyzing [  0.00s] model olist_dataset.my_first_dbt_model [success]
08:04:57.281218 [info ]:  Succeeded [  0.00s] model olist_dataset.my_first_dbt_model (table)
08:04:57.281239 [debug]: Finished analyzing [  0.00s] model olist_dataset.my_second_dbt_model [success]
08:04:57.281248 [info ]:  Succeeded [-------] model olist_dataset.my_second_dbt_model (view)
08:04:57.281261 [debug]: Finished analyzing [  0.00s] model olist_dataset.stg_orders [success]
08:04:57.281285 [info ]: Finished analyzing [  0.00s] (3 nodes, 0 skipped, 0 errors)
08:04:57.281304 [info ]:  Succeeded [-------] model olist_dataset.stg_orders (view)
08:04:57.284231 [info ]: Started scheduling
08:04:57.284271 [info ]: Finished scheduling [  0.00s]
08:04:57.284326 [info ]: 
==================== Execution Summary =====================
Finished 'compile' successfully for target 'dev' [39ms]
Processed: 3 models
Summary: 3 total | 3 success
08:04:57.284408 [info ]: Cached model count updated: 3 models (accurate)
==================== 2026-09-11T08:06:51.780329Z | c480f58b-b3b1-4996-ad14-73fdf7c62235 ====================
08:06:51.780478 [info ]: Started loading project
08:06:51.781474 [info ]: Loading ~/.dbt/profiles.yml
==================== 2026-09-11T08:06:51.795091Z | fce95f8d-2b85-4324-91ad-17586c90393c ====================
08:06:51.795138 [info ]: Started loading project
08:06:51.795835 [info ]: Loading ~/.dbt/profiles.yml
08:06:51.795919 [info ]: Finished loading project [  0.02s]
08:06:51.802733 [debug]:    Started loading packages
08:06:51.808904 [debug]:     Loaded [  0.01s] packages
08:06:51.810860 [info ]: Finished loading project [  0.02s]
08:06:51.811262 [info ]: Started parsing
08:06:51.850432 [debug]: Finished parsing models/schema.yml [  0.00s]
08:06:51.850942 [debug]: Finished parsing models/sources.yml [  0.00s]
08:06:51.852768 [debug]: Finished parsing models/my_first_dbt_model.sql [  0.00s]
08:06:51.853578 [debug]: Finished parsing models/my_second_dbt_model.sql [  0.00s]
08:06:51.854211 [debug]: Finished parsing models/staging/stg_customers.sql [  0.00s]
08:06:51.854883 [debug]: Finished parsing models/staging/stg_orders.sql [  0.00s]
08:06:52.006851 [warn ]: [UnusedResourceConfigPath (dbt1097)]: Configuration paths exist in your dbt_project.yml file which do not apply to any resources.
There are 1 unused configuration paths:
- models.olist_dbt.example
08:06:52.007971 [info ]: Finished parsing [  0.20s]
08:06:52.008804 [info ]: Cached model count updated: 4 models (estimate)
08:06:52.008817 [info ]: Cached model count updated: 4 models (accurate)
08:06:52.008900 [info ]: Started scheduling
08:06:52.008957 [info ]: Finished scheduling [  0.00s]
08:06:52.008989 [debug]: Compilation - 0 nodes selected: {}
08:06:52.009030 [warn ]: [NoNodesForSelectionCriteria (dbt1092)]: The selection criterion '' does not match any enabled nodes
08:06:52.009060 [warn ]: [NoNodesSelected (dbt1601)]: Nothing to do. Try checking your model configs and model specification args
08:06:52.009076 [info ]: Started scheduling
08:06:52.009177 [info ]: Finished scheduling [  0.00s]
08:06:52.009570 [debug]: Initializing schema store with entry: Frontier(CanonicalFqn { catalog: "latihan-data-505310", schema: "olist_raw", table: "olist_orders_dataset" }) and interval: None
08:06:52.014229 [info ]: Started building task graph
08:06:52.014308 [info ]: Finished building task graph [  0.00s]
08:06:52.021588 [info ]: Started scheduling
08:06:52.021632 [info ]: Finished scheduling [  0.00s]
08:06:52.021753 [info ]: 
==================== Execution Summary =====================
Finished 'compile' with 3 warnings for target 'dev' [226ms]
08:06:52.021795 [info ]: 
==================== Execution Summary =====================
Finished 'compile' successfully for target 'dev' [241ms]
08:06:52.023445 [info ]: Cached model count updated: 4 models (accurate)
==================== 2026-09-11T08:06:53.774791Z | 462a581d-e50c-430c-b2b7-467569be9bb4 ====================
08:06:53.774952 [info ]: Started loading project
08:06:53.778387 [info ]: Loading ~/.dbt/profiles.yml
08:06:53.848714 [info ]: Cached model count updated: 4 models (estimate)
08:06:53.848734 [info ]: Cached model count updated: 4 models (accurate)
08:06:53.848775 [info ]: Started scheduling
08:06:53.848844 [info ]: Finished scheduling [  0.00s]
08:06:53.848859 [debug]: Compilation - 3 nodes selected: {"model.olist_dbt.my_first_dbt_model", "model.olist_dbt.my_second_dbt_model", "model.olist_dbt.stg_orders"}
08:06:53.850178 [info ]: Started building task graph
08:06:53.850233 [info ]: Finished building task graph [  0.00s]
08:06:53.855392 [info ]: Started rendering (3 nodes)
08:06:53.855419 [info ]: Started model olist_dataset.stg_orders
08:06:53.855428 [debug]: Started rendering model olist_dataset.stg_orders
08:06:53.855453 [info ]: Started model olist_dataset.my_second_dbt_model
08:06:53.855477 [debug]: Started rendering model olist_dataset.my_second_dbt_model
08:06:53.855489 [info ]: Started model olist_dataset.my_first_dbt_model
08:06:53.855498 [debug]: Started rendering model olist_dataset.my_first_dbt_model
08:06:53.855520 [info ]: Finished loading project [  0.08s]
08:06:53.857542 [debug]: Compiled SQL for node model.olist_dbt.my_second_dbt_model at target\.lsp\compiled\olist_dbt\models\my_second_dbt_model.sql
08:06:53.857692 [debug]: Compiled SQL for node model.olist_dbt.stg_orders at target\.lsp\compiled\olist_dbt\models\staging\stg_orders.sql
08:06:53.857775 [debug]: Compiled SQL for node model.olist_dbt.my_first_dbt_model at target\.lsp\compiled\olist_dbt\models\my_first_dbt_model.sql
08:06:53.857832 [debug]: Finished rendering [  0.00s] model olist_dataset.my_second_dbt_model [success]
08:06:53.857904 [info ]: Started analyzing (3 nodes)
08:06:53.857929 [debug]: Started analyzing model olist_dataset.my_second_dbt_model
08:06:53.857976 [debug]: Finished rendering [  0.00s] model olist_dataset.stg_orders [success]
08:06:53.858007 [debug]: Started analyzing model olist_dataset.stg_orders
08:06:53.858045 [debug]: Finished rendering [  0.00s] model olist_dataset.my_first_dbt_model [success]
08:06:53.858066 [info ]: Finished rendering [  0.00s] (3 nodes, 0 skipped, 0 errors)
08:06:53.858083 [debug]: Started analyzing model olist_dataset.my_first_dbt_model
08:06:53.858372 [debug]: Finished analyzing [  0.00s] model olist_dataset.my_first_dbt_model [success]
08:06:53.858404 [info ]:  Succeeded [  0.00s] model olist_dataset.my_first_dbt_model (table)
08:06:53.858450 [debug]: Finished analyzing [  0.00s] model olist_dataset.my_second_dbt_model [success]
08:06:53.858466 [info ]:  Succeeded [  0.00s] model olist_dataset.my_second_dbt_model (view)
08:06:53.858495 [debug]: Finished analyzing [  0.00s] model olist_dataset.stg_orders [success]
08:06:53.858510 [info ]: Finished analyzing [  0.00s] (3 nodes, 0 skipped, 0 errors)
08:06:53.858523 [info ]:  Succeeded [  0.00s] model olist_dataset.stg_orders (view)
08:06:53.869477 [info ]: Started scheduling
08:06:53.869617 [info ]: Finished scheduling [  0.00s]
08:06:53.869759 [info ]: 
==================== Execution Summary =====================
Finished 'compile' successfully for target 'dev' [94ms]
Processed: 3 models
Summary: 3 total | 3 success
08:06:53.869983 [info ]: Cached model count updated: 4 models (accurate)
==================== 2026-09-11T08:07:10.578511Z | 9715637f-bd38-4156-9d59-65bd224d4e1d ====================
08:07:10.578711 [info ]: Started loading project
08:07:10.579965 [info ]: Loading ~/.dbt/profiles.yml
==================== 2026-09-11T08:07:10.595878Z | 4f693344-e291-449d-bf87-5645d1f6d3ec ====================
08:07:10.595935 [info ]: Started loading project
08:07:10.596785 [info ]: Loading ~/.dbt/profiles.yml
08:07:10.596876 [info ]: Finished loading project [  0.02s]
08:07:10.605714 [debug]:    Started loading packages
08:07:10.615830 [debug]:     Loaded [  0.01s] packages
08:07:10.616857 [info ]: Finished loading project [  0.02s]
08:07:10.617105 [info ]: Started parsing
08:07:10.656145 [debug]: Finished parsing models/schema.yml [  0.00s]
08:07:10.656612 [debug]: Finished parsing models/sources.yml [  0.00s]
08:07:10.658359 [debug]: Finished parsing models/my_first_dbt_model.sql [  0.00s]
08:07:10.659167 [debug]: Finished parsing models/my_second_dbt_model.sql [  0.00s]
08:07:10.660741 [debug]: Finished parsing models/staging/stg_customers.sql [  0.00s]
08:07:10.661959 [debug]: Finished parsing models/staging/stg_order_items.sql [  0.00s]
08:07:10.663022 [debug]: Finished parsing models/staging/stg_orders.sql [  0.00s]
08:07:10.786573 [warn ]: [UnusedResourceConfigPath (dbt1097)]: Configuration paths exist in your dbt_project.yml file which do not apply to any resources.
There are 1 unused configuration paths:
- models.olist_dbt.example
08:07:10.787466 [info ]: Finished parsing [  0.17s]
08:07:10.788268 [info ]: Cached model count updated: 5 models (estimate)
08:07:10.788278 [info ]: Cached model count updated: 5 models (accurate)
08:07:10.788304 [info ]: Started scheduling
08:07:10.788334 [info ]: Finished scheduling [  0.00s]
08:07:10.788344 [debug]: Compilation - 0 nodes selected: {}
08:07:10.788360 [warn ]: [NoNodesForSelectionCriteria (dbt1092)]: The selection criterion '' does not match any enabled nodes
08:07:10.788372 [warn ]: [NoNodesSelected (dbt1601)]: Nothing to do. Try checking your model configs and model specification args
08:07:10.788380 [info ]: Started scheduling
08:07:10.788420 [info ]: Finished scheduling [  0.00s]
08:07:10.788612 [debug]: Initializing schema store with entry: Frontier(CanonicalFqn { catalog: "latihan-data-505310", schema: "olist_raw", table: "olist_orders_dataset" }) and interval: None
08:07:10.790010 [info ]: Started building task graph
08:07:10.790039 [info ]: Finished building task graph [  0.00s]
08:07:10.799009 [info ]: Started scheduling
08:07:10.799142 [info ]: Finished scheduling [  0.00s]
08:07:10.799366 [info ]: 
==================== Execution Summary =====================
Finished 'compile' with 3 warnings for target 'dev' [203ms]
08:07:10.799524 [info ]: 
==================== Execution Summary =====================
Finished 'compile' successfully for target 'dev' [221ms]
08:07:10.802091 [info ]: Cached model count updated: 5 models (accurate)
==================== 2026-09-11T08:07:12.486914Z | 20212670-1f45-401a-b654-0415584f5b46 ====================
08:07:12.487059 [info ]: Started loading project
08:07:12.487828 [info ]: Loading ~/.dbt/profiles.yml
08:07:12.515512 [info ]: Cached model count updated: 5 models (estimate)
08:07:12.515532 [info ]: Cached model count updated: 5 models (accurate)
08:07:12.515563 [info ]: Started scheduling
08:07:12.515629 [info ]: Finished scheduling [  0.00s]
08:07:12.515645 [debug]: Compilation - 3 nodes selected: {"model.olist_dbt.my_first_dbt_model", "model.olist_dbt.my_second_dbt_model", "model.olist_dbt.stg_orders"}
08:07:12.516796 [info ]: Started building task graph
08:07:12.516847 [info ]: Finished building task graph [  0.00s]
08:07:12.521294 [info ]: Started rendering (3 nodes)
08:07:12.521313 [info ]: Started model olist_dataset.stg_orders
08:07:12.521323 [debug]: Started rendering model olist_dataset.stg_orders
08:07:12.521344 [info ]: Started model olist_dataset.my_second_dbt_model
08:07:12.521351 [debug]: Started rendering model olist_dataset.my_second_dbt_model
08:07:12.521372 [info ]: Started model olist_dataset.my_first_dbt_model
08:07:12.521382 [debug]: Started rendering model olist_dataset.my_first_dbt_model
08:07:12.521431 [info ]: Finished loading project [  0.03s]
08:07:12.523846 [debug]: Compiled SQL for node model.olist_dbt.my_second_dbt_model at target\.lsp\compiled\olist_dbt\models\my_second_dbt_model.sql
08:07:12.523906 [debug]: Compiled SQL for node model.olist_dbt.stg_orders at target\.lsp\compiled\olist_dbt\models\staging\stg_orders.sql
08:07:12.524015 [debug]: Finished rendering [  0.00s] model olist_dataset.my_second_dbt_model [success]
08:07:12.524027 [debug]: Compiled SQL for node model.olist_dbt.my_first_dbt_model at target\.lsp\compiled\olist_dbt\models\my_first_dbt_model.sql
08:07:12.524077 [info ]: Started analyzing (3 nodes)
08:07:12.524095 [debug]: Started analyzing model olist_dataset.my_second_dbt_model
08:07:12.524132 [debug]: Finished rendering [  0.00s] model olist_dataset.stg_orders [success]
08:07:12.524150 [debug]: Started analyzing model olist_dataset.stg_orders
08:07:12.524204 [debug]: Finished rendering [  0.00s] model olist_dataset.my_first_dbt_model [success]
08:07:12.524216 [info ]: Finished rendering [  0.00s] (3 nodes, 0 skipped, 0 errors)
08:07:12.524233 [debug]: Started analyzing model olist_dataset.my_first_dbt_model
08:07:12.524403 [debug]: Finished analyzing [  0.00s] model olist_dataset.my_first_dbt_model [success]
08:07:12.524432 [info ]:  Succeeded [  0.00s] model olist_dataset.my_first_dbt_model (table)
08:07:12.524470 [debug]: Finished analyzing [  0.00s] model olist_dataset.my_second_dbt_model [success]
08:07:12.524476 [info ]:  Succeeded [  0.00s] model olist_dataset.my_second_dbt_model (view)
08:07:12.524501 [debug]: Finished analyzing [  0.00s] model olist_dataset.stg_orders [success]
08:07:12.524507 [info ]: Finished analyzing [  0.00s] (3 nodes, 0 skipped, 0 errors)
08:07:12.524511 [info ]:  Succeeded [  0.00s] model olist_dataset.stg_orders (view)
08:07:12.527626 [info ]: Started scheduling
08:07:12.527671 [info ]: Finished scheduling [  0.00s]
08:07:12.527736 [info ]: 
==================== Execution Summary =====================
Finished 'compile' successfully for target 'dev' [40ms]
Processed: 3 models
Summary: 3 total | 3 success
08:07:12.527852 [info ]: Cached model count updated: 5 models (accurate)
==================== 2026-09-11T08:07:19.713611Z | 856b28e0-ae53-4436-9536-464206a986aa ====================
08:07:19.713775 [info ]: Started loading project
08:07:19.714645 [info ]: Loading ~/.dbt/profiles.yml
08:07:19.737630 [info ]: Started parsing
08:07:19.800589 [info ]: Finished loading project [  0.09s]
08:07:19.803387 [debug]: Finished parsing models/staging/stg_order_items.sql [  0.00s]
08:07:19.947163 [warn ]: [UnusedResourceConfigPath (dbt1097)]: Configuration paths exist in your dbt_project.yml file which do not apply to any resources.
There are 1 unused configuration paths:
- models.olist_dbt.example
08:07:19.949255 [info ]: Finished parsing [  0.21s]
08:07:19.962335 [info ]: Cached model count updated: 5 models (estimate)
08:07:19.962396 [info ]: Cached model count updated: 5 models (accurate)
08:07:19.962511 [info ]: Started scheduling
08:07:19.962708 [info ]: Finished scheduling [  0.00s]
08:07:19.962748 [debug]: Compilation - 1 nodes selected: {"model.olist_dbt.stg_order_items"}
08:07:19.967804 [info ]: Started building task graph
08:07:19.967864 [info ]: Finished building task graph [  0.00s]
08:07:19.973147 [info ]: Started rendering (1 nodes)
08:07:19.973173 [info ]: Started model olist_dataset.stg_order_items
08:07:19.973182 [debug]: Started rendering model olist_dataset.stg_order_items
08:07:19.976709 [debug]: Compiled SQL for node model.olist_dbt.stg_order_items at target\.lsp\compiled\olist_dbt\models\staging\stg_order_items.sql
08:07:19.977140 [debug]: Finished rendering [  0.00s] model olist_dataset.stg_order_items [success]
08:07:19.977225 [info ]: Finished rendering [  0.00s] (1 nodes, 0 skipped, 0 errors)
08:07:19.977303 [info ]: Started analyzing (1 nodes)
08:07:19.977327 [debug]: Started analyzing model olist_dataset.stg_order_items
08:07:19.979772 [debug]: Finished analyzing [  0.00s] model olist_dataset.stg_order_items [success]
08:07:19.979845 [info ]: Finished analyzing [  0.00s] (1 nodes, 0 skipped, 0 errors)
08:07:19.979873 [info ]:  Succeeded [  0.01s] model olist_dataset.stg_order_items (view)
08:07:19.986865 [info ]: Started scheduling
08:07:19.986958 [info ]: Finished scheduling [  0.00s]
08:07:19.987515 [info ]: 
==================== Execution Summary =====================
Finished 'compile' with 1 warning for target 'dev' [273ms]
Processed: 1 model
Summary: 1 total | 1 success
08:07:19.987605 [info ]: Cached model count updated: 5 models (accurate)
==================== 2026-09-11T08:07:21.653531Z | fbb36e81-5f30-4eb2-ad6a-90e6b276d63a ====================
08:07:21.653962 [info ]: Started loading project
08:07:21.657590 [info ]: Loading ~/.dbt/profiles.yml
08:07:21.731250 [info ]: Cached model count updated: 5 models (estimate)
08:07:21.731269 [info ]: Cached model count updated: 5 models (accurate)
08:07:21.731305 [info ]: Started scheduling
08:07:21.731375 [info ]: Finished scheduling [  0.00s]
08:07:21.731390 [debug]: Compilation - 4 nodes selected: {"model.olist_dbt.my_first_dbt_model", "model.olist_dbt.my_second_dbt_model", "model.olist_dbt.stg_order_items", "model.olist_dbt.stg_orders"}
08:07:21.732595 [info ]: Started building task graph
08:07:21.732642 [info ]: Finished building task graph [  0.00s]
08:07:21.737264 [info ]: Started rendering (4 nodes)
08:07:21.737280 [info ]: Started model olist_dataset.stg_orders
08:07:21.737290 [debug]: Started rendering model olist_dataset.stg_orders
08:07:21.737311 [info ]: Started model olist_dataset.stg_order_items
08:07:21.737329 [debug]: Started rendering model olist_dataset.stg_order_items
08:07:21.737342 [info ]: Started model olist_dataset.my_second_dbt_model
08:07:21.737349 [debug]: Started rendering model olist_dataset.my_second_dbt_model
08:07:21.737360 [info ]: Started model olist_dataset.my_first_dbt_model
08:07:21.737371 [debug]: Started rendering model olist_dataset.my_first_dbt_model
08:07:21.737391 [info ]: Finished loading project [  0.08s]
08:07:21.738082 [debug]: Compiled SQL for node model.olist_dbt.stg_orders at target\.lsp\compiled\olist_dbt\models\staging\stg_orders.sql
08:07:21.738073 [debug]: Compiled SQL for node model.olist_dbt.stg_order_items at target\.lsp\compiled\olist_dbt\models\staging\stg_order_items.sql
08:07:21.738104 [debug]: Compiled SQL for node model.olist_dbt.my_second_dbt_model at target\.lsp\compiled\olist_dbt\models\my_second_dbt_model.sql
08:07:21.738201 [debug]: Finished rendering [  0.00s] model olist_dataset.stg_order_items [success]
08:07:21.738260 [info ]: Started analyzing (4 nodes)
08:07:21.738272 [debug]: Started analyzing model olist_dataset.stg_order_items
08:07:21.738304 [debug]: Finished rendering [  0.00s] model olist_dataset.stg_orders [success]
08:07:21.738315 [debug]: Compiled SQL for node model.olist_dbt.my_first_dbt_model at target\.lsp\compiled\olist_dbt\models\my_first_dbt_model.sql
08:07:21.738327 [debug]: Started analyzing model olist_dataset.stg_orders
08:07:21.738348 [debug]: Finished rendering [  0.00s] model olist_dataset.my_second_dbt_model [success]
08:07:21.738368 [debug]: Started analyzing model olist_dataset.my_second_dbt_model
08:07:21.738394 [debug]: Finished rendering [  0.00s] model olist_dataset.my_first_dbt_model [success]
08:07:21.738411 [info ]: Finished rendering [  0.00s] (4 nodes, 0 skipped, 0 errors)
08:07:21.738428 [debug]: Started analyzing model olist_dataset.my_first_dbt_model
08:07:21.738625 [debug]: Finished analyzing [  0.00s] model olist_dataset.my_second_dbt_model [success]
08:07:21.738645 [info ]:  Succeeded [-------] model olist_dataset.my_second_dbt_model (view)
08:07:21.738665 [debug]: Finished analyzing [  0.00s] model olist_dataset.my_first_dbt_model [success]
08:07:21.738672 [info ]:  Succeeded [  0.00s] model olist_dataset.my_first_dbt_model (table)
08:07:21.738685 [debug]: Finished analyzing [  0.00s] model olist_dataset.stg_orders [success]
08:07:21.738693 [info ]:  Succeeded [  0.00s] model olist_dataset.stg_orders (view)
08:07:21.739806 [debug]: Finished analyzing [  0.00s] model olist_dataset.stg_order_items [success]
08:07:21.739820 [info ]: Finished analyzing [  0.00s] (4 nodes, 0 skipped, 0 errors)
08:07:21.739829 [info ]:  Succeeded [  0.00s] model olist_dataset.stg_order_items (view)
08:07:21.746169 [info ]: Started scheduling
08:07:21.746258 [info ]: Finished scheduling [  0.00s]
08:07:21.746364 [info ]: 
==================== Execution Summary =====================
Finished 'compile' successfully for target 'dev' [92ms]
Processed: 4 models
Summary: 4 total | 4 success
08:07:21.746521 [info ]: Cached model count updated: 5 models (accurate)
==================== 2026-09-11T08:07:22.069105Z | 26f878d4-0bfa-41cd-a12e-358c462de102 ====================
08:07:22.069441 [info ]: Started loading project
08:07:22.072034 [info ]: Loading ~/.dbt/profiles.yml
08:07:22.091255 [info ]: Started parsing
08:07:22.154603 [info ]: Finished loading project [  0.09s]
08:07:22.156868 [debug]: Finished parsing models/staging/stg_customers.sql [  0.00s]
08:07:22.278781 [warn ]: [UnusedResourceConfigPath (dbt1097)]: Configuration paths exist in your dbt_project.yml file which do not apply to any resources.
There are 1 unused configuration paths:
- models.olist_dbt.example
08:07:22.279886 [info ]: Finished parsing [  0.19s]
08:07:22.283423 [info ]: Cached model count updated: 5 models (estimate)
08:07:22.283476 [info ]: Cached model count updated: 5 models (accurate)
08:07:22.283594 [info ]: Started scheduling
08:07:22.283754 [info ]: Finished scheduling [  0.00s]
08:07:22.283793 [debug]: Compilation - 1 nodes selected: {"model.olist_dbt.stg_customers"}
08:07:22.285291 [info ]: Started building task graph
08:07:22.285337 [info ]: Finished building task graph [  0.00s]
08:07:22.290308 [info ]: Started rendering (1 nodes)
08:07:22.290334 [info ]: Started model olist_dataset.stg_customers
08:07:22.290343 [debug]: Started rendering model olist_dataset.stg_customers
08:07:22.293568 [debug]: Compiled SQL for node model.olist_dbt.stg_customers at target\.lsp\compiled\olist_dbt\models\staging\stg_customers.sql
08:07:22.293928 [debug]: Finished rendering [  0.00s] model olist_dataset.stg_customers [success]
08:07:22.293975 [info ]: Finished rendering [  0.00s] (1 nodes, 0 skipped, 0 errors)
08:07:22.294019 [info ]: Started analyzing (1 nodes)
08:07:22.294037 [debug]: Started analyzing model olist_dataset.stg_customers
08:07:22.295188 [debug]: Finished analyzing [  0.00s] model olist_dataset.stg_customers [success]
08:07:22.295220 [info ]: Finished analyzing [  0.00s] (1 nodes, 0 skipped, 0 errors)
08:07:22.295232 [info ]:  Succeeded [  0.00s] model olist_dataset.stg_customers (view)
08:07:22.300432 [info ]: Started scheduling
08:07:22.300539 [info ]: Finished scheduling [  0.00s]
08:07:22.301368 [info ]: 
==================== Execution Summary =====================
Finished 'compile' with 1 warning for target 'dev' [232ms]
Processed: 1 model
Summary: 1 total | 1 success
08:07:22.301584 [info ]: Cached model count updated: 5 models (accurate)
==================== 2026-09-11T08:07:23.992511Z | 1020b1a7-6ed1-4189-97d4-0407e2ff5cc7 ====================
08:07:23.992715 [info ]: Started loading project
08:07:23.997529 [info ]: Loading ~/.dbt/profiles.yml
08:07:24.047972 [info ]: Cached model count updated: 5 models (estimate)
08:07:24.048039 [info ]: Cached model count updated: 5 models (accurate)
08:07:24.048158 [info ]: Started scheduling
08:07:24.048289 [info ]: Finished scheduling [  0.00s]
08:07:24.048304 [debug]: Compilation - 5 nodes selected: {"model.olist_dbt.my_first_dbt_model", "model.olist_dbt.my_second_dbt_model", "model.olist_dbt.stg_customers", "model.olist_dbt.stg_order_items", "model.olist_dbt.stg_orders"}
08:07:24.049536 [info ]: Started building task graph
08:07:24.049592 [info ]: Finished building task graph [  0.00s]
08:07:24.053925 [info ]: Started rendering (5 nodes)
08:07:24.053945 [info ]: Started model olist_dataset.stg_orders
08:07:24.053953 [debug]: Started rendering model olist_dataset.stg_orders
08:07:24.053974 [info ]: Started model olist_dataset.stg_order_items
08:07:24.053980 [debug]: Started rendering model olist_dataset.stg_order_items
08:07:24.053998 [info ]: Started model olist_dataset.stg_customers
08:07:24.054003 [debug]: Started rendering model olist_dataset.stg_customers
08:07:24.054030 [info ]: Started model olist_dataset.my_second_dbt_model
08:07:24.054035 [debug]: Started rendering model olist_dataset.my_second_dbt_model
08:07:24.054049 [info ]: Started model olist_dataset.my_first_dbt_model
08:07:24.054054 [debug]: Started rendering model olist_dataset.my_first_dbt_model
08:07:24.054058 [info ]: Finished loading project [  0.06s]
08:07:24.054866 [debug]: Compiled SQL for node model.olist_dbt.stg_orders at target\.lsp\compiled\olist_dbt\models\staging\stg_orders.sql
08:07:24.054866 [debug]: Compiled SQL for node model.olist_dbt.stg_order_items at target\.lsp\compiled\olist_dbt\models\staging\stg_order_items.sql
08:07:24.054877 [debug]: Compiled SQL for node model.olist_dbt.my_second_dbt_model at target\.lsp\compiled\olist_dbt\models\my_second_dbt_model.sql
08:07:24.054883 [debug]: Compiled SQL for node model.olist_dbt.stg_customers at target\.lsp\compiled\olist_dbt\models\staging\stg_customers.sql
08:07:24.055027 [debug]: Finished rendering [  0.00s] model olist_dataset.my_second_dbt_model [success]
08:07:24.055108 [info ]: Started analyzing (5 nodes)
08:07:24.055112 [debug]: Compiled SQL for node model.olist_dbt.my_first_dbt_model at target\.lsp\compiled\olist_dbt\models\my_first_dbt_model.sql
08:07:24.055141 [debug]: Started analyzing model olist_dataset.my_second_dbt_model
08:07:24.055172 [debug]: Finished rendering [  0.00s] model olist_dataset.stg_orders [success]
08:07:24.055192 [debug]: Started analyzing model olist_dataset.stg_orders
08:07:24.055221 [debug]: Finished rendering [  0.00s] model olist_dataset.stg_order_items [success]
08:07:24.055242 [debug]: Started analyzing model olist_dataset.stg_order_items
08:07:24.055272 [debug]: Finished rendering [  0.00s] model olist_dataset.stg_customers [success]
08:07:24.055295 [debug]: Started analyzing model olist_dataset.stg_customers
08:07:24.055327 [debug]: Finished rendering [  0.00s] model olist_dataset.my_first_dbt_model [success]
08:07:24.055342 [info ]: Finished rendering [  0.00s] (5 nodes, 0 skipped, 0 errors)
08:07:24.055356 [debug]: Started analyzing model olist_dataset.my_first_dbt_model
08:07:24.055615 [debug]: Finished analyzing [  0.00s] model olist_dataset.my_first_dbt_model [success]
08:07:24.055642 [info ]:  Succeeded [  0.00s] model olist_dataset.my_first_dbt_model (table)
08:07:24.055669 [debug]: Finished analyzing [  0.00s] model olist_dataset.my_second_dbt_model [success]
08:07:24.055683 [info ]:  Succeeded [-------] model olist_dataset.my_second_dbt_model (view)
08:07:24.055705 [debug]: Finished analyzing [  0.00s] model olist_dataset.stg_order_items [success]
08:07:24.055719 [info ]:  Succeeded [  0.00s] model olist_dataset.stg_order_items (view)
08:07:24.055738 [debug]: Finished analyzing [  0.00s] model olist_dataset.stg_orders [success]
08:07:24.055748 [info ]:  Succeeded [  0.00s] model olist_dataset.stg_orders (view)
08:07:24.055761 [debug]: Finished analyzing [  0.00s] model olist_dataset.stg_customers [success]
08:07:24.055773 [info ]: Finished analyzing [  0.00s] (5 nodes, 0 skipped, 0 errors)
08:07:24.055779 [info ]:  Succeeded [  0.00s] model olist_dataset.stg_customers (view)
08:07:24.058686 [info ]: Started scheduling
08:07:24.058732 [info ]: Finished scheduling [  0.00s]
08:07:24.058804 [info ]: 
==================== Execution Summary =====================
Finished 'compile' successfully for target 'dev' [66ms]
Processed: 5 models
Summary: 5 total | 5 success
08:07:24.058883 [info ]: Cached model count updated: 5 models (accurate)
==================== 2026-09-11T08:07:38.902175Z | 7e0f911e-7699-402c-b461-0678b7bcad32 ====================
08:07:38.902281 [info ]: Started loading project
08:07:38.903737 [info ]: Loading ~/.dbt/profiles.yml
==================== 2026-09-11T08:07:38.922253Z | 43904513-c51e-483f-9fd4-3955a0daa988 ====================
08:07:38.922323 [info ]: Started loading project
08:07:38.923025 [info ]: Loading ~/.dbt/profiles.yml
08:07:38.923075 [info ]: Finished loading project [  0.02s]
08:07:38.932501 [debug]:    Started loading packages
08:07:38.940772 [debug]:     Loaded [  0.01s] packages
08:07:38.941574 [info ]: Finished loading project [  0.02s]
08:07:38.941767 [info ]: Started parsing
08:07:38.984018 [debug]: Finished parsing models/schema.yml [  0.00s]
08:07:38.984565 [debug]: Finished parsing models/sources.yml [  0.00s]
08:07:38.986722 [debug]: Finished parsing models/my_first_dbt_model.sql [  0.00s]
08:07:38.987405 [debug]: Finished parsing models/my_second_dbt_model.sql [  0.00s]
08:07:38.988059 [debug]: Finished parsing models/staging/stg_customers.sql [  0.00s]
08:07:38.988759 [debug]: Finished parsing models/staging/stg_order_items.sql [  0.00s]
08:07:38.989465 [debug]: Finished parsing models/staging/stg_orders.sql [  0.00s]
08:07:38.990102 [debug]: Finished parsing models/staging/stg_products.sql [  0.00s]
08:07:39.131307 [warn ]: [UnusedResourceConfigPath (dbt1097)]: Configuration paths exist in your dbt_project.yml file which do not apply to any resources.
There are 1 unused configuration paths:
- models.olist_dbt.example
08:07:39.132268 [info ]: Finished parsing [  0.19s]
08:07:39.133305 [info ]: Cached model count updated: 6 models (estimate)
08:07:39.133322 [info ]: Cached model count updated: 6 models (accurate)
08:07:39.133392 [info ]: Started scheduling
08:07:39.134658 [info ]: Finished scheduling [  0.00s]
08:07:39.134688 [debug]: Compilation - 0 nodes selected: {}
08:07:39.134718 [warn ]: [NoNodesForSelectionCriteria (dbt1092)]: The selection criterion '' does not match any enabled nodes
08:07:39.134736 [warn ]: [NoNodesSelected (dbt1601)]: Nothing to do. Try checking your model configs and model specification args
08:07:39.134747 [info ]: Started scheduling
08:07:39.134810 [info ]: Finished scheduling [  0.00s]
08:07:39.135180 [debug]: Initializing schema store with entry: Frontier(CanonicalFqn { catalog: "latihan-data-505310", schema: "olist_raw", table: "olist_customers_dataset" }) and interval: None
08:07:39.135192 [debug]: Initializing schema store with entry: Frontier(CanonicalFqn { catalog: "latihan-data-505310", schema: "olist_raw", table: "olist_order_items_dataset" }) and interval: None
08:07:39.135199 [debug]: Initializing schema store with entry: Frontier(CanonicalFqn { catalog: "latihan-data-505310", schema: "olist_raw", table: "olist_orders_dataset" }) and interval: None
08:07:39.136635 [info ]: Started building task graph
08:07:39.136667 [info ]: Finished building task graph [  0.00s]
08:07:39.148407 [info ]: Started scheduling
08:07:39.148509 [info ]: Finished scheduling [  0.00s]
08:07:39.148670 [info ]: 
==================== Execution Summary =====================
Finished 'compile' with 3 warnings for target 'dev' [226ms]
08:07:39.148734 [info ]: 
==================== Execution Summary =====================
Finished 'compile' successfully for target 'dev' [246ms]
08:07:39.151551 [info ]: Cached model count updated: 6 models (accurate)
==================== 2026-09-11T08:07:40.818504Z | 51fb0b14-7a35-4c76-b6e4-d8febd536077 ====================
08:07:40.818586 [info ]: Started loading project
08:07:40.819449 [info ]: Loading ~/.dbt/profiles.yml
08:07:40.856765 [info ]: Cached model count updated: 6 models (estimate)
08:07:40.856784 [info ]: Cached model count updated: 6 models (accurate)
08:07:40.856818 [info ]: Started scheduling
08:07:40.856899 [info ]: Finished scheduling [  0.00s]
08:07:40.856913 [debug]: Compilation - 5 nodes selected: {"model.olist_dbt.my_first_dbt_model", "model.olist_dbt.my_second_dbt_model", "model.olist_dbt.stg_customers", "model.olist_dbt.stg_order_items", "model.olist_dbt.stg_orders"}
08:07:40.858086 [info ]: Started building task graph
08:07:40.858138 [info ]: Finished building task graph [  0.00s]
08:07:40.862588 [info ]: Started rendering (5 nodes)
08:07:40.862610 [info ]: Started model olist_dataset.stg_orders
08:07:40.862620 [debug]: Started rendering model olist_dataset.stg_orders
08:07:40.862640 [info ]: Started model olist_dataset.stg_order_items
08:07:40.862648 [debug]: Started rendering model olist_dataset.stg_order_items
08:07:40.862667 [info ]: Started model olist_dataset.stg_customers
08:07:40.862672 [debug]: Started rendering model olist_dataset.stg_customers
08:07:40.862699 [info ]: Started model olist_dataset.my_second_dbt_model
08:07:40.862705 [debug]: Started rendering model olist_dataset.my_second_dbt_model
08:07:40.862719 [info ]: Started model olist_dataset.my_first_dbt_model
08:07:40.862727 [debug]: Started rendering model olist_dataset.my_first_dbt_model
08:07:40.862735 [info ]: Finished loading project [  0.04s]
08:07:40.865070 [debug]: Compiled SQL for node model.olist_dbt.stg_orders at target\.lsp\compiled\olist_dbt\models\staging\stg_orders.sql
08:07:40.865070 [debug]: Compiled SQL for node model.olist_dbt.stg_order_items at target\.lsp\compiled\olist_dbt\models\staging\stg_order_items.sql
08:07:40.865156 [debug]: Compiled SQL for node model.olist_dbt.my_second_dbt_model at target\.lsp\compiled\olist_dbt\models\my_second_dbt_model.sql
08:07:40.865236 [debug]: Finished rendering [  0.00s] model olist_dataset.stg_order_items [success]
08:07:40.865253 [debug]: Compiled SQL for node model.olist_dbt.my_first_dbt_model at target\.lsp\compiled\olist_dbt\models\my_first_dbt_model.sql
08:07:40.865298 [info ]: Started analyzing (5 nodes)
08:07:40.865321 [debug]: Started analyzing model olist_dataset.stg_order_items
08:07:40.865358 [debug]: Finished rendering [  0.00s] model olist_dataset.stg_orders [success]
08:07:40.865407 [debug]: Started analyzing model olist_dataset.stg_orders
08:07:40.865434 [debug]: Finished rendering [  0.00s] model olist_dataset.my_second_dbt_model [success]
08:07:40.865457 [debug]: Started analyzing model olist_dataset.my_second_dbt_model
08:07:40.865483 [debug]: Finished rendering [  0.00s] model olist_dataset.my_first_dbt_model [success]
08:07:40.865502 [debug]: Started analyzing model olist_dataset.my_first_dbt_model
08:07:40.865500 [debug]: Compiled SQL for node model.olist_dbt.stg_customers at target\.lsp\compiled\olist_dbt\models\staging\stg_customers.sql
08:07:40.865634 [debug]: Finished rendering [  0.00s] model olist_dataset.stg_customers [success]
08:07:40.865650 [info ]: Finished rendering [  0.00s] (5 nodes, 0 skipped, 0 errors)
08:07:40.865667 [debug]: Started analyzing model olist_dataset.stg_customers
08:07:40.865753 [debug]: Finished analyzing [  0.00s] model olist_dataset.my_second_dbt_model [success]
08:07:40.865783 [info ]:  Succeeded [  0.00s] model olist_dataset.my_second_dbt_model (view)
08:07:40.865824 [debug]: Finished analyzing [  0.00s] model olist_dataset.my_first_dbt_model [success]
08:07:40.865837 [info ]:  Succeeded [  0.00s] model olist_dataset.my_first_dbt_model (table)
08:07:40.865864 [debug]: Finished analyzing [  0.00s] model olist_dataset.stg_orders [success]
08:07:40.865879 [info ]:  Succeeded [  0.00s] model olist_dataset.stg_orders (view)
08:07:40.865901 [debug]: Finished analyzing [  0.00s] model olist_dataset.stg_order_items [success]
08:07:40.865912 [info ]:  Succeeded [  0.00s] model olist_dataset.stg_order_items (view)
08:07:40.865926 [debug]: Finished analyzing [  0.00s] model olist_dataset.stg_customers [success]
08:07:40.865934 [info ]: Finished analyzing [  0.00s] (5 nodes, 0 skipped, 0 errors)
08:07:40.865942 [info ]:  Succeeded [  0.00s] model olist_dataset.stg_customers (view)
08:07:40.869055 [info ]: Started scheduling
08:07:40.869100 [info ]: Finished scheduling [  0.00s]
08:07:40.869162 [info ]: 
==================== Execution Summary =====================
Finished 'compile' successfully for target 'dev' [50ms]
Processed: 5 models
Summary: 5 total | 5 success
08:07:40.869260 [info ]: Cached model count updated: 6 models (accurate)
==================== 2026-09-11T08:07:41.495820Z | 26fe5f53-0fcc-495c-b55b-9f55c9098010 ====================
08:07:41.495904 [info ]: Started loading project
08:07:41.496693 [info ]: Loading ~/.dbt/profiles.yml
08:07:41.512731 [info ]: Started parsing
08:07:41.556567 [info ]: Finished loading project [  0.06s]
08:07:41.561331 [debug]: Finished parsing models/staging/stg_products.sql [  0.00s]
08:07:41.684950 [warn ]: [UnusedResourceConfigPath (dbt1097)]: Configuration paths exist in your dbt_project.yml file which do not apply to any resources.
There are 1 unused configuration paths:
- models.olist_dbt.example
08:07:41.686073 [info ]: Finished parsing [  0.17s]
08:07:41.689293 [info ]: Cached model count updated: 6 models (estimate)
08:07:41.689313 [info ]: Cached model count updated: 6 models (accurate)
08:07:41.689353 [info ]: Started scheduling
08:07:41.689430 [info ]: Finished scheduling [  0.00s]
08:07:41.689445 [debug]: Compilation - 1 nodes selected: {"model.olist_dbt.stg_products"}
08:07:41.691000 [info ]: Started building task graph
08:07:41.691051 [info ]: Finished building task graph [  0.00s]
08:07:41.697780 [info ]: Started rendering (1 nodes)
08:07:41.697808 [info ]: Started model olist_dataset.stg_products
08:07:41.697821 [debug]: Started rendering model olist_dataset.stg_products
08:07:41.703153 [debug]: Compiled SQL for node model.olist_dbt.stg_products at target\.lsp\compiled\olist_dbt\models\staging\stg_products.sql
08:07:41.703351 [debug]: Finished rendering [  0.01s] model olist_dataset.stg_products [success]
08:07:41.703372 [info ]: Finished rendering [  0.01s] (1 nodes, 0 skipped, 0 errors)
08:07:41.703396 [info ]: Started analyzing (1 nodes)
08:07:41.703404 [debug]: Started analyzing model olist_dataset.stg_products
08:07:41.703833 [debug]: Finished analyzing [  0.00s] model olist_dataset.stg_products [success]
08:07:41.703847 [info ]: Finished analyzing [  0.00s] (1 nodes, 0 skipped, 0 errors)
08:07:41.703855 [info ]:  Succeeded [  0.01s] model olist_dataset.stg_products (view)
08:07:41.706749 [info ]: Started scheduling
08:07:41.706829 [info ]: Finished scheduling [  0.00s]
08:07:41.707362 [info ]: 
==================== Execution Summary =====================
Finished 'compile' with 1 warning for target 'dev' [211ms]
Processed: 1 model
Summary: 1 total | 1 success
08:07:41.707432 [info ]: Cached model count updated: 6 models (accurate)
==================== 2026-09-11T08:07:43.374636Z | d7998ff5-ee5b-488f-8f3e-21f6e3443177 ====================
08:07:43.374709 [info ]: Started loading project
08:07:43.376246 [info ]: Loading ~/.dbt/profiles.yml
08:07:43.417919 [info ]: Cached model count updated: 6 models (estimate)
08:07:43.417938 [info ]: Cached model count updated: 6 models (accurate)
08:07:43.417973 [info ]: Started scheduling
08:07:43.418056 [info ]: Finished scheduling [  0.00s]
08:07:43.418070 [debug]: Compilation - 6 nodes selected: {"model.olist_dbt.my_first_dbt_model", "model.olist_dbt.my_second_dbt_model", "model.olist_dbt.stg_customers", "model.olist_dbt.stg_order_items", "model.olist_dbt.stg_orders", "model.olist_dbt.stg_products"}
08:07:43.419222 [info ]: Started building task graph
08:07:43.420697 [info ]: Finished building task graph [  0.00s]
08:07:43.425310 [info ]: Started rendering (6 nodes)
08:07:43.425332 [info ]: Started model olist_dataset.stg_products
08:07:43.425341 [debug]: Started rendering model olist_dataset.stg_products
08:07:43.425384 [info ]: Started model olist_dataset.stg_orders
08:07:43.425391 [debug]: Started rendering model olist_dataset.stg_orders
08:07:43.425407 [info ]: Started model olist_dataset.stg_order_items
08:07:43.425414 [debug]: Started rendering model olist_dataset.stg_order_items
08:07:43.425418 [info ]: Finished loading project [  0.05s]
08:07:43.425425 [info ]: Started model olist_dataset.stg_customers
08:07:43.425436 [debug]: Started rendering model olist_dataset.stg_customers
08:07:43.425451 [info ]: Started model olist_dataset.my_second_dbt_model
08:07:43.425466 [debug]: Started rendering model olist_dataset.my_second_dbt_model
08:07:43.425483 [info ]: Started model olist_dataset.my_first_dbt_model
08:07:43.425497 [debug]: Started rendering model olist_dataset.my_first_dbt_model
08:07:43.426527 [debug]: Compiled SQL for node model.olist_dbt.stg_products at target\.lsp\compiled\olist_dbt\models\staging\stg_products.sql
08:07:43.426527 [debug]: Compiled SQL for node model.olist_dbt.my_second_dbt_model at target\.lsp\compiled\olist_dbt\models\my_second_dbt_model.sql
08:07:43.426558 [debug]: Compiled SQL for node model.olist_dbt.stg_order_items at target\.lsp\compiled\olist_dbt\models\staging\stg_order_items.sql
08:07:43.426527 [debug]: Compiled SQL for node model.olist_dbt.stg_orders at target\.lsp\compiled\olist_dbt\models\staging\stg_orders.sql
08:07:43.426562 [debug]: Compiled SQL for node model.olist_dbt.stg_customers at target\.lsp\compiled\olist_dbt\models\staging\stg_customers.sql
08:07:43.426718 [debug]: Finished rendering [  0.00s] model olist_dataset.stg_orders [success]
08:07:43.426819 [info ]: Started analyzing (6 nodes)
08:07:43.426848 [debug]: Started analyzing model olist_dataset.stg_orders
08:07:43.426869 [debug]: Compiled SQL for node model.olist_dbt.my_first_dbt_model at target\.lsp\compiled\olist_dbt\models\my_first_dbt_model.sql
08:07:43.426895 [debug]: Finished rendering [  0.00s] model olist_dataset.stg_products [success]
08:07:43.426911 [debug]: Started analyzing model olist_dataset.stg_products
08:07:43.426933 [debug]: Finished rendering [  0.00s] model olist_dataset.stg_order_items [success]
08:07:43.426950 [debug]: Started analyzing model olist_dataset.stg_order_items
08:07:43.426974 [debug]: Finished rendering [  0.00s] model olist_dataset.stg_customers [success]
08:07:43.426991 [debug]: Started analyzing model olist_dataset.stg_customers
08:07:43.427015 [debug]: Finished rendering [  0.00s] model olist_dataset.my_first_dbt_model [success]
08:07:43.427036 [debug]: Started analyzing model olist_dataset.my_first_dbt_model
08:07:43.427394 [debug]: Finished rendering [  0.00s] model olist_dataset.my_second_dbt_model [success]
08:07:43.427408 [info ]: Finished rendering [  0.00s] (6 nodes, 0 skipped, 0 errors)
08:07:43.427426 [debug]: Started analyzing model olist_dataset.my_second_dbt_model
08:07:43.427466 [debug]: Finished analyzing [  0.00s] model olist_dataset.stg_customers [success]
08:07:43.427476 [info ]:  Succeeded [  0.00s] model olist_dataset.stg_customers (view)
08:07:43.427496 [debug]: Finished analyzing [  0.00s] model olist_dataset.stg_order_items [success]
08:07:43.427504 [info ]:  Succeeded [  0.00s] model olist_dataset.stg_order_items (view)
08:07:43.427517 [debug]: Finished analyzing [  0.00s] model olist_dataset.stg_orders [success]
08:07:43.427527 [info ]:  Succeeded [  0.00s] model olist_dataset.stg_orders (view)
08:07:43.427538 [debug]: Finished analyzing [  0.00s] model olist_dataset.my_first_dbt_model [success]
08:07:43.427544 [info ]:  Succeeded [  0.00s] model olist_dataset.my_first_dbt_model (table)
08:07:43.427555 [debug]: Finished analyzing [  0.00s] model olist_dataset.stg_products [success]
08:07:43.427563 [info ]:  Succeeded [  0.00s] model olist_dataset.stg_products (view)
08:07:43.427607 [debug]: Finished analyzing [  0.00s] model olist_dataset.my_second_dbt_model [success]
08:07:43.427621 [info ]: Finished analyzing [  0.00s] (6 nodes, 0 skipped, 0 errors)
08:07:43.427630 [info ]:  Succeeded [  0.00s] model olist_dataset.my_second_dbt_model (view)
08:07:43.430634 [info ]: Started scheduling
08:07:43.430690 [info ]: Finished scheduling [  0.00s]
08:07:43.430762 [info ]: 
==================== Execution Summary =====================
Finished 'compile' successfully for target 'dev' [56ms]
Processed: 6 models
Summary: 6 total | 6 success
08:07:43.430876 [info ]: Cached model count updated: 6 models (accurate)
==================== 2026-09-11T08:07:51.276264Z | 7f79c847-846a-47cd-bfdb-5aedcfe68c65 ====================
08:07:51.276586 [info ]: Started loading project
08:07:51.278628 [info ]: Loading ~/.dbt/profiles.yml
==================== 2026-09-11T08:07:51.303417Z | b05d1c67-04d9-4a42-9342-07458e87f84e ====================
08:07:51.303752 [info ]: Started loading project
08:07:51.307925 [info ]: Loading ~/.dbt/profiles.yml
08:07:51.308171 [info ]: Finished loading project [  0.03s]
08:07:51.323457 [debug]:    Started loading packages
08:07:51.335895 [debug]:     Loaded [  0.01s] packages
08:07:51.336714 [info ]: Finished loading project [  0.03s]
08:07:51.336910 [info ]: Started parsing
08:07:51.377806 [debug]: Finished parsing models/schema.yml [  0.00s]
08:07:51.379009 [debug]: Finished parsing models/sources.yml [  0.00s]
08:07:51.383460 [debug]: Finished parsing models/my_first_dbt_model.sql [  0.00s]
08:07:51.385165 [debug]: Finished parsing models/my_second_dbt_model.sql [  0.00s]
08:07:51.386547 [debug]: Finished parsing models/staging/stg_customers.sql [  0.00s]
08:07:51.387841 [debug]: Finished parsing models/staging/stg_order_items.sql [  0.00s]
08:07:51.388913 [debug]: Finished parsing models/staging/stg_order_payments.sql [  0.00s]
08:07:51.390025 [debug]: Finished parsing models/staging/stg_orders.sql [  0.00s]
08:07:51.391066 [debug]: Finished parsing models/staging/stg_products.sql [  0.00s]
08:07:51.573487 [warn ]: [UnusedResourceConfigPath (dbt1097)]: Configuration paths exist in your dbt_project.yml file which do not apply to any resources.
There are 1 unused configuration paths:
- models.olist_dbt.example
08:07:51.574416 [info ]: Finished parsing [  0.24s]
08:07:51.575322 [info ]: Cached model count updated: 7 models (estimate)
08:07:51.575333 [info ]: Cached model count updated: 7 models (accurate)
08:07:51.575363 [info ]: Started scheduling
08:07:51.575400 [info ]: Finished scheduling [  0.00s]
08:07:51.575410 [debug]: Compilation - 0 nodes selected: {}
08:07:51.575427 [warn ]: [NoNodesForSelectionCriteria (dbt1092)]: The selection criterion '' does not match any enabled nodes
08:07:51.575438 [warn ]: [NoNodesSelected (dbt1601)]: Nothing to do. Try checking your model configs and model specification args
08:07:51.575445 [info ]: Started scheduling
08:07:51.575505 [info ]: Finished scheduling [  0.00s]
08:07:51.575873 [debug]: Initializing schema store with entry: Frontier(CanonicalFqn { catalog: "latihan-data-505310", schema: "olist_raw", table: "olist_products_dataset" }) and interval: None
08:07:51.575923 [debug]: Initializing schema store with entry: Frontier(CanonicalFqn { catalog: "latihan-data-505310", schema: "olist_raw", table: "olist_order_items_dataset" }) and interval: None
08:07:51.575931 [debug]: Initializing schema store with entry: Frontier(CanonicalFqn { catalog: "latihan-data-505310", schema: "olist_raw", table: "olist_orders_dataset" }) and interval: None
08:07:51.575936 [debug]: Initializing schema store with entry: Frontier(CanonicalFqn { catalog: "latihan-data-505310", schema: "olist_raw", table: "olist_customers_dataset" }) and interval: None
08:07:51.580294 [info ]: Started building task graph
08:07:51.580354 [info ]: Finished building task graph [  0.00s]
08:07:51.591048 [info ]: Started scheduling
08:07:51.591107 [info ]: Finished scheduling [  0.00s]
08:07:51.591221 [info ]: 
==================== Execution Summary =====================
Finished 'compile' with 3 warnings for target 'dev' [287ms]
08:07:51.591267 [info ]: 
==================== Execution Summary =====================
Finished 'compile' successfully for target 'dev' [315ms]
08:07:51.596895 [info ]: Cached model count updated: 7 models (accurate)
==================== 2026-09-11T08:07:53.210299Z | 34850609-7a0e-4bb4-9ce7-5f89524a3716 ====================
08:07:53.210449 [info ]: Started loading project
08:07:53.211500 [info ]: Loading ~/.dbt/profiles.yml
08:07:53.245389 [info ]: Cached model count updated: 7 models (estimate)
08:07:53.245409 [info ]: Cached model count updated: 7 models (accurate)
08:07:53.245448 [info ]: Started scheduling
08:07:53.245531 [info ]: Finished scheduling [  0.00s]
08:07:53.245547 [debug]: Compilation - 6 nodes selected: {"model.olist_dbt.my_first_dbt_model", "model.olist_dbt.my_second_dbt_model", "model.olist_dbt.stg_customers", "model.olist_dbt.stg_order_items", "model.olist_dbt.stg_orders", "model.olist_dbt.stg_products"}
08:07:53.246755 [info ]: Started building task graph
08:07:53.246820 [info ]: Finished building task graph [  0.00s]
08:07:53.251148 [info ]: Started rendering (6 nodes)
08:07:53.251213 [info ]: Started model olist_dataset.stg_products
08:07:53.251240 [debug]: Started rendering model olist_dataset.stg_products
08:07:53.251299 [info ]: Started model olist_dataset.stg_orders
08:07:53.251321 [debug]: Started rendering model olist_dataset.stg_orders
08:07:53.251345 [info ]: Started model olist_dataset.stg_order_items
08:07:53.251357 [debug]: Started rendering model olist_dataset.stg_order_items
08:07:53.251351 [info ]: Finished loading project [  0.04s]
08:07:53.251377 [info ]: Started model olist_dataset.stg_customers
08:07:53.251392 [debug]: Started rendering model olist_dataset.stg_customers
08:07:53.251417 [info ]: Started model olist_dataset.my_second_dbt_model
08:07:53.251435 [debug]: Started rendering model olist_dataset.my_second_dbt_model
08:07:53.251457 [info ]: Started model olist_dataset.my_first_dbt_model
08:07:53.251477 [debug]: Started rendering model olist_dataset.my_first_dbt_model
08:07:53.254257 [debug]: Compiled SQL for node model.olist_dbt.my_second_dbt_model at target\.lsp\compiled\olist_dbt\models\my_second_dbt_model.sql
08:07:53.254337 [debug]: Compiled SQL for node model.olist_dbt.my_first_dbt_model at target\.lsp\compiled\olist_dbt\models\my_first_dbt_model.sql
08:07:53.254448 [debug]: Compiled SQL for node model.olist_dbt.stg_order_items at target\.lsp\compiled\olist_dbt\models\staging\stg_order_items.sql
08:07:53.254509 [debug]: Finished rendering [  0.00s] model olist_dataset.my_second_dbt_model [success]
08:07:53.254530 [debug]: Compiled SQL for node model.olist_dbt.stg_customers at target\.lsp\compiled\olist_dbt\models\staging\stg_customers.sql
08:07:53.254574 [info ]: Started analyzing (6 nodes)
08:07:53.254592 [debug]: Started analyzing model olist_dataset.my_second_dbt_model
08:07:53.254640 [debug]: Finished rendering [  0.00s] model olist_dataset.my_first_dbt_model [success]
08:07:53.254664 [debug]: Started analyzing model olist_dataset.my_first_dbt_model
08:07:53.254676 [debug]: Compiled SQL for node model.olist_dbt.stg_products at target\.lsp\compiled\olist_dbt\models\staging\stg_products.sql
08:07:53.254692 [debug]: Finished rendering [  0.00s] model olist_dataset.stg_order_items [success]
08:07:53.254708 [debug]: Started analyzing model olist_dataset.stg_order_items
08:07:53.254706 [debug]: Compiled SQL for node model.olist_dbt.stg_orders at target\.lsp\compiled\olist_dbt\models\staging\stg_orders.sql
08:07:53.254733 [debug]: Finished rendering [  0.00s] model olist_dataset.stg_customers [success]
08:07:53.254754 [debug]: Started analyzing model olist_dataset.stg_customers
08:07:53.254842 [debug]: Finished rendering [  0.00s] model olist_dataset.stg_products [success]
08:07:53.254881 [debug]: Started analyzing model olist_dataset.stg_products
08:07:53.254925 [debug]: Finished rendering [  0.00s] model olist_dataset.stg_orders [success]
08:07:53.254947 [info ]: Finished rendering [  0.00s] (6 nodes, 0 skipped, 0 errors)
08:07:53.254969 [debug]: Started analyzing model olist_dataset.stg_orders
08:07:53.254997 [debug]: Finished analyzing [  0.00s] model olist_dataset.my_first_dbt_model [success]
08:07:53.255023 [info ]:  Succeeded [  0.00s] model olist_dataset.my_first_dbt_model (table)
08:07:53.255064 [debug]: Finished analyzing [  0.00s] model olist_dataset.my_second_dbt_model [success]
08:07:53.255085 [info ]:  Succeeded [  0.00s] model olist_dataset.my_second_dbt_model (view)
08:07:53.255112 [debug]: Finished analyzing [  0.00s] model olist_dataset.stg_customers [success]
08:07:53.255125 [info ]:  Succeeded [  0.00s] model olist_dataset.stg_customers (view)
08:07:53.255148 [debug]: Finished analyzing [  0.00s] model olist_dataset.stg_order_items [success]
08:07:53.255163 [info ]:  Succeeded [  0.00s] model olist_dataset.stg_order_items (view)
08:07:53.255196 [debug]: Finished analyzing [  0.00s] model olist_dataset.stg_products [success]
08:07:53.255223 [info ]:  Succeeded [  0.00s] model olist_dataset.stg_products (view)
08:07:53.255277 [debug]: Finished analyzing [  0.00s] model olist_dataset.stg_orders [success]
08:07:53.255284 [info ]: Finished analyzing [  0.00s] (6 nodes, 0 skipped, 0 errors)
08:07:53.255289 [info ]:  Succeeded [  0.00s] model olist_dataset.stg_orders (view)
08:07:53.258369 [info ]: Started scheduling
08:07:53.258418 [info ]: Finished scheduling [  0.00s]
08:07:53.258485 [info ]: 
==================== Execution Summary =====================
Finished 'compile' successfully for target 'dev' [48ms]
Processed: 6 models
Summary: 6 total | 6 success
08:07:53.258595 [info ]: Cached model count updated: 7 models (accurate)
==================== 2026-09-11T08:07:54.207551Z | cebefcd9-ae81-4545-b3d2-bc16b2ffd5ff ====================
08:07:54.207710 [info ]: Started loading project
08:07:54.208482 [info ]: Loading ~/.dbt/profiles.yml
08:07:54.223750 [info ]: Started parsing
08:07:54.267806 [info ]: Finished loading project [  0.06s]
08:07:54.270566 [debug]: Finished parsing models/staging/stg_order_payments.sql [  0.00s]
08:07:54.403403 [warn ]: [UnusedResourceConfigPath (dbt1097)]: Configuration paths exist in your dbt_project.yml file which do not apply to any resources.
There are 1 unused configuration paths:
- models.olist_dbt.example
08:07:54.405453 [info ]: Finished parsing [  0.18s]
08:07:54.408386 [info ]: Cached model count updated: 7 models (estimate)
08:07:54.408406 [info ]: Cached model count updated: 7 models (accurate)
08:07:54.408452 [info ]: Started scheduling
08:07:54.408518 [info ]: Finished scheduling [  0.00s]
08:07:54.408533 [debug]: Compilation - 1 nodes selected: {"model.olist_dbt.stg_order_payments"}
08:07:54.410937 [info ]: Started building task graph
08:07:54.411047 [info ]: Finished building task graph [  0.00s]
08:07:54.420503 [info ]: Started rendering (1 nodes)
08:07:54.420530 [info ]: Started model olist_dataset.stg_order_payments
08:07:54.420540 [debug]: Started rendering model olist_dataset.stg_order_payments
08:07:54.424191 [debug]: Compiled SQL for node model.olist_dbt.stg_order_payments at target\.lsp\compiled\olist_dbt\models\staging\stg_order_payments.sql
08:07:54.424439 [debug]: Finished rendering [  0.00s] model olist_dataset.stg_order_payments [success]
08:07:54.424486 [info ]: Finished rendering [  0.00s] (1 nodes, 0 skipped, 0 errors)
08:07:54.424529 [info ]: Started analyzing (1 nodes)
08:07:54.424541 [debug]: Started analyzing model olist_dataset.stg_order_payments
08:07:54.424959 [debug]: Finished analyzing [  0.00s] model olist_dataset.stg_order_payments [success]
08:07:54.424976 [info ]: Finished analyzing [  0.00s] (1 nodes, 0 skipped, 0 errors)
08:07:54.424984 [info ]:  Succeeded [  0.00s] model olist_dataset.stg_order_payments (view)
08:07:54.433789 [info ]: Started scheduling
08:07:54.434348 [info ]: Finished scheduling [  0.00s]
08:07:54.436374 [info ]: 
==================== Execution Summary =====================
Finished 'compile' with 1 warning for target 'dev' [228ms]
Processed: 1 model
Summary: 1 total | 1 success
08:07:54.436745 [info ]: Cached model count updated: 7 models (accurate)
==================== 2026-09-11T08:07:56.113638Z | fdddb211-c538-4870-a273-324a4b4586e7 ====================
08:07:56.113756 [info ]: Started loading project
08:07:56.115602 [info ]: Loading ~/.dbt/profiles.yml
08:07:56.153900 [info ]: Cached model count updated: 7 models (estimate)
08:07:56.153919 [info ]: Cached model count updated: 7 models (accurate)
08:07:56.153955 [info ]: Started scheduling
08:07:56.154047 [info ]: Finished scheduling [  0.00s]
08:07:56.154064 [debug]: Compilation - 7 nodes selected: {"model.olist_dbt.my_first_dbt_model", "model.olist_dbt.my_second_dbt_model", "model.olist_dbt.stg_customers", "model.olist_dbt.stg_order_items", "model.olist_dbt.stg_order_payments", "model.olist_dbt.stg_orders", "model.olist_dbt.stg_products"}
08:07:56.155268 [info ]: Started building task graph
08:07:56.155331 [info ]: Finished building task graph [  0.00s]
08:07:56.159828 [info ]: Started rendering (7 nodes)
08:07:56.159852 [info ]: Started model olist_dataset.stg_products
08:07:56.159862 [debug]: Started rendering model olist_dataset.stg_products
08:07:56.159891 [info ]: Started model olist_dataset.stg_orders
08:07:56.159897 [debug]: Started rendering model olist_dataset.stg_orders
08:07:56.159908 [info ]: Started model olist_dataset.stg_order_payments
08:07:56.159913 [debug]: Started rendering model olist_dataset.stg_order_payments
08:07:56.159923 [info ]: Started model olist_dataset.stg_order_items
08:07:56.159933 [debug]: Started rendering model olist_dataset.stg_order_items
08:07:56.159943 [info ]: Started model olist_dataset.stg_customers
08:07:56.159949 [debug]: Started rendering model olist_dataset.stg_customers
08:07:56.159967 [info ]: Started model olist_dataset.my_second_dbt_model
08:07:56.159972 [info ]: Finished loading project [  0.05s]
08:07:56.159987 [debug]: Started rendering model olist_dataset.my_second_dbt_model
08:07:56.160023 [info ]: Started model olist_dataset.my_first_dbt_model
08:07:56.160046 [debug]: Started rendering model olist_dataset.my_first_dbt_model
08:07:56.161579 [debug]: Compiled SQL for node model.olist_dbt.stg_order_payments at target\.lsp\compiled\olist_dbt\models\staging\stg_order_payments.sql
08:07:56.161578 [debug]: Compiled SQL for node model.olist_dbt.stg_customers at target\.lsp\compiled\olist_dbt\models\staging\stg_customers.sql
08:07:56.161578 [debug]: Compiled SQL for node model.olist_dbt.stg_products at target\.lsp\compiled\olist_dbt\models\staging\stg_products.sql
08:07:56.161676 [debug]: Compiled SQL for node model.olist_dbt.my_second_dbt_model at target\.lsp\compiled\olist_dbt\models\my_second_dbt_model.sql
08:07:56.161687 [debug]: Compiled SQL for node model.olist_dbt.stg_orders at target\.lsp\compiled\olist_dbt\models\staging\stg_orders.sql
08:07:56.161727 [debug]: Finished rendering [  0.00s] model olist_dataset.stg_products [success]
08:07:56.161748 [debug]: Compiled SQL for node model.olist_dbt.stg_order_items at target\.lsp\compiled\olist_dbt\models\staging\stg_order_items.sql
08:07:56.161795 [info ]: Started analyzing (7 nodes)
08:07:56.161815 [debug]: Started analyzing model olist_dataset.stg_products
08:07:56.161847 [debug]: Finished rendering [  0.00s] model olist_dataset.stg_customers [success]
08:07:56.161870 [debug]: Started analyzing model olist_dataset.stg_customers
08:07:56.161895 [debug]: Finished rendering [  0.00s] model olist_dataset.my_second_dbt_model [success]
08:07:56.161922 [debug]: Started analyzing model olist_dataset.my_second_dbt_model
08:07:56.161953 [debug]: Finished rendering [  0.00s] model olist_dataset.stg_orders [success]
08:07:56.161972 [debug]: Started analyzing model olist_dataset.stg_orders
08:07:56.161996 [debug]: Finished rendering [  0.00s] model olist_dataset.stg_order_items [success]
08:07:56.162022 [debug]: Started analyzing model olist_dataset.stg_order_items
08:07:56.162050 [debug]: Finished rendering [  0.00s] model olist_dataset.stg_order_payments [success]
08:07:56.162077 [debug]: Started analyzing model olist_dataset.stg_order_payments
08:07:56.162134 [debug]: Compiled SQL for node model.olist_dbt.my_first_dbt_model at target\.lsp\compiled\olist_dbt\models\my_first_dbt_model.sql
08:07:56.162306 [debug]: Finished analyzing [  0.00s] model olist_dataset.stg_order_items [success]
08:07:56.162338 [info ]:  Succeeded [  0.00s] model olist_dataset.stg_order_items (view)
08:07:56.162372 [debug]: Finished analyzing [  0.00s] model olist_dataset.my_second_dbt_model [success]
08:07:56.162384 [info ]:  Succeeded [  0.00s] model olist_dataset.my_second_dbt_model (view)
08:07:56.162396 [debug]: Finished analyzing [  0.00s] model olist_dataset.stg_orders [success]
08:07:56.162403 [info ]:  Succeeded [  0.00s] model olist_dataset.stg_orders (view)
08:07:56.162414 [debug]: Finished analyzing [  0.00s] model olist_dataset.stg_products [success]
08:07:56.162421 [info ]:  Succeeded [  0.00s] model olist_dataset.stg_products (view)
08:07:56.162433 [debug]: Finished rendering [  0.00s] model olist_dataset.my_first_dbt_model [success]
08:07:56.162441 [info ]: Finished rendering [  0.00s] (7 nodes, 0 skipped, 0 errors)
08:07:56.162455 [debug]: Started analyzing model olist_dataset.my_first_dbt_model
08:07:56.162470 [debug]: Finished analyzing [  0.00s] model olist_dataset.stg_customers [success]
08:07:56.162477 [info ]:  Succeeded [  0.00s] model olist_dataset.stg_customers (view)
08:07:56.162488 [debug]: Finished analyzing [  0.00s] model olist_dataset.stg_order_payments [success]
08:07:56.162494 [info ]:  Succeeded [  0.00s] model olist_dataset.stg_order_payments (view)
08:07:56.162598 [debug]: Finished analyzing [  0.00s] model olist_dataset.my_first_dbt_model [success]
08:07:56.162612 [info ]: Finished analyzing [  0.00s] (7 nodes, 0 skipped, 0 errors)
08:07:56.162626 [info ]:  Succeeded [  0.00s] model olist_dataset.my_first_dbt_model (table)
08:07:56.165734 [info ]: Started scheduling
08:07:56.165784 [info ]: Finished scheduling [  0.00s]
08:07:56.165863 [info ]: 
==================== Execution Summary =====================
Finished 'compile' successfully for target 'dev' [52ms]
Processed: 7 models
Summary: 7 total | 7 success
08:07:56.165963 [info ]: Cached model count updated: 7 models (accurate)
==================== 2026-09-11T08:08:03.688411Z | 6a2e86bd-688e-4d3b-af36-343d87c7adb1 ====================
08:08:03.688582 [info ]: Started loading project
08:08:03.689867 [info ]: Loading ~/.dbt/profiles.yml
==================== 2026-09-11T08:08:03.706337Z | 8fc69a2c-9db3-4639-870a-8968d85b95c4 ====================
08:08:03.706447 [info ]: Started loading project
08:08:03.707211 [info ]: Loading ~/.dbt/profiles.yml
08:08:03.707288 [info ]: Finished loading project [  0.02s]
08:08:03.716730 [debug]:    Started loading packages
08:08:03.724474 [debug]:     Loaded [  0.01s] packages
08:08:03.725314 [info ]: Finished loading project [  0.02s]
08:08:03.725532 [info ]: Started parsing
08:08:03.765638 [debug]: Finished parsing models/schema.yml [  0.00s]
08:08:03.766263 [debug]: Finished parsing models/sources.yml [  0.00s]
08:08:03.768187 [debug]: Finished parsing models/my_first_dbt_model.sql [  0.00s]
08:08:03.768881 [debug]: Finished parsing models/my_second_dbt_model.sql [  0.00s]
08:08:03.769437 [debug]: Finished parsing models/staging/stg_customers.sql [  0.00s]
08:08:03.769937 [debug]: Finished parsing models/staging/stg_order_items.sql [  0.00s]
08:08:03.770420 [debug]: Finished parsing models/staging/stg_order_payments.sql [  0.00s]
08:08:03.770812 [debug]: Finished parsing models/staging/stg_order_reviews.sql [  0.00s]
08:08:03.771289 [debug]: Finished parsing models/staging/stg_orders.sql [  0.00s]
08:08:03.771863 [debug]: Finished parsing models/staging/stg_products.sql [  0.00s]
08:08:03.915069 [warn ]: [UnusedResourceConfigPath (dbt1097)]: Configuration paths exist in your dbt_project.yml file which do not apply to any resources.
There are 1 unused configuration paths:
- models.olist_dbt.example
08:08:03.916452 [info ]: Finished parsing [  0.19s]
08:08:03.917863 [info ]: Cached model count updated: 8 models (estimate)
08:08:03.917895 [info ]: Cached model count updated: 8 models (accurate)
08:08:03.917961 [info ]: Started scheduling
08:08:03.918019 [info ]: Finished scheduling [  0.00s]
08:08:03.918039 [debug]: Compilation - 0 nodes selected: {}
08:08:03.918070 [warn ]: [NoNodesForSelectionCriteria (dbt1092)]: The selection criterion '' does not match any enabled nodes
08:08:03.918090 [warn ]: [NoNodesSelected (dbt1601)]: Nothing to do. Try checking your model configs and model specification args
08:08:03.918101 [info ]: Started scheduling
08:08:03.918181 [info ]: Finished scheduling [  0.00s]
08:08:03.918437 [debug]: Initializing schema store with entry: Frontier(CanonicalFqn { catalog: "latihan-data-505310", schema: "olist_raw", table: "olist_orders_dataset" }) and interval: None
08:08:03.918447 [debug]: Initializing schema store with entry: Frontier(CanonicalFqn { catalog: "latihan-data-505310", schema: "olist_raw", table: "olist_customers_dataset" }) and interval: None
08:08:03.918453 [debug]: Initializing schema store with entry: Frontier(CanonicalFqn { catalog: "latihan-data-505310", schema: "olist_raw", table: "olist_order_payments_dataset" }) and interval: None
08:08:03.918456 [debug]: Initializing schema store with entry: Frontier(CanonicalFqn { catalog: "latihan-data-505310", schema: "olist_raw", table: "olist_order_items_dataset" }) and interval: None
08:08:03.918460 [debug]: Initializing schema store with entry: Frontier(CanonicalFqn { catalog: "latihan-data-505310", schema: "olist_raw", table: "olist_products_dataset" }) and interval: None
08:08:03.919694 [info ]: Started building task graph
08:08:03.919715 [info ]: Finished building task graph [  0.00s]
08:08:03.930018 [info ]: Started scheduling
08:08:03.930090 [info ]: Finished scheduling [  0.00s]
08:08:03.930271 [info ]: 
==================== Execution Summary =====================
Finished 'compile' with 3 warnings for target 'dev' [223ms]
08:08:03.930351 [info ]: 
==================== Execution Summary =====================
Finished 'compile' successfully for target 'dev' [241ms]
08:08:03.933879 [info ]: Cached model count updated: 8 models (accurate)
==================== 2026-09-11T08:08:05.608482Z | c2944908-2c42-4ff6-96b2-1de82deef02e ====================
08:08:05.608531 [info ]: Started loading project
08:08:05.609181 [info ]: Loading ~/.dbt/profiles.yml
08:08:05.636746 [info ]: Cached model count updated: 8 models (estimate)
08:08:05.636765 [info ]: Cached model count updated: 8 models (accurate)
08:08:05.636805 [info ]: Started scheduling
08:08:05.636896 [info ]: Finished scheduling [  0.00s]
08:08:05.636912 [debug]: Compilation - 7 nodes selected: {"model.olist_dbt.my_first_dbt_model", "model.olist_dbt.my_second_dbt_model", "model.olist_dbt.stg_customers", "model.olist_dbt.stg_order_items", "model.olist_dbt.stg_order_payments", "model.olist_dbt.stg_orders", "model.olist_dbt.stg_products"}
08:08:05.638129 [info ]: Started building task graph
08:08:05.638198 [info ]: Finished building task graph [  0.00s]
08:08:05.642541 [info ]: Started rendering (7 nodes)
08:08:05.642561 [info ]: Started model olist_dataset.stg_products
08:08:05.642570 [debug]: Started rendering model olist_dataset.stg_products
08:08:05.642609 [info ]: Started model olist_dataset.stg_orders
08:08:05.642620 [debug]: Started rendering model olist_dataset.stg_orders
08:08:05.642635 [info ]: Started model olist_dataset.stg_order_payments
08:08:05.642646 [debug]: Started rendering model olist_dataset.stg_order_payments
08:08:05.642652 [info ]: Finished loading project [  0.03s]
08:08:05.642665 [info ]: Started model olist_dataset.stg_order_items
08:08:05.642679 [debug]: Started rendering model olist_dataset.stg_order_items
08:08:05.642700 [info ]: Started model olist_dataset.stg_customers
08:08:05.642719 [debug]: Started rendering model olist_dataset.stg_customers
08:08:05.642742 [info ]: Started model olist_dataset.my_second_dbt_model
08:08:05.642760 [debug]: Started rendering model olist_dataset.my_second_dbt_model
08:08:05.642777 [info ]: Started model olist_dataset.my_first_dbt_model
08:08:05.642790 [debug]: Started rendering model olist_dataset.my_first_dbt_model
08:08:05.647310 [debug]: Compiled SQL for node model.olist_dbt.my_second_dbt_model at target\.lsp\compiled\olist_dbt\models\my_second_dbt_model.sql
08:08:05.647310 [debug]: Compiled SQL for node model.olist_dbt.stg_order_payments at target\.lsp\compiled\olist_dbt\models\staging\stg_order_payments.sql
08:08:05.647370 [debug]: Compiled SQL for node model.olist_dbt.my_first_dbt_model at target\.lsp\compiled\olist_dbt\models\my_first_dbt_model.sql
08:08:05.647613 [debug]: Finished rendering [  0.00s] model olist_dataset.my_second_dbt_model [success]
08:08:05.647695 [info ]: Started analyzing (7 nodes)
08:08:05.647715 [debug]: Started analyzing model olist_dataset.my_second_dbt_model
08:08:05.647772 [debug]: Finished rendering [  0.01s] model olist_dataset.stg_order_payments [success]
08:08:05.647820 [debug]: Started analyzing model olist_dataset.stg_order_payments
08:08:05.647866 [debug]: Finished rendering [  0.01s] model olist_dataset.my_first_dbt_model [success]
08:08:05.647892 [debug]: Started analyzing model olist_dataset.my_first_dbt_model
08:08:05.648107 [debug]: Compiled SQL for node model.olist_dbt.stg_order_items at target\.lsp\compiled\olist_dbt\models\staging\stg_order_items.sql
08:08:05.648269 [debug]: Finished analyzing [  0.00s] model olist_dataset.my_second_dbt_model [success]
08:08:05.648317 [info ]:  Succeeded [  0.00s] model olist_dataset.my_second_dbt_model (view)
08:08:05.648407 [debug]: Finished rendering [  0.01s] model olist_dataset.stg_order_items [success]
08:08:05.648445 [debug]: Started analyzing model olist_dataset.stg_order_items
08:08:05.648478 [debug]: Finished analyzing [  0.00s] model olist_dataset.stg_order_payments [success]
08:08:05.648480 [debug]: Compiled SQL for node model.olist_dbt.stg_orders at target\.lsp\compiled\olist_dbt\models\staging\stg_orders.sql
08:08:05.648520 [debug]: Compiled SQL for node model.olist_dbt.stg_products at target\.lsp\compiled\olist_dbt\models\staging\stg_products.sql
08:08:05.648495 [info ]:  Succeeded [  0.01s] model olist_dataset.stg_order_payments (view)
08:08:05.648755 [debug]: Finished rendering [  0.01s] model olist_dataset.stg_orders [success]
08:08:05.648797 [debug]: Started analyzing model olist_dataset.stg_orders
08:08:05.648833 [debug]: Compiled SQL for node model.olist_dbt.stg_customers at target\.lsp\compiled\olist_dbt\models\staging\stg_customers.sql
08:08:05.648844 [debug]: Finished analyzing [  0.00s] model olist_dataset.my_first_dbt_model [success]
08:08:05.648870 [info ]:  Succeeded [  0.01s] model olist_dataset.my_first_dbt_model (table)
08:08:05.648908 [debug]: Finished rendering [  0.01s] model olist_dataset.stg_products [success]
08:08:05.648927 [debug]: Started analyzing model olist_dataset.stg_products
08:08:05.649021 [debug]: Finished analyzing [  0.00s] model olist_dataset.stg_order_items [success]
08:08:05.649047 [info ]:  Succeeded [  0.01s] model olist_dataset.stg_order_items (view)
08:08:05.649097 [debug]: Finished rendering [  0.01s] model olist_dataset.stg_customers [success]
08:08:05.649126 [info ]: Finished rendering [  0.01s] (7 nodes, 0 skipped, 0 errors)
08:08:05.649146 [debug]: Started analyzing model olist_dataset.stg_customers
08:08:05.649272 [debug]: Finished analyzing [  0.00s] model olist_dataset.stg_orders [success]
08:08:05.649307 [info ]:  Succeeded [  0.01s] model olist_dataset.stg_orders (view)
08:08:05.649326 [debug]: Finished analyzing [  0.00s] model olist_dataset.stg_products [success]
08:08:05.649334 [info ]:  Succeeded [  0.01s] model olist_dataset.stg_products (view)
08:08:05.649410 [debug]: Finished analyzing [  0.00s] model olist_dataset.stg_customers [success]
08:08:05.649450 [info ]: Finished analyzing [  0.00s] (7 nodes, 0 skipped, 0 errors)
08:08:05.649475 [info ]:  Succeeded [  0.01s] model olist_dataset.stg_customers (view)
08:08:05.652557 [info ]: Started scheduling
08:08:05.652607 [info ]: Finished scheduling [  0.00s]
08:08:05.652674 [info ]: 
==================== Execution Summary =====================
Finished 'compile' successfully for target 'dev' [44ms]
Processed: 7 models
Summary: 7 total | 7 success
08:08:05.652783 [info ]: Cached model count updated: 8 models (accurate)
==================== 2026-09-11T08:08:08.776371Z | e174eb35-dc9f-4976-85ab-5a0a01256a9c ====================
08:08:08.776482 [info ]: Started loading project
08:08:08.777621 [info ]: Loading ~/.dbt/profiles.yml
08:08:08.789803 [info ]: Started parsing
08:08:08.835475 [info ]: Finished loading project [  0.06s]
08:08:08.838529 [debug]: Finished parsing models/staging/stg_order_reviews.sql [  0.00s]
08:08:08.951953 [warn ]: [UnusedResourceConfigPath (dbt1097)]: Configuration paths exist in your dbt_project.yml file which do not apply to any resources.
There are 1 unused configuration paths:
- models.olist_dbt.example
08:08:08.952864 [info ]: Finished parsing [  0.16s]
08:08:08.955167 [info ]: Cached model count updated: 8 models (estimate)
08:08:08.955181 [info ]: Cached model count updated: 8 models (accurate)
08:08:08.955216 [info ]: Started scheduling
08:08:08.955281 [info ]: Finished scheduling [  0.00s]
08:08:08.955294 [debug]: Compilation - 1 nodes selected: {"model.olist_dbt.stg_order_reviews"}
08:08:08.956312 [info ]: Started building task graph
08:08:08.956344 [info ]: Finished building task graph [  0.00s]
08:08:08.961112 [info ]: Started rendering (1 nodes)
08:08:08.961180 [info ]: Started model olist_dataset.stg_order_reviews
08:08:08.961205 [debug]: Started rendering model olist_dataset.stg_order_reviews
08:08:08.965505 [debug]: Compiled SQL for node model.olist_dbt.stg_order_reviews at target\.lsp\compiled\olist_dbt\models\staging\stg_order_reviews.sql
08:08:08.965934 [debug]: Finished rendering [  0.00s] model olist_dataset.stg_order_reviews [success]
08:08:08.966008 [info ]: Finished rendering [  0.00s] (1 nodes, 0 skipped, 0 errors)
08:08:08.966081 [info ]: Started analyzing (1 nodes)
08:08:08.966109 [debug]: Started analyzing model olist_dataset.stg_order_reviews
08:08:08.967104 [debug]: Finished analyzing [  0.00s] model olist_dataset.stg_order_reviews [success]
08:08:08.967194 [info ]: Finished analyzing [  0.00s] (1 nodes, 0 skipped, 0 errors)
08:08:08.967223 [info ]:  Succeeded [  0.00s] model olist_dataset.stg_order_reviews (view)
08:08:08.972635 [info ]: Started scheduling
08:08:08.972727 [info ]: Finished scheduling [  0.00s]
08:08:08.973272 [info ]: 
==================== Execution Summary =====================
Finished 'compile' with 1 warning for target 'dev' [196ms]
Processed: 1 model
Summary: 1 total | 1 success
08:08:08.973344 [info ]: Cached model count updated: 8 models (accurate)
==================== 2026-09-11T08:08:10.651237Z | 499803dc-e56d-44b1-89bc-cc4fd3f29ff2 ====================
08:08:10.651307 [info ]: Started loading project
08:08:10.652498 [info ]: Loading ~/.dbt/profiles.yml
08:08:10.691094 [info ]: Cached model count updated: 8 models (estimate)
08:08:10.691116 [info ]: Cached model count updated: 8 models (accurate)
08:08:10.691154 [info ]: Started scheduling
08:08:10.691254 [info ]: Finished scheduling [  0.00s]
08:08:10.691271 [debug]: Compilation - 8 nodes selected: {"model.olist_dbt.my_first_dbt_model", "model.olist_dbt.my_second_dbt_model", "model.olist_dbt.stg_customers", "model.olist_dbt.stg_order_items", "model.olist_dbt.stg_order_payments", "model.olist_dbt.stg_order_reviews", "model.olist_dbt.stg_orders", "model.olist_dbt.stg_products"}
08:08:10.692614 [info ]: Started building task graph
08:08:10.692898 [info ]: Finished building task graph [  0.00s]
08:08:10.698130 [info ]: Started rendering (8 nodes)
08:08:10.698154 [info ]: Started model olist_dataset.stg_products
08:08:10.698163 [debug]: Started rendering model olist_dataset.stg_products
08:08:10.698187 [info ]: Started model olist_dataset.stg_orders
08:08:10.698194 [debug]: Started rendering model olist_dataset.stg_orders
08:08:10.698205 [info ]: Started model olist_dataset.stg_order_reviews
08:08:10.698216 [debug]: Started rendering model olist_dataset.stg_order_reviews
08:08:10.698242 [info ]: Started model olist_dataset.stg_order_payments
08:08:10.698249 [debug]: Started rendering model olist_dataset.stg_order_payments
08:08:10.698262 [info ]: Started model olist_dataset.stg_order_items
08:08:10.698278 [debug]: Started rendering model olist_dataset.stg_order_items
08:08:10.698277 [info ]: Finished loading project [  0.05s]
08:08:10.698295 [info ]: Started model olist_dataset.stg_customers
08:08:10.698313 [debug]: Started rendering model olist_dataset.stg_customers
08:08:10.698348 [info ]: Started model olist_dataset.my_second_dbt_model
08:08:10.698362 [debug]: Started rendering model olist_dataset.my_second_dbt_model
08:08:10.698392 [info ]: Started model olist_dataset.my_first_dbt_model
08:08:10.698407 [debug]: Started rendering model olist_dataset.my_first_dbt_model
08:08:10.699310 [debug]: Compiled SQL for node model.olist_dbt.my_second_dbt_model at target\.lsp\compiled\olist_dbt\models\my_second_dbt_model.sql
08:08:10.699462 [debug]: Compiled SQL for node model.olist_dbt.stg_order_items at target\.lsp\compiled\olist_dbt\models\staging\stg_order_items.sql
08:08:10.699461 [debug]: Compiled SQL for node model.olist_dbt.stg_order_reviews at target\.lsp\compiled\olist_dbt\models\staging\stg_order_reviews.sql
08:08:10.699501 [debug]: Compiled SQL for node model.olist_dbt.stg_order_payments at target\.lsp\compiled\olist_dbt\models\staging\stg_order_payments.sql
08:08:10.699510 [debug]: Compiled SQL for node model.olist_dbt.stg_orders at target\.lsp\compiled\olist_dbt\models\staging\stg_orders.sql
08:08:10.699526 [debug]: Compiled SQL for node model.olist_dbt.stg_customers at target\.lsp\compiled\olist_dbt\models\staging\stg_customers.sql
08:08:10.699591 [debug]: Compiled SQL for node model.olist_dbt.my_first_dbt_model at target\.lsp\compiled\olist_dbt\models\my_first_dbt_model.sql
08:08:10.699608 [debug]: Compiled SQL for node model.olist_dbt.stg_products at target\.lsp\compiled\olist_dbt\models\staging\stg_products.sql
08:08:10.699614 [debug]: Finished rendering [  0.00s] model olist_dataset.my_second_dbt_model [success]
08:08:10.699673 [info ]: Started analyzing (8 nodes)
08:08:10.699684 [debug]: Started analyzing model olist_dataset.my_second_dbt_model
08:08:10.699702 [debug]: Finished rendering [  0.00s] model olist_dataset.stg_order_reviews [success]
08:08:10.699737 [debug]: Started analyzing model olist_dataset.stg_order_reviews
08:08:10.699752 [debug]: Finished rendering [  0.00s] model olist_dataset.stg_order_payments [success]
08:08:10.699760 [debug]: Started analyzing model olist_dataset.stg_order_payments
08:08:10.699780 [debug]: Finished rendering [  0.00s] model olist_dataset.stg_order_items [success]
08:08:10.699796 [debug]: Started analyzing model olist_dataset.stg_order_items
08:08:10.699828 [debug]: Finished rendering [  0.00s] model olist_dataset.stg_orders [success]
08:08:10.699849 [debug]: Started analyzing model olist_dataset.stg_orders
08:08:10.699877 [debug]: Finished rendering [  0.00s] model olist_dataset.stg_customers [success]
08:08:10.699893 [debug]: Started analyzing model olist_dataset.stg_customers
08:08:10.699915 [debug]: Finished rendering [  0.00s] model olist_dataset.my_first_dbt_model [success]
08:08:10.699935 [debug]: Started analyzing model olist_dataset.my_first_dbt_model
08:08:10.699961 [debug]: Finished rendering [  0.00s] model olist_dataset.stg_products [success]
08:08:10.699972 [info ]: Finished rendering [  0.00s] (8 nodes, 0 skipped, 0 errors)
08:08:10.699986 [debug]: Started analyzing model olist_dataset.stg_products
08:08:10.700074 [debug]: Finished analyzing [  0.00s] model olist_dataset.my_second_dbt_model [success]
08:08:10.700092 [info ]:  Succeeded [  0.00s] model olist_dataset.my_second_dbt_model (view)
08:08:10.700116 [debug]: Finished analyzing [  0.00s] model olist_dataset.stg_order_items [success]
08:08:10.700125 [info ]:  Succeeded [  0.00s] model olist_dataset.stg_order_items (view)
08:08:10.700138 [debug]: Finished analyzing [  0.00s] model olist_dataset.stg_order_payments [success]
08:08:10.700145 [info ]:  Succeeded [  0.00s] model olist_dataset.stg_order_payments (view)
08:08:10.700156 [debug]: Finished analyzing [  0.00s] model olist_dataset.stg_order_reviews [success]
08:08:10.700162 [info ]:  Succeeded [  0.00s] model olist_dataset.stg_order_reviews (view)
08:08:10.700173 [debug]: Finished analyzing [  0.00s] model olist_dataset.stg_orders [success]
08:08:10.700184 [info ]:  Succeeded [  0.00s] model olist_dataset.stg_orders (view)
08:08:10.700194 [debug]: Finished analyzing [  0.00s] model olist_dataset.my_first_dbt_model [success]
08:08:10.700200 [info ]:  Succeeded [  0.00s] model olist_dataset.my_first_dbt_model (table)
08:08:10.700212 [debug]: Finished analyzing [  0.00s] model olist_dataset.stg_customers [success]
08:08:10.700233 [info ]:  Succeeded [  0.00s] model olist_dataset.stg_customers (view)
08:08:10.700247 [debug]: Finished analyzing [  0.00s] model olist_dataset.stg_products [success]
08:08:10.700252 [info ]: Finished analyzing [  0.00s] (8 nodes, 0 skipped, 0 errors)
08:08:10.700258 [info ]:  Succeeded [  0.00s] model olist_dataset.stg_products (view)
08:08:10.703150 [info ]: Started scheduling
08:08:10.703201 [info ]: Finished scheduling [  0.00s]
08:08:10.703275 [info ]: 
==================== Execution Summary =====================
Finished 'compile' successfully for target 'dev' [52ms]
Processed: 8 models
Summary: 8 total | 8 success
08:08:10.703436 [info ]: Cached model count updated: 8 models (accurate)
==================== 2026-09-11T08:11:20.785582Z | f0364da4-7e32-47d2-ab95-2fb0adcc81e8 ====================
08:11:20.785805 [info ]: Started loading project
08:11:20.787223 [info ]: Loading ~/.dbt/profiles.yml
==================== 2026-09-11T08:11:20.806875Z | 5e67eec1-bc97-45b2-87de-c55ec8b77d11 ====================
08:11:20.806941 [info ]: Started loading project
08:11:20.807921 [info ]: Loading ~/.dbt/profiles.yml
08:11:20.808003 [info ]: Finished loading project [  0.02s]
08:11:20.817458 [debug]:    Started loading packages
08:11:20.824120 [debug]:     Loaded [  0.01s] packages
08:11:20.825011 [info ]: Finished loading project [  0.02s]
08:11:20.825272 [info ]: Started parsing
08:11:20.873537 [debug]: Finished parsing models/schema.yml [  0.00s]
08:11:20.874539 [debug]: Finished parsing models/sources.yml [  0.00s]
08:11:20.879777 [debug]: Finished parsing models/my_second_dbt_model.sql [  0.00s]
08:11:20.881592 [debug]: Finished parsing models/staging/stg_customers.sql [  0.00s]
08:11:20.882667 [debug]: Finished parsing models/staging/stg_order_items.sql [  0.00s]
08:11:20.883545 [debug]: Finished parsing models/staging/stg_order_payments.sql [  0.00s]
08:11:20.884428 [debug]: Finished parsing models/staging/stg_order_reviews.sql [  0.00s]
08:11:20.885813 [debug]: Finished parsing models/staging/stg_orders.sql [  0.00s]
08:11:20.887324 [debug]: Finished parsing models/staging/stg_products.sql [  0.00s]
08:11:20.899943 [warn ]: [NoNodeForYamlKey (dbt1089)]: Unused schema.yml entry for model 'my_first_dbt_model'
  --> models/schema.yml
08:11:21.082286 [error]: [DependencyNotFound (dbt1048)]: Ref 'my_first_dbt_model' not found in project. Searched for 'olist_dbt.my_first_dbt_model, my_first_dbt_model'
  --> models/my_second_dbt_model.sql:5:6
08:11:21.082846 [warn ]: [UnusedResourceConfigPath (dbt1097)]: Configuration paths exist in your dbt_project.yml file which do not apply to any resources.
There are 1 unused configuration paths:
- models.olist_dbt.example
08:11:21.083953 [info ]: Finished parsing [  0.26s]
08:11:21.084967 [info ]: Cached model count updated: 7 models (estimate)
08:11:21.084986 [info ]: Cached model count updated: 7 models (accurate)
08:11:21.085052 [info ]: Started scheduling
08:11:21.085125 [info ]: Finished scheduling [  0.00s]
08:11:21.085144 [debug]: Compilation - 0 nodes selected: {}
08:11:21.085169 [warn ]: [NoNodesForSelectionCriteria (dbt1092)]: The selection criterion '' does not match any enabled nodes
08:11:21.085184 [warn ]: [NoNodesSelected (dbt1601)]: Nothing to do. Try checking your model configs and model specification args
08:11:21.085195 [info ]: Started scheduling
08:11:21.085286 [info ]: Finished scheduling [  0.00s]
08:11:21.086060 [debug]: Initializing schema store with entry: Frontier(CanonicalFqn { catalog: "latihan-data-505310", schema: "olist_raw", table: "olist_order_items_dataset" }) and interval: None
08:11:21.086104 [debug]: Initializing schema store with entry: Frontier(CanonicalFqn { catalog: "latihan-data-505310", schema: "olist_raw", table: "olist_order_payments_dataset" }) and interval: None
08:11:21.086112 [debug]: Initializing schema store with entry: Frontier(CanonicalFqn { catalog: "latihan-data-505310", schema: "olist_raw", table: "olist_order_reviews_dataset" }) and interval: None
08:11:21.086120 [debug]: Initializing schema store with entry: Frontier(CanonicalFqn { catalog: "latihan-data-505310", schema: "olist_raw", table: "olist_orders_dataset" }) and interval: None
08:11:21.086127 [debug]: Initializing schema store with entry: Frontier(CanonicalFqn { catalog: "latihan-data-505310", schema: "olist_raw", table: "olist_customers_dataset" }) and interval: None
08:11:21.086133 [debug]: Initializing schema store with entry: Frontier(CanonicalFqn { catalog: "latihan-data-505310", schema: "olist_raw", table: "olist_products_dataset" }) and interval: None
08:11:21.088908 [info ]: Started building task graph
08:11:21.088961 [info ]: Finished building task graph [  0.00s]
08:11:21.101418 [info ]: Started scheduling
08:11:21.101484 [info ]: Finished scheduling [  0.00s]
08:11:21.101607 [info ]: 
==================== Execution Summary =====================
Finished 'compile' with 4 warnings and 1 error for target 'dev' [294ms]
08:11:21.102205 [info ]: 
==================== Execution Summary =====================
Finished 'compile' successfully for target 'dev' [316ms]
08:11:21.106504 [info ]: Cached model count updated: 7 models (accurate)
==================== 2026-09-11T08:11:21.538879Z | c52280bd-ac58-46a7-981a-2a6a6f9164a5 ====================
08:11:21.539016 [info ]: Started loading project
08:11:21.540216 [info ]: Loading ~/.dbt/profiles.yml
08:11:21.589820 [info ]: Cached model count updated: 7 models (estimate)
08:11:21.589839 [info ]: Cached model count updated: 7 models (accurate)
08:11:21.589883 [info ]: Started scheduling
08:11:21.589951 [info ]: Finished scheduling [  0.00s]
08:11:21.589968 [debug]: Compilation - 1 nodes selected: {"model.olist_dbt.my_second_dbt_model"}
08:11:21.591424 [info ]: Started building task graph
08:11:21.591481 [info ]: Finished building task graph [  0.00s]
08:11:21.597349 [info ]: Started rendering (1 nodes)
08:11:21.597382 [info ]: Started model olist_dataset.my_second_dbt_model
08:11:21.597394 [debug]: Started rendering model olist_dataset.my_second_dbt_model
08:11:21.597467 [info ]: Finished loading project [  0.06s]
08:11:21.601202 [error]: [JinjaError (dbt1501)]: Failed to render SQL not a key type: ref not found for package: olist_dbt, model: my_first_dbt_model, version: None
(in models/my_second_dbt_model.sql:5:6)
  --> models/my_second_dbt_model.sql:5:6
08:11:21.601265 [debug]: Finished rendering [  0.00s] model olist_dataset.my_second_dbt_model [error]
08:11:21.601284 [info ]: Finished rendering [  0.00s] (1 nodes, 0 skipped, 1 errors)
08:11:21.601803 [info ]: Started analyzing (1 nodes)
08:11:21.601816 [debug]: Started analyzing model olist_dataset.my_second_dbt_model
08:11:21.602380 [debug]: Finished analyzing [  0.00s] model olist_dataset.my_second_dbt_model [skipped]
08:11:21.602396 [info ]: Finished analyzing [  0.00s] (1 nodes, 1 skipped, 0 errors)
08:11:21.602405 [info ]:     Failed [  0.00s] model olist_dataset.my_second_dbt_model (view)
08:11:21.607470 [info ]: Started scheduling
08:11:21.607537 [info ]: Finished scheduling [  0.00s]
08:11:21.607620 [info ]: 
==================== Execution Summary =====================
Finished 'compile' with 1 error for target 'dev' [68ms]
Processed: 1 model
Summary: 1 total | 1 error
08:11:21.607686 [info ]: Cached model count updated: 7 models (accurate)
==================== 2026-09-11T08:11:23.289431Z | 83850f82-45c1-414b-82b2-7b26180b239f ====================
08:11:23.289551 [info ]: Started loading project
08:11:23.291824 [info ]: Loading ~/.dbt/profiles.yml
08:11:23.338323 [info ]: Cached model count updated: 7 models (estimate)
08:11:23.338345 [info ]: Cached model count updated: 7 models (accurate)
08:11:23.338381 [info ]: Started scheduling
08:11:23.338468 [info ]: Finished scheduling [  0.00s]
08:11:23.338483 [debug]: Compilation - 7 nodes selected: {"model.olist_dbt.my_second_dbt_model", "model.olist_dbt.stg_customers", "model.olist_dbt.stg_order_items", "model.olist_dbt.stg_order_payments", "model.olist_dbt.stg_order_reviews", "model.olist_dbt.stg_orders", "model.olist_dbt.stg_products"}
08:11:23.339744 [info ]: Started building task graph
08:11:23.339821 [info ]: Finished building task graph [  0.00s]
08:11:23.344405 [info ]: Started rendering (7 nodes)
08:11:23.344428 [info ]: Started model olist_dataset.stg_products
08:11:23.344437 [debug]: Started rendering model olist_dataset.stg_products
08:11:23.344459 [info ]: Started model olist_dataset.stg_orders
08:11:23.344465 [debug]: Started rendering model olist_dataset.stg_orders
08:11:23.344482 [info ]: Started model olist_dataset.stg_order_reviews
08:11:23.344489 [debug]: Started rendering model olist_dataset.stg_order_reviews
08:11:23.344501 [info ]: Started model olist_dataset.stg_order_payments
08:11:23.344529 [debug]: Started rendering model olist_dataset.stg_order_payments
08:11:23.344541 [info ]: Started model olist_dataset.stg_order_items
08:11:23.344546 [info ]: Finished loading project [  0.05s]
08:11:23.344559 [debug]: Started rendering model olist_dataset.stg_order_items
08:11:23.344583 [info ]: Started model olist_dataset.stg_customers
08:11:23.344593 [debug]: Started rendering model olist_dataset.stg_customers
08:11:23.344615 [info ]: Started model olist_dataset.my_second_dbt_model
08:11:23.344647 [debug]: Started rendering model olist_dataset.my_second_dbt_model
08:11:23.346689 [debug]: Compiled SQL for node model.olist_dbt.stg_products at target\.lsp\compiled\olist_dbt\models\staging\stg_products.sql
08:11:23.346937 [debug]: Finished rendering [  0.00s] model olist_dataset.stg_products [success]
08:11:23.346999 [info ]: Started analyzing (7 nodes)
08:11:23.347020 [debug]: Started analyzing model olist_dataset.stg_products
08:11:23.347853 [debug]: Finished analyzing [  0.00s] model olist_dataset.stg_products [success]
08:11:23.347902 [info ]:  Succeeded [  0.00s] model olist_dataset.stg_products (view)
08:11:23.348428 [error]: [JinjaError (dbt1501)]: Failed to render SQL not a key type: ref not found for package: olist_dbt, model: my_first_dbt_model, version: None
(in models/my_second_dbt_model.sql:5:6)
  --> models/my_second_dbt_model.sql:5:6
08:11:23.348514 [debug]: Finished rendering [  0.00s] model olist_dataset.my_second_dbt_model [error]
08:11:23.348568 [debug]: Started analyzing model olist_dataset.my_second_dbt_model
08:11:23.348595 [debug]: Finished analyzing [  0.00s] model olist_dataset.my_second_dbt_model [skipped]
08:11:23.348611 [info ]:     Failed [  0.00s] model olist_dataset.my_second_dbt_model (view)
08:11:23.351148 [debug]: Compiled SQL for node model.olist_dbt.stg_order_items at target\.lsp\compiled\olist_dbt\models\staging\stg_order_items.sql
08:11:23.351162 [debug]: Compiled SQL for node model.olist_dbt.stg_orders at target\.lsp\compiled\olist_dbt\models\staging\stg_orders.sql
08:11:23.351213 [debug]: Compiled SQL for node model.olist_dbt.stg_customers at target\.lsp\compiled\olist_dbt\models\staging\stg_customers.sql
08:11:23.351477 [debug]: Compiled SQL for node model.olist_dbt.stg_order_payments at target\.lsp\compiled\olist_dbt\models\staging\stg_order_payments.sql
08:11:23.351705 [debug]: Finished rendering [  0.01s] model olist_dataset.stg_order_items [success]
08:11:23.351771 [debug]: Compiled SQL for node model.olist_dbt.stg_order_reviews at target\.lsp\compiled\olist_dbt\models\staging\stg_order_reviews.sql
08:11:23.351776 [debug]: Started analyzing model olist_dataset.stg_order_items
08:11:23.351823 [debug]: Finished rendering [  0.01s] model olist_dataset.stg_customers [success]
08:11:23.351847 [debug]: Started analyzing model olist_dataset.stg_customers
08:11:23.351869 [debug]: Finished rendering [  0.01s] model olist_dataset.stg_orders [success]
08:11:23.351886 [debug]: Started analyzing model olist_dataset.stg_orders
08:11:23.351905 [debug]: Finished rendering [  0.01s] model olist_dataset.stg_order_payments [success]
08:11:23.351919 [debug]: Started analyzing model olist_dataset.stg_order_payments
08:11:23.351940 [debug]: Finished rendering [  0.01s] model olist_dataset.stg_order_reviews [success]
08:11:23.351954 [info ]: Finished rendering [  0.01s] (7 nodes, 0 skipped, 1 errors)
08:11:23.351967 [debug]: Started analyzing model olist_dataset.stg_order_reviews
08:11:23.352465 [debug]: Finished analyzing [  0.00s] model olist_dataset.stg_order_payments [success]
08:11:23.352522 [info ]:  Succeeded [  0.01s] model olist_dataset.stg_order_payments (view)
08:11:23.352591 [debug]: Finished analyzing [  0.00s] model olist_dataset.stg_order_items [success]
08:11:23.352613 [info ]:  Succeeded [  0.01s] model olist_dataset.stg_order_items (view)
08:11:23.352644 [debug]: Finished analyzing [  0.00s] model olist_dataset.stg_customers [success]
08:11:23.352661 [info ]:  Succeeded [  0.01s] model olist_dataset.stg_customers (view)
08:11:23.352687 [debug]: Finished analyzing [  0.00s] model olist_dataset.stg_orders [success]
08:11:23.352701 [info ]:  Succeeded [  0.01s] model olist_dataset.stg_orders (view)
08:11:23.352728 [debug]: Finished analyzing [  0.00s] model olist_dataset.stg_order_reviews [success]
08:11:23.352743 [info ]: Finished analyzing [  0.01s] (7 nodes, 1 skipped, 0 errors)
08:11:23.352759 [info ]:  Succeeded [  0.01s] model olist_dataset.stg_order_reviews (view)
08:11:23.358038 [info ]: Started scheduling
08:11:23.358123 [info ]: Finished scheduling [  0.00s]
08:11:23.358274 [info ]: 
==================== Execution Summary =====================
Finished 'compile' with 1 error for target 'dev' [68ms]
Processed: 7 models
Summary: 7 total | 6 success | 1 error
08:11:23.358770 [info ]: Cached model count updated: 7 models (accurate)
==================== 2026-09-11T08:11:24.361970Z | 8e82951c-0267-49fa-9a15-41bb7d3cb47b ====================
08:11:24.362353 [info ]: Started loading project
08:11:24.364216 [info ]: Loading ~/.dbt/profiles.yml
==================== 2026-09-11T08:11:24.380248Z | 66dbd771-c330-4945-9249-c1e071a2a131 ====================
08:11:24.380547 [info ]: Started loading project
08:11:24.382019 [info ]: Loading ~/.dbt/profiles.yml
08:11:24.382086 [info ]: Finished loading project [  0.02s]
08:11:24.389424 [debug]:    Started loading packages
08:11:24.399350 [debug]:     Loaded [  0.01s] packages
08:11:24.400194 [info ]: Finished loading project [  0.02s]
08:11:24.400394 [info ]: Started parsing
08:11:24.448537 [debug]: Finished parsing models/schema.yml [  0.00s]
08:11:24.450038 [debug]: Finished parsing models/sources.yml [  0.00s]
08:11:24.457130 [debug]: Finished parsing models/staging/stg_customers.sql [  0.00s]
08:11:24.457977 [debug]: Finished parsing models/staging/stg_order_items.sql [  0.00s]
08:11:24.458832 [debug]: Finished parsing models/staging/stg_order_payments.sql [  0.00s]
08:11:24.461002 [debug]: Finished parsing models/staging/stg_order_reviews.sql [  0.00s]
08:11:24.463954 [debug]: Finished parsing models/staging/stg_orders.sql [  0.00s]
08:11:24.465916 [debug]: Finished parsing models/staging/stg_products.sql [  0.00s]
08:11:24.472661 [warn ]: [NoNodeForYamlKey (dbt1089)]: Unused schema.yml entry for model 'my_first_dbt_model'
  --> models/schema.yml
08:11:24.472715 [warn ]: [NoNodeForYamlKey (dbt1089)]: Unused schema.yml entry for model 'my_second_dbt_model'
  --> models/schema.yml
08:11:24.669593 [warn ]: [UnusedResourceConfigPath (dbt1097)]: Configuration paths exist in your dbt_project.yml file which do not apply to any resources.
There are 1 unused configuration paths:
- models.olist_dbt.example
08:11:24.671732 [info ]: Finished parsing [  0.27s]
08:11:24.672901 [info ]: Cached model count updated: 6 models (estimate)
08:11:24.672925 [info ]: Cached model count updated: 6 models (accurate)
08:11:24.672966 [info ]: Started scheduling
08:11:24.673019 [info ]: Finished scheduling [  0.00s]
08:11:24.673049 [debug]: Compilation - 0 nodes selected: {}
08:11:24.673091 [warn ]: [NoNodesForSelectionCriteria (dbt1092)]: The selection criterion '' does not match any enabled nodes
08:11:24.673112 [warn ]: [NoNodesSelected (dbt1601)]: Nothing to do. Try checking your model configs and model specification args
08:11:24.673131 [info ]: Started scheduling
08:11:24.673225 [info ]: Finished scheduling [  0.00s]
08:11:24.673705 [debug]: Initializing schema store with entry: Frontier(CanonicalFqn { catalog: "latihan-data-505310", schema: "olist_raw", table: "olist_order_reviews_dataset" }) and interval: None
08:11:24.673730 [debug]: Initializing schema store with entry: Frontier(CanonicalFqn { catalog: "latihan-data-505310", schema: "olist_raw", table: "olist_order_payments_dataset" }) and interval: None
08:11:24.673738 [debug]: Initializing schema store with entry: Frontier(CanonicalFqn { catalog: "latihan-data-505310", schema: "olist_raw", table: "olist_order_items_dataset" }) and interval: None
08:11:24.673749 [debug]: Initializing schema store with entry: Frontier(CanonicalFqn { catalog: "latihan-data-505310", schema: "olist_raw", table: "olist_products_dataset" }) and interval: None
08:11:24.673757 [debug]: Initializing schema store with entry: Frontier(CanonicalFqn { catalog: "latihan-data-505310", schema: "olist_raw", table: "olist_customers_dataset" }) and interval: None
08:11:24.673763 [debug]: Initializing schema store with entry: Frontier(CanonicalFqn { catalog: "latihan-data-505310", schema: "olist_raw", table: "olist_orders_dataset" }) and interval: None
08:11:24.675496 [info ]: Started building task graph
08:11:24.675524 [info ]: Finished building task graph [  0.00s]
08:11:24.689923 [info ]: Started scheduling
08:11:24.689987 [info ]: Finished scheduling [  0.00s]
08:11:24.690103 [info ]: 
==================== Execution Summary =====================
Finished 'compile' with 5 warnings for target 'dev' [309ms]
08:11:24.690146 [info ]: 
==================== Execution Summary =====================
Finished 'compile' successfully for target 'dev' [328ms]
08:11:24.692345 [info ]: Cached model count updated: 6 models (accurate)
==================== 2026-09-11T08:11:25.188875Z | e56fe531-05ba-424d-aa4a-ecd540824498 ====================
08:11:25.188977 [info ]: Started loading project
08:11:25.190112 [info ]: Loading ~/.dbt/profiles.yml
08:11:25.233552 [info ]: Cached model count updated: 6 models (estimate)
08:11:25.233571 [info ]: Cached model count updated: 6 models (accurate)
08:11:25.233611 [info ]: Started scheduling
08:11:25.233677 [info ]: Finished scheduling [  0.00s]
08:11:25.233692 [debug]: Compilation - 1 nodes selected: {"model.olist_dbt.stg_order_reviews"}
08:11:25.234925 [info ]: Started building task graph
08:11:25.234960 [info ]: Finished building task graph [  0.00s]
08:11:25.239524 [info ]: Started rendering (1 nodes)
08:11:25.239547 [info ]: Started model olist_dataset.stg_order_reviews
08:11:25.239566 [debug]: Started rendering model olist_dataset.stg_order_reviews
08:11:25.239605 [info ]: Finished loading project [  0.05s]
08:11:25.240983 [debug]: Compiled SQL for node model.olist_dbt.stg_order_reviews at target\.lsp\compiled\olist_dbt\models\staging\stg_order_reviews.sql
08:11:25.241166 [debug]: Finished rendering [  0.00s] model olist_dataset.stg_order_reviews [success]
08:11:25.241198 [info ]: Finished rendering [  0.00s] (1 nodes, 0 skipped, 0 errors)
08:11:25.241236 [info ]: Started analyzing (1 nodes)
08:11:25.241247 [debug]: Started analyzing model olist_dataset.stg_order_reviews
08:11:25.241516 [debug]: Finished analyzing [  0.00s] model olist_dataset.stg_order_reviews [success]
08:11:25.241528 [info ]: Finished analyzing [  0.00s] (1 nodes, 0 skipped, 0 errors)
08:11:25.241535 [info ]:  Succeeded [  0.00s] model olist_dataset.stg_order_reviews (view)
08:11:25.248209 [info ]: Started scheduling
08:11:25.248290 [info ]: Finished scheduling [  0.00s]
08:11:25.248394 [info ]: 
==================== Execution Summary =====================
Finished 'compile' successfully for target 'dev' [59ms]
Processed: 1 model
Summary: 1 total | 1 success
08:11:25.248498 [info ]: Cached model count updated: 6 models (accurate)
==================== 2026-09-11T08:11:26.918449Z | c63d49d9-405b-4467-9e37-6aecef129c33 ====================
08:11:26.918508 [info ]: Started loading project
08:11:26.919370 [info ]: Loading ~/.dbt/profiles.yml
08:11:26.982815 [info ]: Cached model count updated: 6 models (estimate)
08:11:26.982878 [info ]: Cached model count updated: 6 models (accurate)
08:11:26.982983 [info ]: Started scheduling
08:11:26.983212 [info ]: Finished scheduling [  0.00s]
08:11:26.983307 [debug]: Compilation - 6 nodes selected: {"model.olist_dbt.stg_customers", "model.olist_dbt.stg_order_items", "model.olist_dbt.stg_order_payments", "model.olist_dbt.stg_order_reviews", "model.olist_dbt.stg_orders", "model.olist_dbt.stg_products"}
08:11:26.986027 [info ]: Started building task graph
08:11:26.986386 [info ]: Finished building task graph [  0.00s]
08:11:26.991970 [info ]: Started rendering (6 nodes)
08:11:26.991999 [info ]: Started model olist_dataset.stg_products
08:11:26.992009 [debug]: Started rendering model olist_dataset.stg_products
08:11:26.992038 [info ]: Started model olist_dataset.stg_orders
08:11:26.992046 [debug]: Started rendering model olist_dataset.stg_orders
08:11:26.992059 [info ]: Started model olist_dataset.stg_order_reviews
08:11:26.992069 [debug]: Started rendering model olist_dataset.stg_order_reviews
08:11:26.992070 [info ]: Finished loading project [  0.07s]
08:11:26.992112 [info ]: Started model olist_dataset.stg_order_payments
08:11:26.992128 [debug]: Started rendering model olist_dataset.stg_order_payments
08:11:26.992153 [info ]: Started model olist_dataset.stg_order_items
08:11:26.992168 [debug]: Started rendering model olist_dataset.stg_order_items
08:11:26.992201 [info ]: Started model olist_dataset.stg_customers
08:11:26.992220 [debug]: Started rendering model olist_dataset.stg_customers
08:11:26.993197 [debug]: Compiled SQL for node model.olist_dbt.stg_order_reviews at target\.lsp\compiled\olist_dbt\models\staging\stg_order_reviews.sql
08:11:26.994257 [debug]: Finished rendering [  0.00s] model olist_dataset.stg_order_reviews [success]
08:11:26.994385 [info ]: Started analyzing (6 nodes)
08:11:26.994419 [debug]: Started analyzing model olist_dataset.stg_order_reviews
08:11:26.995542 [debug]: Finished analyzing [  0.00s] model olist_dataset.stg_order_reviews [success]
08:11:26.995627 [info ]:  Succeeded [  0.00s] model olist_dataset.stg_order_reviews (view)
08:11:26.997477 [debug]: Compiled SQL for node model.olist_dbt.stg_orders at target\.lsp\compiled\olist_dbt\models\staging\stg_orders.sql
08:11:26.997476 [debug]: Compiled SQL for node model.olist_dbt.stg_products at target\.lsp\compiled\olist_dbt\models\staging\stg_products.sql
08:11:26.997463 [debug]: Compiled SQL for node model.olist_dbt.stg_order_payments at target\.lsp\compiled\olist_dbt\models\staging\stg_order_payments.sql
08:11:26.997766 [debug]: Finished rendering [  0.01s] model olist_dataset.stg_order_payments [success]
08:11:26.997851 [debug]: Started analyzing model olist_dataset.stg_order_payments
08:11:26.997915 [debug]: Finished rendering [  0.01s] model olist_dataset.stg_orders [success]
08:11:26.997943 [debug]: Started analyzing model olist_dataset.stg_orders
08:11:26.998028 [debug]: Compiled SQL for node model.olist_dbt.stg_order_items at target\.lsp\compiled\olist_dbt\models\staging\stg_order_items.sql
08:11:26.998320 [debug]: Finished rendering [  0.01s] model olist_dataset.stg_order_items [success]
08:11:26.998382 [debug]: Started analyzing model olist_dataset.stg_order_items
08:11:26.998437 [debug]: Finished rendering [  0.01s] model olist_dataset.stg_products [success]
08:11:26.998463 [debug]: Started analyzing model olist_dataset.stg_products
08:11:26.998729 [debug]: Finished analyzing [  0.00s] model olist_dataset.stg_order_payments [success]
08:11:26.998770 [info ]:  Succeeded [  0.01s] model olist_dataset.stg_order_payments (view)
08:11:26.998830 [debug]: Finished analyzing [  0.00s] model olist_dataset.stg_products [success]
08:11:26.998853 [info ]:  Succeeded [  0.01s] model olist_dataset.stg_products (view)
08:11:26.998890 [debug]: Finished analyzing [  0.00s] model olist_dataset.stg_order_items [success]
08:11:26.998912 [info ]:  Succeeded [  0.01s] model olist_dataset.stg_order_items (view)
08:11:26.999355 [debug]: Finished analyzing [  0.00s] model olist_dataset.stg_orders [success]
08:11:26.999399 [info ]:  Succeeded [  0.01s] model olist_dataset.stg_orders (view)
08:11:27.000094 [debug]: Compiled SQL for node model.olist_dbt.stg_customers at target\.lsp\compiled\olist_dbt\models\staging\stg_customers.sql
08:11:27.000705 [debug]: Finished rendering [  0.01s] model olist_dataset.stg_customers [success]
08:11:27.000777 [info ]: Finished rendering [  0.01s] (6 nodes, 0 skipped, 0 errors)
08:11:27.000837 [debug]: Started analyzing model olist_dataset.stg_customers
08:11:27.001436 [debug]: Finished analyzing [  0.00s] model olist_dataset.stg_customers [success]
08:11:27.001466 [info ]: Finished analyzing [  0.01s] (6 nodes, 0 skipped, 0 errors)
08:11:27.001479 [info ]:  Succeeded [  0.01s] model olist_dataset.stg_customers (view)
08:11:27.008714 [info ]: Started scheduling
08:11:27.008843 [info ]: Finished scheduling [  0.00s]
08:11:27.008941 [info ]: 
==================== Execution Summary =====================
Finished 'compile' successfully for target 'dev' [90ms]
Processed: 6 models
Summary: 6 total | 6 success
08:11:27.009090 [info ]: Cached model count updated: 6 models (accurate)
==================== 2026-09-11T08:13:40.188493Z | 99e25d01-14ca-4f0b-80e5-1d9e02143fb9 ====================
08:13:40.188646 [info ]: Started loading project
08:13:40.190259 [info ]: Loading ~/.dbt/profiles.yml
==================== 2026-09-11T08:13:40.212175Z | 608d122f-53b7-4819-8bdd-114d53835ca4 ====================
08:13:40.212261 [info ]: Started loading project
08:13:40.213044 [info ]: Loading ~/.dbt/profiles.yml
08:13:40.213143 [info ]: Finished loading project [  0.02s]
08:13:40.220795 [debug]:    Started loading packages
08:13:40.227551 [debug]:     Loaded [  0.01s] packages
08:13:40.229265 [info ]: Finished loading project [  0.02s]
08:13:40.229565 [info ]: Started parsing
08:13:40.282208 [debug]: Finished parsing models/schema.yml [  0.00s]
08:13:40.283014 [debug]: Finished parsing models/sources.yml [  0.00s]
08:13:40.284960 [debug]: Finished parsing models/staging/stg_customers.sql [  0.00s]
08:13:40.285607 [debug]: Finished parsing models/staging/stg_order_items.sql [  0.00s]
08:13:40.286392 [debug]: Finished parsing models/staging/stg_order_payments.sql [  0.00s]
08:13:40.287111 [debug]: Finished parsing models/staging/stg_order_reviews.sql [  0.00s]
08:13:40.287762 [debug]: Finished parsing models/staging/stg_orders.sql [  0.00s]
08:13:40.288659 [debug]: Finished parsing models/staging/stg_products.sql [  0.00s]
08:13:40.294208 [warn ]: [NoNodeForYamlKey (dbt1089)]: Unused schema.yml entry for model 'my_first_dbt_model'
  --> models/schema.yml
08:13:40.294251 [warn ]: [NoNodeForYamlKey (dbt1089)]: Unused schema.yml entry for model 'my_second_dbt_model'
  --> models/schema.yml
08:13:40.411286 [info ]: Finished parsing [  0.18s]
08:13:40.412330 [info ]: Cached model count updated: 6 models (estimate)
08:13:40.412353 [info ]: Cached model count updated: 6 models (accurate)
08:13:40.412407 [info ]: Started scheduling
08:13:40.412483 [info ]: Finished scheduling [  0.00s]
08:13:40.412502 [debug]: Compilation - 0 nodes selected: {}
08:13:40.412527 [warn ]: [NoNodesForSelectionCriteria (dbt1092)]: The selection criterion '' does not match any enabled nodes
08:13:40.412539 [warn ]: [NoNodesSelected (dbt1601)]: Nothing to do. Try checking your model configs and model specification args
08:13:40.412552 [info ]: Started scheduling
08:13:40.412627 [info ]: Finished scheduling [  0.00s]
08:13:40.412885 [debug]: Initializing schema store with entry: Frontier(CanonicalFqn { catalog: "latihan-data-505310", schema: "olist_raw", table: "olist_order_payments_dataset" }) and interval: None
08:13:40.412896 [debug]: Initializing schema store with entry: Frontier(CanonicalFqn { catalog: "latihan-data-505310", schema: "olist_raw", table: "olist_order_reviews_dataset" }) and interval: None
08:13:40.412901 [debug]: Initializing schema store with entry: Frontier(CanonicalFqn { catalog: "latihan-data-505310", schema: "olist_raw", table: "olist_products_dataset" }) and interval: None
08:13:40.412905 [debug]: Initializing schema store with entry: Frontier(CanonicalFqn { catalog: "latihan-data-505310", schema: "olist_raw", table: "olist_order_items_dataset" }) and interval: None
08:13:40.412909 [debug]: Initializing schema store with entry: Frontier(CanonicalFqn { catalog: "latihan-data-505310", schema: "olist_raw", table: "olist_customers_dataset" }) and interval: None
08:13:40.412912 [debug]: Initializing schema store with entry: Frontier(CanonicalFqn { catalog: "latihan-data-505310", schema: "olist_raw", table: "olist_orders_dataset" }) and interval: None
08:13:40.416765 [info ]: Started building task graph
08:13:40.416796 [info ]: Finished building task graph [  0.00s]
08:13:40.428497 [info ]: Started scheduling
08:13:40.428638 [info ]: Finished scheduling [  0.00s]
08:13:40.428817 [info ]: 
==================== Execution Summary =====================
Finished 'compile' with 4 warnings for target 'dev' [216ms]
08:13:40.428883 [info ]: 
==================== Execution Summary =====================
Finished 'compile' successfully for target 'dev' [240ms]
08:13:40.433053 [info ]: Cached model count updated: 6 models (accurate)
==================== 2026-09-11T08:13:42.099823Z | 07253caf-ce70-4bfb-9095-364505737a23 ====================
08:13:42.099923 [info ]: Started loading project
08:13:42.100687 [info ]: Loading ~/.dbt/profiles.yml
08:13:42.156096 [info ]: Cached model count updated: 6 models (estimate)
08:13:42.156121 [info ]: Cached model count updated: 6 models (accurate)
08:13:42.156164 [info ]: Started scheduling
08:13:42.156268 [info ]: Finished scheduling [  0.00s]
08:13:42.156288 [debug]: Compilation - 6 nodes selected: {"model.olist_dbt.stg_customers", "model.olist_dbt.stg_order_items", "model.olist_dbt.stg_order_payments", "model.olist_dbt.stg_order_reviews", "model.olist_dbt.stg_orders", "model.olist_dbt.stg_products"}
08:13:42.158562 [info ]: Started building task graph
08:13:42.158648 [info ]: Finished building task graph [  0.00s]
08:13:42.165039 [info ]: Started rendering (6 nodes)
08:13:42.165075 [info ]: Started model olist_dataset.stg_products
08:13:42.165091 [debug]: Started rendering model olist_dataset.stg_products
08:13:42.165130 [info ]: Started model olist_dataset.stg_orders
08:13:42.165143 [debug]: Started rendering model olist_dataset.stg_orders
08:13:42.165170 [info ]: Started model olist_dataset.stg_order_reviews
08:13:42.165175 [info ]: Finished loading project [  0.07s]
08:13:42.165185 [debug]: Started rendering model olist_dataset.stg_order_reviews
08:13:42.165215 [info ]: Started model olist_dataset.stg_order_payments
08:13:42.165252 [debug]: Started rendering model olist_dataset.stg_order_payments
08:13:42.165283 [info ]: Started model olist_dataset.stg_order_items
08:13:42.165307 [debug]: Started rendering model olist_dataset.stg_order_items
08:13:42.165348 [info ]: Started model olist_dataset.stg_customers
08:13:42.165361 [debug]: Started rendering model olist_dataset.stg_customers
08:13:42.168417 [debug]: Compiled SQL for node model.olist_dbt.stg_order_reviews at target\.lsp\compiled\olist_dbt\models\staging\stg_order_reviews.sql
08:13:42.168824 [debug]: Finished rendering [  0.00s] model olist_dataset.stg_order_reviews [success]
08:13:42.169019 [info ]: Started analyzing (6 nodes)
08:13:42.169583 [debug]: Started analyzing model olist_dataset.stg_order_reviews
08:13:42.169639 [debug]: Compiled SQL for node model.olist_dbt.stg_order_items at target\.lsp\compiled\olist_dbt\models\staging\stg_order_items.sql
08:13:42.169639 [debug]: Compiled SQL for node model.olist_dbt.stg_products at target\.lsp\compiled\olist_dbt\models\staging\stg_products.sql
08:13:42.169706 [debug]: Compiled SQL for node model.olist_dbt.stg_order_payments at target\.lsp\compiled\olist_dbt\models\staging\stg_order_payments.sql
08:13:42.169755 [debug]: Compiled SQL for node model.olist_dbt.stg_orders at target\.lsp\compiled\olist_dbt\models\staging\stg_orders.sql
08:13:42.169815 [debug]: Finished rendering [  0.00s] model olist_dataset.stg_order_items [success]
08:13:42.169863 [debug]: Started analyzing model olist_dataset.stg_order_items
08:13:42.169919 [debug]: Finished rendering [  0.00s] model olist_dataset.stg_products [success]
08:13:42.169940 [debug]: Started analyzing model olist_dataset.stg_products
08:13:42.169966 [debug]: Finished rendering [  0.00s] model olist_dataset.stg_order_payments [success]
08:13:42.169989 [debug]: Started analyzing model olist_dataset.stg_order_payments
08:13:42.170008 [debug]: Finished rendering [  0.00s] model olist_dataset.stg_orders [success]
08:13:42.170024 [debug]: Started analyzing model olist_dataset.stg_orders
08:13:42.170091 [debug]: Compiled SQL for node model.olist_dbt.stg_customers at target\.lsp\compiled\olist_dbt\models\staging\stg_customers.sql
08:13:42.170217 [debug]: Finished analyzing [  0.00s] model olist_dataset.stg_order_reviews [success]
08:13:42.170247 [info ]:  Succeeded [  0.00s] model olist_dataset.stg_order_reviews (view)
08:13:42.170284 [debug]: Finished analyzing [  0.00s] model olist_dataset.stg_order_items [success]
08:13:42.170300 [info ]:  Succeeded [  0.00s] model olist_dataset.stg_order_items (view)
08:13:42.170325 [debug]: Finished rendering [  0.00s] model olist_dataset.stg_customers [success]
08:13:42.170345 [info ]: Finished rendering [  0.01s] (6 nodes, 0 skipped, 0 errors)
08:13:42.170368 [debug]: Started analyzing model olist_dataset.stg_customers
08:13:42.170668 [debug]: Finished analyzing [  0.00s] model olist_dataset.stg_customers [success]
08:13:42.170699 [info ]:  Succeeded [  0.00s] model olist_dataset.stg_customers (view)
08:13:42.170763 [debug]: Finished analyzing [  0.00s] model olist_dataset.stg_orders [success]
08:13:42.170792 [info ]:  Succeeded [  0.00s] model olist_dataset.stg_orders (view)
08:13:42.170927 [debug]: Finished analyzing [  0.00s] model olist_dataset.stg_order_payments [success]
08:13:42.170944 [info ]:  Succeeded [  0.00s] model olist_dataset.stg_order_payments (view)
08:13:42.171344 [debug]: Finished analyzing [  0.00s] model olist_dataset.stg_products [success]
08:13:42.171360 [info ]: Finished analyzing [  0.00s] (6 nodes, 0 skipped, 0 errors)
08:13:42.171368 [info ]:  Succeeded [  0.01s] model olist_dataset.stg_products (view)
08:13:42.174787 [info ]: Started scheduling
08:13:42.174848 [info ]: Finished scheduling [  0.00s]
08:13:42.174936 [info ]: 
==================== Execution Summary =====================
Finished 'compile' successfully for target 'dev' [75ms]
Processed: 6 models
Summary: 6 total | 6 success
08:13:42.175094 [info ]: Cached model count updated: 6 models (accurate)
08:13:42.520182 [info ]: Loading ~/.dbt/profiles.yml
==================== 2026-09-11T08:14:17.451270Z | 31154c71-4958-4b53-8734-ca77f0bce160 ====================
08:14:17.451418 [info ]: Started loading project
08:14:17.453465 [info ]: Loading ~/.dbt/profiles.yml
08:14:17.488270 [info ]: Cached model count updated: 6 models (accurate)
08:14:17.488428 [info ]: Finished loading project [  0.04s]
08:14:17.488472 [info ]: 
==================== Execution Summary =====================
Finished 'compile' successfully for target 'dev' [37ms]
==================== 2026-09-11T08:14:19.132692Z | 1dcaf3b3-2704-4da2-959f-f3d04f8ff384 ====================
08:14:19.132777 [info ]: Started loading project
08:14:19.133600 [info ]: Loading ~/.dbt/profiles.yml
08:14:19.181090 [info ]: Cached model count updated: 6 models (estimate)
08:14:19.181109 [info ]: Cached model count updated: 6 models (accurate)
08:14:19.181148 [info ]: Started scheduling
08:14:19.181652 [info ]: Finished scheduling [  0.00s]
08:14:19.181669 [debug]: Compilation - 6 nodes selected: {"model.olist_dbt.stg_customers", "model.olist_dbt.stg_order_items", "model.olist_dbt.stg_order_payments", "model.olist_dbt.stg_order_reviews", "model.olist_dbt.stg_orders", "model.olist_dbt.stg_products"}
08:14:19.184980 [info ]: Started building task graph
08:14:19.185062 [info ]: Finished building task graph [  0.00s]
08:14:19.189915 [info ]: Started rendering (6 nodes)
08:14:19.189939 [info ]: Started model olist_dataset.stg_products
08:14:19.189948 [debug]: Started rendering model olist_dataset.stg_products
08:14:19.189976 [info ]: Started model olist_dataset.stg_orders
08:14:19.189983 [debug]: Started rendering model olist_dataset.stg_orders
08:14:19.189992 [info ]: Started model olist_dataset.stg_order_reviews
08:14:19.189999 [debug]: Started rendering model olist_dataset.stg_order_reviews
08:14:19.190009 [info ]: Started model olist_dataset.stg_order_payments
08:14:19.190014 [debug]: Started rendering model olist_dataset.stg_order_payments
08:14:19.190024 [info ]: Started model olist_dataset.stg_order_items
08:14:19.190031 [debug]: Started rendering model olist_dataset.stg_order_items
08:14:19.190042 [info ]: Finished loading project [  0.06s]
08:14:19.190052 [info ]: Started model olist_dataset.stg_customers
08:14:19.190059 [debug]: Started rendering model olist_dataset.stg_customers
08:14:19.190910 [debug]: Compiled SQL for node model.olist_dbt.stg_products at target\.lsp\compiled\olist_dbt\models\staging\stg_products.sql
08:14:19.191063 [debug]: Finished rendering [  0.00s] model olist_dataset.stg_products [success]
08:14:19.191108 [info ]: Started analyzing (6 nodes)
08:14:19.191123 [debug]: Started analyzing model olist_dataset.stg_products
08:14:19.191529 [debug]: Finished analyzing [  0.00s] model olist_dataset.stg_products [success]
08:14:19.191558 [info ]:  Succeeded [  0.00s] model olist_dataset.stg_products (view)
08:14:19.192049 [debug]: Compiled SQL for node model.olist_dbt.stg_customers at target\.lsp\compiled\olist_dbt\models\staging\stg_customers.sql
08:14:19.192052 [debug]: Compiled SQL for node model.olist_dbt.stg_order_reviews at target\.lsp\compiled\olist_dbt\models\staging\stg_order_reviews.sql
08:14:19.192058 [debug]: Compiled SQL for node model.olist_dbt.stg_order_items at target\.lsp\compiled\olist_dbt\models\staging\stg_order_items.sql
08:14:19.192059 [debug]: Compiled SQL for node model.olist_dbt.stg_order_payments at target\.lsp\compiled\olist_dbt\models\staging\stg_order_payments.sql
08:14:19.192074 [debug]: Compiled SQL for node model.olist_dbt.stg_orders at target\.lsp\compiled\olist_dbt\models\staging\stg_orders.sql
08:14:19.192194 [debug]: Finished rendering [  0.00s] model olist_dataset.stg_order_payments [success]
08:14:19.192224 [debug]: Started analyzing model olist_dataset.stg_order_payments
08:14:19.192243 [debug]: Finished rendering [  0.00s] model olist_dataset.stg_order_reviews [success]
08:14:19.192257 [debug]: Started analyzing model olist_dataset.stg_order_reviews
08:14:19.192274 [debug]: Finished rendering [  0.00s] model olist_dataset.stg_orders [success]
08:14:19.192289 [debug]: Started analyzing model olist_dataset.stg_orders
08:14:19.192312 [debug]: Finished rendering [  0.00s] model olist_dataset.stg_order_items [success]
08:14:19.192331 [debug]: Started analyzing model olist_dataset.stg_order_items
08:14:19.192355 [debug]: Finished rendering [  0.00s] model olist_dataset.stg_customers [success]
08:14:19.192372 [info ]: Finished rendering [  0.00s] (6 nodes, 0 skipped, 0 errors)
08:14:19.192386 [debug]: Started analyzing model olist_dataset.stg_customers
08:14:19.192606 [debug]: Finished analyzing [  0.00s] model olist_dataset.stg_order_payments [success]
08:14:19.192626 [info ]:  Succeeded [  0.00s] model olist_dataset.stg_order_payments (view)
08:14:19.192647 [debug]: Finished analyzing [  0.00s] model olist_dataset.stg_order_reviews [success]
08:14:19.192654 [info ]:  Succeeded [  0.00s] model olist_dataset.stg_order_reviews (view)
08:14:19.192670 [debug]: Finished analyzing [  0.00s] model olist_dataset.stg_customers [success]
08:14:19.192678 [info ]:  Succeeded [  0.00s] model olist_dataset.stg_customers (view)
08:14:19.192690 [debug]: Finished analyzing [  0.00s] model olist_dataset.stg_orders [success]
08:14:19.192699 [info ]:  Succeeded [  0.00s] model olist_dataset.stg_orders (view)
08:14:19.192714 [debug]: Finished analyzing [  0.00s] model olist_dataset.stg_order_items [success]
08:14:19.192725 [info ]: Finished analyzing [  0.00s] (6 nodes, 0 skipped, 0 errors)
08:14:19.192732 [info ]:  Succeeded [  0.00s] model olist_dataset.stg_order_items (view)
08:14:19.196209 [info ]: Started scheduling
08:14:19.196276 [info ]: Finished scheduling [  0.00s]
08:14:19.196351 [info ]: 
==================== Execution Summary =====================
Finished 'compile' successfully for target 'dev' [63ms]
Processed: 6 models
Summary: 6 total | 6 success
08:14:19.196441 [info ]: Cached model count updated: 6 models (accurate)
==================== 2026-09-11T08:14:38.084587Z | 66f4a2ef-9243-4f4c-8627-38dfa246ec4e ====================
08:14:38.084734 [info ]: Started loading project
08:14:38.085850 [info ]: Loading ~/.dbt/profiles.yml
==================== 2026-09-11T08:14:38.099915Z | b971d1ee-e6bd-4f7e-89c5-8343bb34a86e ====================
08:14:38.099957 [info ]: Started loading project
08:14:38.100637 [info ]: Loading ~/.dbt/profiles.yml
08:14:38.100744 [info ]: Finished loading project [  0.02s]
08:14:38.107528 [debug]:    Started loading packages
08:14:38.115285 [debug]:     Loaded [  0.01s] packages
08:14:38.116098 [info ]: Finished loading project [  0.02s]
08:14:38.116288 [info ]: Started parsing
08:14:38.152523 [debug]: Finished parsing models/schema.yml [  0.00s]
08:14:38.152995 [debug]: Finished parsing models/sources.yml [  0.00s]
08:14:38.154888 [debug]: Finished parsing models/marts/fct_monthly_sales.sql [  0.00s]
08:14:38.155742 [debug]: Finished parsing models/staging/stg_customers.sql [  0.00s]
08:14:38.156388 [debug]: Finished parsing models/staging/stg_order_items.sql [  0.00s]
08:14:38.156999 [debug]: Finished parsing models/staging/stg_order_payments.sql [  0.00s]
08:14:38.157621 [debug]: Finished parsing models/staging/stg_order_reviews.sql [  0.00s]
08:14:38.158236 [debug]: Finished parsing models/staging/stg_orders.sql [  0.00s]
08:14:38.158914 [debug]: Finished parsing models/staging/stg_products.sql [  0.00s]
08:14:38.166575 [warn ]: [NoNodeForYamlKey (dbt1089)]: Unused schema.yml entry for model 'my_first_dbt_model'
  --> models/schema.yml
08:14:38.166610 [warn ]: [NoNodeForYamlKey (dbt1089)]: Unused schema.yml entry for model 'my_second_dbt_model'
  --> models/schema.yml
08:14:38.289433 [info ]: Finished parsing [  0.17s]
08:14:38.290638 [info ]: Cached model count updated: 7 models (estimate)
08:14:38.290656 [info ]: Cached model count updated: 7 models (accurate)
08:14:38.290690 [info ]: Started scheduling
08:14:38.290731 [info ]: Finished scheduling [  0.00s]
08:14:38.290744 [debug]: Compilation - 0 nodes selected: {}
08:14:38.290760 [warn ]: [NoNodesForSelectionCriteria (dbt1092)]: The selection criterion '' does not match any enabled nodes
08:14:38.290771 [warn ]: [NoNodesSelected (dbt1601)]: Nothing to do. Try checking your model configs and model specification args
08:14:38.290780 [info ]: Started scheduling
08:14:38.290852 [info ]: Finished scheduling [  0.00s]
08:14:38.291075 [debug]: Initializing schema store with entry: Frontier(CanonicalFqn { catalog: "latihan-data-505310", schema: "olist_raw", table: "olist_orders_dataset" }) and interval: None
08:14:38.291085 [debug]: Initializing schema store with entry: Frontier(CanonicalFqn { catalog: "latihan-data-505310", schema: "olist_raw", table: "olist_order_items_dataset" }) and interval: None
08:14:38.291089 [debug]: Initializing schema store with entry: Frontier(CanonicalFqn { catalog: "latihan-data-505310", schema: "olist_raw", table: "olist_products_dataset" }) and interval: None
08:14:38.291093 [debug]: Initializing schema store with entry: Frontier(CanonicalFqn { catalog: "latihan-data-505310", schema: "olist_raw", table: "olist_customers_dataset" }) and interval: None
08:14:38.291096 [debug]: Initializing schema store with entry: Frontier(CanonicalFqn { catalog: "latihan-data-505310", schema: "olist_raw", table: "olist_order_payments_dataset" }) and interval: None
08:14:38.291099 [debug]: Initializing schema store with entry: Frontier(CanonicalFqn { catalog: "latihan-data-505310", schema: "olist_raw", table: "olist_order_reviews_dataset" }) and interval: None
08:14:38.293970 [info ]: Started building task graph
08:14:38.294053 [info ]: Finished building task graph [  0.00s]
08:14:38.305123 [info ]: Started scheduling
08:14:38.305189 [info ]: Finished scheduling [  0.00s]
08:14:38.305316 [info ]: 
==================== Execution Summary =====================
Finished 'compile' with 4 warnings for target 'dev' [205ms]
08:14:38.305364 [info ]: 
==================== Execution Summary =====================
Finished 'compile' successfully for target 'dev' [220ms]
08:14:38.307249 [info ]: Cached model count updated: 7 models (accurate)
==================== 2026-09-11T08:14:39.930186Z | 26e17469-dacc-46db-b9ed-66fde544231f ====================
08:14:39.930302 [info ]: Started loading project
08:14:39.932332 [info ]: Loading ~/.dbt/profiles.yml
08:14:39.982040 [info ]: Cached model count updated: 7 models (estimate)
08:14:39.982058 [info ]: Cached model count updated: 7 models (accurate)
08:14:39.982094 [info ]: Started scheduling
08:14:39.982183 [info ]: Finished scheduling [  0.00s]
08:14:39.982199 [debug]: Compilation - 6 nodes selected: {"model.olist_dbt.stg_customers", "model.olist_dbt.stg_order_items", "model.olist_dbt.stg_order_payments", "model.olist_dbt.stg_order_reviews", "model.olist_dbt.stg_orders", "model.olist_dbt.stg_products"}
08:14:39.985336 [info ]: Started building task graph
08:14:39.985473 [info ]: Finished building task graph [  0.00s]
08:14:39.990220 [info ]: Started rendering (6 nodes)
08:14:39.990241 [info ]: Started model olist_dataset.stg_products
08:14:39.990250 [debug]: Started rendering model olist_dataset.stg_products
08:14:39.990278 [info ]: Started model olist_dataset.stg_orders
08:14:39.990284 [debug]: Started rendering model olist_dataset.stg_orders
08:14:39.990293 [info ]: Started model olist_dataset.stg_order_reviews
08:14:39.990299 [debug]: Started rendering model olist_dataset.stg_order_reviews
08:14:39.990309 [info ]: Started model olist_dataset.stg_order_payments
08:14:39.990314 [debug]: Started rendering model olist_dataset.stg_order_payments
08:14:39.990340 [info ]: Started model olist_dataset.stg_order_items
08:14:39.990347 [debug]: Started rendering model olist_dataset.stg_order_items
08:14:39.990350 [info ]: Finished loading project [  0.06s]
08:14:39.990360 [info ]: Started model olist_dataset.stg_customers
08:14:39.990367 [debug]: Started rendering model olist_dataset.stg_customers
08:14:39.993420 [debug]: Compiled SQL for node model.olist_dbt.stg_products at target\.lsp\compiled\olist_dbt\models\staging\stg_products.sql
08:14:39.993687 [debug]: Finished rendering [  0.00s] model olist_dataset.stg_products [success]
08:14:39.993731 [debug]: Compiled SQL for node model.olist_dbt.stg_orders at target\.lsp\compiled\olist_dbt\models\staging\stg_orders.sql
08:14:39.993755 [info ]: Started analyzing (6 nodes)
08:14:39.993774 [debug]: Started analyzing model olist_dataset.stg_products
08:14:39.993952 [debug]: Finished rendering [  0.00s] model olist_dataset.stg_orders [success]
08:14:39.993993 [debug]: Started analyzing model olist_dataset.stg_orders
08:14:39.994300 [debug]: Finished analyzing [  0.00s] model olist_dataset.stg_products [success]
08:14:39.994330 [info ]:  Succeeded [  0.00s] model olist_dataset.stg_products (view)
08:14:39.994367 [debug]: Finished analyzing [  0.00s] model olist_dataset.stg_orders [success]
08:14:39.994385 [info ]:  Succeeded [  0.00s] model olist_dataset.stg_orders (view)
08:14:39.994420 [debug]: Compiled SQL for node model.olist_dbt.stg_customers at target\.lsp\compiled\olist_dbt\models\staging\stg_customers.sql
08:14:39.994447 [debug]: Compiled SQL for node model.olist_dbt.stg_order_payments at target\.lsp\compiled\olist_dbt\models\staging\stg_order_payments.sql
08:14:39.994514 [debug]: Compiled SQL for node model.olist_dbt.stg_order_items at target\.lsp\compiled\olist_dbt\models\staging\stg_order_items.sql
08:14:39.994607 [debug]: Finished rendering [  0.00s] model olist_dataset.stg_order_payments [success]
08:14:39.994661 [debug]: Started analyzing model olist_dataset.stg_order_payments
08:14:39.994696 [debug]: Finished rendering [  0.00s] model olist_dataset.stg_customers [success]
08:14:39.994720 [debug]: Started analyzing model olist_dataset.stg_customers
08:14:39.994749 [debug]: Finished rendering [  0.00s] model olist_dataset.stg_order_items [success]
08:14:39.994774 [debug]: Started analyzing model olist_dataset.stg_order_items
08:14:39.994984 [debug]: Finished analyzing [  0.00s] model olist_dataset.stg_order_payments [success]
08:14:39.995017 [info ]:  Succeeded [  0.00s] model olist_dataset.stg_order_payments (view)
08:14:39.995038 [debug]: Compiled SQL for node model.olist_dbt.stg_order_reviews at target\.lsp\compiled\olist_dbt\models\staging\stg_order_reviews.sql
08:14:39.995061 [debug]: Finished analyzing [  0.00s] model olist_dataset.stg_customers [success]
08:14:39.995079 [info ]:  Succeeded [  0.00s] model olist_dataset.stg_customers (view)
08:14:39.995104 [debug]: Finished analyzing [  0.00s] model olist_dataset.stg_order_items [success]
08:14:39.995119 [info ]:  Succeeded [  0.00s] model olist_dataset.stg_order_items (view)
08:14:39.995175 [debug]: Finished rendering [  0.00s] model olist_dataset.stg_order_reviews [success]
08:14:39.995207 [info ]: Finished rendering [  0.00s] (6 nodes, 0 skipped, 0 errors)
08:14:39.995236 [debug]: Started analyzing model olist_dataset.stg_order_reviews
08:14:39.995428 [debug]: Finished analyzing [  0.00s] model olist_dataset.stg_order_reviews [success]
08:14:39.995439 [info ]: Finished analyzing [  0.00s] (6 nodes, 0 skipped, 0 errors)
08:14:39.995447 [info ]:  Succeeded [  0.00s] model olist_dataset.stg_order_reviews (view)
08:14:39.998352 [info ]: Started scheduling
08:14:39.998412 [info ]: Finished scheduling [  0.00s]
08:14:39.998484 [info ]: 
==================== Execution Summary =====================
Finished 'compile' successfully for target 'dev' [68ms]
Processed: 6 models
Summary: 6 total | 6 success
08:14:39.998599 [info ]: Cached model count updated: 7 models (accurate)
==================== 2026-09-11T08:22:01.864800Z | 37a593ff-1ead-4fc3-b891-0ca998e42b08 ====================
08:22:01.865048 [info ]: Started loading project
08:22:01.866310 [info ]: Loading ~/.dbt/profiles.yml
==================== 2026-09-11T08:22:01.897033Z | 0b737c83-005a-4b16-b61c-e3cc3b031e0a ====================
08:22:01.897085 [info ]: Started loading project
08:22:01.897802 [info ]: Loading ~/.dbt/profiles.yml
08:22:01.897892 [info ]: Finished loading project [  0.03s]
08:22:01.905520 [debug]:    Started loading packages
08:22:01.914374 [debug]:     Loaded [  0.01s] packages
08:22:01.915814 [info ]: Finished loading project [  0.02s]
08:22:01.916026 [info ]: Started parsing
08:22:01.970667 [debug]: Finished parsing models/schema.yml [  0.00s]
08:22:01.971531 [debug]: Finished parsing models/sources.yml [  0.00s]
08:22:01.973306 [debug]: Finished parsing models/marts/dim_customers.sql [  0.00s]
08:22:01.973896 [debug]: Finished parsing models/marts/fct_monthly_sales.sql [  0.00s]
08:22:01.974565 [debug]: Finished parsing models/staging/stg_customers.sql [  0.00s]
08:22:01.975166 [debug]: Finished parsing models/staging/stg_order_items.sql [  0.00s]
08:22:01.975949 [debug]: Finished parsing models/staging/stg_order_payments.sql [  0.00s]
08:22:01.976631 [debug]: Finished parsing models/staging/stg_order_reviews.sql [  0.00s]
08:22:01.978149 [debug]: Finished parsing models/staging/stg_orders.sql [  0.00s]
08:22:01.980733 [debug]: Finished parsing models/staging/stg_products.sql [  0.00s]
08:22:01.987280 [warn ]: [NoNodeForYamlKey (dbt1089)]: Unused schema.yml entry for model 'my_first_dbt_model'
  --> models/schema.yml
08:22:01.987330 [warn ]: [NoNodeForYamlKey (dbt1089)]: Unused schema.yml entry for model 'my_second_dbt_model'
  --> models/schema.yml
08:22:02.120778 [info ]: Finished parsing [  0.20s]
08:22:02.121980 [info ]: Cached model count updated: 8 models (estimate)
08:22:02.121995 [info ]: Cached model count updated: 8 models (accurate)
08:22:02.122034 [info ]: Started scheduling
08:22:02.122083 [info ]: Finished scheduling [  0.00s]
08:22:02.122096 [debug]: Compilation - 0 nodes selected: {}
08:22:02.122115 [warn ]: [NoNodesForSelectionCriteria (dbt1092)]: The selection criterion '' does not match any enabled nodes
08:22:02.122128 [warn ]: [NoNodesSelected (dbt1601)]: Nothing to do. Try checking your model configs and model specification args
08:22:02.122137 [info ]: Started scheduling
08:22:02.122213 [info ]: Finished scheduling [  0.00s]
08:22:02.122461 [debug]: Initializing schema store with entry: Frontier(CanonicalFqn { catalog: "latihan-data-505310", schema: "olist_raw", table: "olist_customers_dataset" }) and interval: None
08:22:02.122470 [debug]: Initializing schema store with entry: Frontier(CanonicalFqn { catalog: "latihan-data-505310", schema: "olist_raw", table: "olist_products_dataset" }) and interval: None
08:22:02.122475 [debug]: Initializing schema store with entry: Frontier(CanonicalFqn { catalog: "latihan-data-505310", schema: "olist_raw", table: "olist_order_reviews_dataset" }) and interval: None
08:22:02.122478 [debug]: Initializing schema store with entry: Frontier(CanonicalFqn { catalog: "latihan-data-505310", schema: "olist_raw", table: "olist_order_items_dataset" }) and interval: None
08:22:02.122481 [debug]: Initializing schema store with entry: Frontier(CanonicalFqn { catalog: "latihan-data-505310", schema: "olist_raw", table: "olist_order_payments_dataset" }) and interval: None
08:22:02.122484 [debug]: Initializing schema store with entry: Frontier(CanonicalFqn { catalog: "latihan-data-505310", schema: "olist_raw", table: "olist_orders_dataset" }) and interval: None
08:22:02.124353 [info ]: Started building task graph
08:22:02.124377 [info ]: Finished building task graph [  0.00s]
08:22:02.134863 [info ]: Started scheduling
08:22:02.134935 [info ]: Finished scheduling [  0.00s]
08:22:02.135067 [info ]: 
==================== Execution Summary =====================
Finished 'compile' with 4 warnings for target 'dev' [238ms]
08:22:02.135112 [info ]: 
==================== Execution Summary =====================
Finished 'compile' successfully for target 'dev' [270ms]
08:22:02.137939 [info ]: Cached model count updated: 8 models (accurate)
==================== 2026-09-11T08:22:03.782094Z | 1e3375ea-5f5e-4c71-b282-cf284321ba91 ====================
08:22:03.782247 [info ]: Started loading project
08:22:03.785501 [info ]: Loading ~/.dbt/profiles.yml
08:22:03.840194 [info ]: Cached model count updated: 8 models (estimate)
08:22:03.840216 [info ]: Cached model count updated: 8 models (accurate)
08:22:03.840254 [info ]: Started scheduling
08:22:03.840344 [info ]: Finished scheduling [  0.00s]
08:22:03.840359 [debug]: Compilation - 6 nodes selected: {"model.olist_dbt.stg_customers", "model.olist_dbt.stg_order_items", "model.olist_dbt.stg_order_payments", "model.olist_dbt.stg_order_reviews", "model.olist_dbt.stg_orders", "model.olist_dbt.stg_products"}
08:22:03.841593 [info ]: Started building task graph
08:22:03.841657 [info ]: Finished building task graph [  0.00s]
08:22:03.847029 [info ]: Started rendering (6 nodes)
08:22:03.847053 [info ]: Started model olist_dataset.stg_products
08:22:03.847075 [debug]: Started rendering model olist_dataset.stg_products
08:22:03.847137 [info ]: Started model olist_dataset.stg_orders
08:22:03.847147 [debug]: Started rendering model olist_dataset.stg_orders
08:22:03.847158 [info ]: Started model olist_dataset.stg_order_reviews
08:22:03.847167 [debug]: Started rendering model olist_dataset.stg_order_reviews
08:22:03.847176 [info ]: Started model olist_dataset.stg_order_payments
08:22:03.847181 [debug]: Started rendering model olist_dataset.stg_order_payments
08:22:03.847220 [info ]: Started model olist_dataset.stg_order_items
08:22:03.847228 [debug]: Started rendering model olist_dataset.stg_order_items
08:22:03.847233 [info ]: Finished loading project [  0.06s]
08:22:03.847253 [info ]: Started model olist_dataset.stg_customers
08:22:03.847264 [debug]: Started rendering model olist_dataset.stg_customers
08:22:03.850282 [debug]: Compiled SQL for node model.olist_dbt.stg_products at target\.lsp\compiled\olist_dbt\models\staging\stg_products.sql
08:22:03.850341 [debug]: Compiled SQL for node model.olist_dbt.stg_order_reviews at target\.lsp\compiled\olist_dbt\models\staging\stg_order_reviews.sql
08:22:03.850379 [debug]: Compiled SQL for node model.olist_dbt.stg_orders at target\.lsp\compiled\olist_dbt\models\staging\stg_orders.sql
08:22:03.850507 [debug]: Finished rendering [  0.00s] model olist_dataset.stg_order_reviews [success]
08:22:03.850576 [info ]: Started analyzing (6 nodes)
08:22:03.850597 [debug]: Started analyzing model olist_dataset.stg_order_reviews
08:22:03.850630 [debug]: Finished rendering [  0.00s] model olist_dataset.stg_products [success]
08:22:03.850648 [debug]: Started analyzing model olist_dataset.stg_products
08:22:03.850664 [debug]: Finished rendering [  0.00s] model olist_dataset.stg_orders [success]
08:22:03.850679 [debug]: Started analyzing model olist_dataset.stg_orders
08:22:03.851140 [debug]: Compiled SQL for node model.olist_dbt.stg_order_items at target\.lsp\compiled\olist_dbt\models\staging\stg_order_items.sql
08:22:03.851199 [debug]: Compiled SQL for node model.olist_dbt.stg_order_payments at target\.lsp\compiled\olist_dbt\models\staging\stg_order_payments.sql
08:22:03.851207 [debug]: Compiled SQL for node model.olist_dbt.stg_customers at target\.lsp\compiled\olist_dbt\models\staging\stg_customers.sql
08:22:03.851420 [debug]: Finished rendering [  0.00s] model olist_dataset.stg_order_items [success]
08:22:03.851479 [debug]: Started analyzing model olist_dataset.stg_order_items
08:22:03.851524 [debug]: Finished rendering [  0.00s] model olist_dataset.stg_customers [success]
08:22:03.851551 [debug]: Started analyzing model olist_dataset.stg_customers
08:22:03.851587 [debug]: Finished rendering [  0.00s] model olist_dataset.stg_order_payments [success]
08:22:03.851606 [info ]: Finished rendering [  0.00s] (6 nodes, 0 skipped, 0 errors)
08:22:03.851620 [debug]: Started analyzing model olist_dataset.stg_order_payments
08:22:03.851653 [debug]: Finished analyzing [  0.00s] model olist_dataset.stg_order_reviews [success]
08:22:03.851674 [info ]:  Succeeded [  0.00s] model olist_dataset.stg_order_reviews (view)
08:22:03.851709 [debug]: Finished analyzing [  0.00s] model olist_dataset.stg_products [success]
08:22:03.851725 [info ]:  Succeeded [  0.00s] model olist_dataset.stg_products (view)
08:22:03.851749 [debug]: Finished analyzing [  0.00s] model olist_dataset.stg_orders [success]
08:22:03.851763 [info ]:  Succeeded [  0.00s] model olist_dataset.stg_orders (view)
08:22:03.851841 [debug]: Finished analyzing [  0.00s] model olist_dataset.stg_order_items [success]
08:22:03.851867 [info ]:  Succeeded [  0.00s] model olist_dataset.stg_order_items (view)
08:22:03.851919 [debug]: Finished analyzing [  0.00s] model olist_dataset.stg_order_payments [success]
08:22:03.851946 [info ]:  Succeeded [  0.00s] model olist_dataset.stg_order_payments (view)
08:22:03.852182 [debug]: Finished analyzing [  0.00s] model olist_dataset.stg_customers [success]
08:22:03.852196 [info ]: Finished analyzing [  0.00s] (6 nodes, 0 skipped, 0 errors)
08:22:03.852203 [info ]:  Succeeded [  0.00s] model olist_dataset.stg_customers (view)
08:22:03.855078 [info ]: Started scheduling
08:22:03.855138 [info ]: Finished scheduling [  0.00s]
08:22:03.855216 [info ]: 
==================== Execution Summary =====================
Finished 'compile' successfully for target 'dev' [73ms]
Processed: 6 models
Summary: 6 total | 6 success
08:22:03.855325 [info ]: Cached model count updated: 8 models (accurate)
==================== 2026-09-11T08:22:43.875343Z | 06c44d24-7abd-4fab-8209-ca31ad7215bd ====================
08:22:43.875507 [info ]: Started loading project
08:22:43.876299 [info ]: Loading ~/.dbt/profiles.yml
08:22:43.891431 [info ]: Started parsing
08:22:43.945013 [info ]: Finished loading project [  0.07s]
08:22:43.947831 [debug]: Finished parsing models/marts/dim_customers.sql [  0.00s]
08:22:44.057785 [info ]: Finished parsing [  0.17s]
08:22:44.061426 [info ]: Cached model count updated: 8 models (estimate)
08:22:44.061444 [info ]: Cached model count updated: 8 models (accurate)
08:22:44.061480 [info ]: Started scheduling
08:22:44.061576 [info ]: Finished scheduling [  0.00s]
08:22:44.061591 [debug]: Compilation - 4 nodes selected: {"model.olist_dbt.dim_customers", "model.olist_dbt.stg_customers", "model.olist_dbt.stg_order_items", "model.olist_dbt.stg_orders"}
08:22:44.062774 [info ]: Started building task graph
08:22:44.062832 [info ]: Finished building task graph [  0.00s]
08:22:44.067452 [info ]: Started rendering (4 nodes)
08:22:44.067471 [info ]: Started model olist_dataset.dim_customers
08:22:44.067480 [debug]: Started rendering model olist_dataset.dim_customers
08:22:44.067501 [info ]: Started model olist_dataset.stg_orders
08:22:44.067508 [debug]: Started rendering model olist_dataset.stg_orders
08:22:44.067519 [info ]: Started model olist_dataset.stg_order_items
08:22:44.067526 [debug]: Started rendering model olist_dataset.stg_order_items
08:22:44.067537 [info ]: Started model olist_dataset.stg_customers
08:22:44.067560 [debug]: Started rendering model olist_dataset.stg_customers
08:22:44.068752 [debug]: Compiled SQL for node model.olist_dbt.stg_customers at target\.lsp\compiled\olist_dbt\models\staging\stg_customers.sql
08:22:44.068770 [debug]: Compiled SQL for node model.olist_dbt.stg_orders at target\.lsp\compiled\olist_dbt\models\staging\stg_orders.sql
08:22:44.068770 [debug]: Compiled SQL for node model.olist_dbt.stg_order_items at target\.lsp\compiled\olist_dbt\models\staging\stg_order_items.sql
08:22:44.068897 [debug]: Finished rendering [  0.00s] model olist_dataset.stg_customers [success]
08:22:44.068936 [info ]: Started analyzing (4 nodes)
08:22:44.068970 [debug]: Started analyzing model olist_dataset.stg_customers
08:22:44.068996 [debug]: Finished rendering [  0.00s] model olist_dataset.stg_orders [success]
08:22:44.069015 [debug]: Started analyzing model olist_dataset.stg_orders
08:22:44.069037 [debug]: Finished rendering [  0.00s] model olist_dataset.stg_order_items [success]
08:22:44.069060 [debug]: Started analyzing model olist_dataset.stg_order_items
08:22:44.069467 [debug]: Finished analyzing [  0.00s] model olist_dataset.stg_orders [success]
08:22:44.069505 [info ]:  Succeeded [  0.00s] model olist_dataset.stg_orders (view)
08:22:44.069528 [debug]: Finished analyzing [  0.00s] model olist_dataset.stg_order_items [success]
08:22:44.069536 [info ]:  Succeeded [  0.00s] model olist_dataset.stg_order_items (view)
08:22:44.069565 [debug]: Finished analyzing [  0.00s] model olist_dataset.stg_customers [success]
08:22:44.069572 [info ]:  Succeeded [  0.00s] model olist_dataset.stg_customers (view)
08:22:44.071052 [debug]: Compiled SQL for node model.olist_dbt.dim_customers at target\.lsp\compiled\olist_dbt\models\marts\dim_customers.sql
08:22:44.071371 [debug]: Finished rendering [  0.00s] model olist_dataset.dim_customers [success]
08:22:44.071409 [info ]: Finished rendering [  0.00s] (4 nodes, 0 skipped, 0 errors)
08:22:44.071460 [debug]: Started analyzing model olist_dataset.dim_customers
08:22:44.117706 [debug]: Finished analyzing [  0.05s] model olist_dataset.dim_customers [success]
08:22:44.117740 [info ]: Finished analyzing [  0.05s] (4 nodes, 0 skipped, 0 errors)
08:22:44.117750 [info ]:  Succeeded [  0.05s] model olist_dataset.dim_customers (view)
08:22:44.122173 [info ]: Started scheduling
08:22:44.122272 [info ]: Finished scheduling [  0.00s]
08:22:44.122912 [info ]: 
==================== Execution Summary =====================
Finished 'compile' successfully for target 'dev' [247ms]
Processed: 4 models
Summary: 4 total | 4 success
08:22:44.123019 [info ]: Cached model count updated: 8 models (accurate)
==================== 2026-09-11T08:22:45.774780Z | 7534eedb-3946-4293-bb07-41cc44bb7f33 ====================
08:22:45.775304 [info ]: Started loading project
08:22:45.779092 [info ]: Loading ~/.dbt/profiles.yml
08:22:45.833847 [info ]: Cached model count updated: 8 models (estimate)
08:22:45.833867 [info ]: Cached model count updated: 8 models (accurate)
08:22:45.833904 [info ]: Started scheduling
08:22:45.834000 [info ]: Finished scheduling [  0.00s]
08:22:45.834015 [debug]: Compilation - 7 nodes selected: {"model.olist_dbt.dim_customers", "model.olist_dbt.stg_customers", "model.olist_dbt.stg_order_items", "model.olist_dbt.stg_order_payments", "model.olist_dbt.stg_order_reviews", "model.olist_dbt.stg_orders", "model.olist_dbt.stg_products"}
08:22:45.835274 [info ]: Started building task graph
08:22:45.835351 [info ]: Finished building task graph [  0.00s]
08:22:45.840097 [info ]: Started rendering (7 nodes)
08:22:45.840113 [info ]: Started model olist_dataset.stg_products
08:22:45.840122 [debug]: Started rendering model olist_dataset.stg_products
08:22:45.840148 [info ]: Started model olist_dataset.stg_order_reviews
08:22:45.840156 [debug]: Started rendering model olist_dataset.stg_order_reviews
08:22:45.840166 [info ]: Started model olist_dataset.stg_order_payments
08:22:45.840171 [debug]: Started rendering model olist_dataset.stg_order_payments
08:22:45.840180 [info ]: Started model olist_dataset.dim_customers
08:22:45.840202 [debug]: Started rendering model olist_dataset.dim_customers
08:22:45.840213 [info ]: Started model olist_dataset.stg_orders
08:22:45.840222 [debug]: Started rendering model olist_dataset.stg_orders
08:22:45.840218 [info ]: Finished loading project [  0.06s]
08:22:45.840235 [info ]: Started model olist_dataset.stg_order_items
08:22:45.840241 [debug]: Started rendering model olist_dataset.stg_order_items
08:22:45.840252 [info ]: Started model olist_dataset.stg_customers
08:22:45.840262 [debug]: Started rendering model olist_dataset.stg_customers
08:22:45.841138 [debug]: Compiled SQL for node model.olist_dbt.stg_order_payments at target\.lsp\compiled\olist_dbt\models\staging\stg_order_payments.sql
08:22:45.841299 [debug]: Finished rendering [  0.00s] model olist_dataset.stg_order_payments [success]
08:22:45.841343 [debug]: Compiled SQL for node model.olist_dbt.stg_order_reviews at target\.lsp\compiled\olist_dbt\models\staging\stg_order_reviews.sql
08:22:45.841345 [info ]: Started analyzing (7 nodes)
08:22:45.841357 [debug]: Started analyzing model olist_dataset.stg_order_payments
08:22:45.841379 [debug]: Compiled SQL for node model.olist_dbt.stg_products at target\.lsp\compiled\olist_dbt\models\staging\stg_products.sql
08:22:45.841402 [debug]: Finished rendering [  0.00s] model olist_dataset.stg_order_reviews [success]
08:22:45.841421 [debug]: Started analyzing model olist_dataset.stg_order_reviews
08:22:45.841475 [debug]: Compiled SQL for node model.olist_dbt.dim_customers at target\.lsp\compiled\olist_dbt\models\marts\dim_customers.sql
08:22:45.841518 [debug]: Finished rendering [  0.00s] model olist_dataset.stg_products [success]
08:22:45.841554 [debug]: Started analyzing model olist_dataset.stg_products
08:22:45.841585 [debug]: Finished rendering [  0.00s] model olist_dataset.dim_customers [success]
08:22:45.841594 [debug]: Compiled SQL for node model.olist_dbt.stg_orders at target\.lsp\compiled\olist_dbt\models\staging\stg_orders.sql
08:22:45.841612 [debug]: Started analyzing model olist_dataset.dim_customers
08:22:45.841617 [debug]: Compiled SQL for node model.olist_dbt.stg_order_items at target\.lsp\compiled\olist_dbt\models\staging\stg_order_items.sql
08:22:45.841653 [debug]: Finished rendering [  0.00s] model olist_dataset.stg_orders [success]
08:22:45.841673 [debug]: Started analyzing model olist_dataset.stg_orders
08:22:45.841741 [debug]: Finished rendering [  0.00s] model olist_dataset.stg_order_items [success]
08:22:45.841768 [debug]: Started analyzing model olist_dataset.stg_order_items
08:22:45.841858 [debug]: Finished analyzing [  0.00s] model olist_dataset.stg_order_payments [success]
08:22:45.841893 [info ]:  Succeeded [  0.00s] model olist_dataset.stg_order_payments (view)
08:22:45.841951 [debug]: Finished analyzing [  0.00s] model olist_dataset.stg_products [success]
08:22:45.841987 [info ]:  Succeeded [  0.00s] model olist_dataset.stg_products (view)
08:22:45.842015 [debug]: Finished analyzing [  0.00s] model olist_dataset.stg_order_reviews [success]
08:22:45.842031 [info ]:  Succeeded [  0.00s] model olist_dataset.stg_order_reviews (view)
08:22:45.842054 [debug]: Finished analyzing [  0.00s] model olist_dataset.stg_orders [success]
08:22:45.842070 [info ]:  Succeeded [  0.00s] model olist_dataset.stg_orders (view)
08:22:45.842153 [debug]: Finished analyzing [  0.00s] model olist_dataset.stg_order_items [success]
08:22:45.842175 [info ]:  Succeeded [  0.00s] model olist_dataset.stg_order_items (view)
08:22:45.842209 [debug]: Compiled SQL for node model.olist_dbt.stg_customers at target\.lsp\compiled\olist_dbt\models\staging\stg_customers.sql
08:22:45.842316 [debug]: Finished rendering [  0.00s] model olist_dataset.stg_customers [success]
08:22:45.842335 [info ]: Finished rendering [  0.00s] (7 nodes, 0 skipped, 0 errors)
08:22:45.842354 [debug]: Started analyzing model olist_dataset.stg_customers
08:22:45.842523 [debug]: Finished analyzing [  0.00s] model olist_dataset.stg_customers [success]
08:22:45.842553 [info ]:  Succeeded [  0.00s] model olist_dataset.stg_customers (view)
08:22:45.844191 [debug]: Finished analyzing [  0.00s] model olist_dataset.dim_customers [success]
08:22:45.844287 [info ]: Finished analyzing [  0.00s] (7 nodes, 0 skipped, 0 errors)
08:22:45.844329 [info ]:  Succeeded [  0.00s] model olist_dataset.dim_customers (view)
08:22:45.847947 [info ]: Started scheduling
08:22:45.848014 [info ]: Finished scheduling [  0.00s]
08:22:45.848098 [info ]: 
==================== Execution Summary =====================
Finished 'compile' successfully for target 'dev' [73ms]
Processed: 7 models
Summary: 7 total | 7 success
08:22:45.848271 [info ]: Cached model count updated: 8 models (accurate)
==================== 2026-09-11T08:22:59.929592Z | 0983076f-690e-45d1-bd0f-2af16623a214 ====================
08:22:59.929706 [info ]: Started loading project
08:22:59.930890 [info ]: Loading ~/.dbt/profiles.yml
==================== 2026-09-11T08:22:59.949049Z | 2d2a267b-ad2e-4420-9830-3e0958d7f3f4 ====================
08:22:59.949140 [info ]: Started loading project
08:22:59.950728 [info ]: Loading ~/.dbt/profiles.yml
08:22:59.950902 [info ]: Finished loading project [  0.02s]
08:22:59.964349 [debug]:    Started loading packages
08:22:59.978819 [debug]:     Loaded [  0.01s] packages
08:22:59.982540 [info ]: Finished loading project [  0.03s]
08:22:59.983152 [info ]: Started parsing
08:23:00.032415 [debug]: Finished parsing models/schema.yml [  0.00s]
08:23:00.034801 [debug]: Finished parsing models/sources.yml [  0.00s]
08:23:00.037066 [debug]: Finished parsing models/marts/ct_order_details.sql [  0.00s]
08:23:00.038528 [debug]: Finished parsing models/marts/dim_customers.sql [  0.00s]
08:23:00.039395 [debug]: Finished parsing models/marts/fct_monthly_sales.sql [  0.00s]
08:23:00.040102 [debug]: Finished parsing models/staging/stg_customers.sql [  0.00s]
08:23:00.040771 [debug]: Finished parsing models/staging/stg_order_items.sql [  0.00s]
08:23:00.041464 [debug]: Finished parsing models/staging/stg_order_payments.sql [  0.00s]
08:23:00.042450 [debug]: Finished parsing models/staging/stg_order_reviews.sql [  0.00s]
08:23:00.043344 [debug]: Finished parsing models/staging/stg_orders.sql [  0.00s]
08:23:00.045094 [debug]: Finished parsing models/staging/stg_products.sql [  0.00s]
08:23:00.053584 [warn ]: [NoNodeForYamlKey (dbt1089)]: Unused schema.yml entry for model 'my_first_dbt_model'
  --> models/schema.yml
08:23:00.053629 [warn ]: [NoNodeForYamlKey (dbt1089)]: Unused schema.yml entry for model 'my_second_dbt_model'
  --> models/schema.yml
08:23:00.189862 [info ]: Finished parsing [  0.21s]
08:23:00.191177 [info ]: Cached model count updated: 9 models (estimate)
08:23:00.191191 [info ]: Cached model count updated: 9 models (accurate)
08:23:00.191231 [info ]: Started scheduling
08:23:00.191273 [info ]: Finished scheduling [  0.00s]
08:23:00.191284 [debug]: Compilation - 0 nodes selected: {}
08:23:00.191301 [warn ]: [NoNodesForSelectionCriteria (dbt1092)]: The selection criterion '' does not match any enabled nodes
08:23:00.191313 [warn ]: [NoNodesSelected (dbt1601)]: Nothing to do. Try checking your model configs and model specification args
08:23:00.191321 [info ]: Started scheduling
08:23:00.191410 [info ]: Finished scheduling [  0.00s]
08:23:00.192213 [debug]: Initializing schema store with entry: Frontier(CanonicalFqn { catalog: "latihan-data-505310", schema: "olist_raw", table: "olist_order_items_dataset" }) and interval: None
08:23:00.192225 [debug]: Initializing schema store with entry: Frontier(CanonicalFqn { catalog: "latihan-data-505310", schema: "olist_raw", table: "olist_order_payments_dataset" }) and interval: None
08:23:00.192230 [debug]: Initializing schema store with entry: Frontier(CanonicalFqn { catalog: "latihan-data-505310", schema: "olist_raw", table: "olist_order_reviews_dataset" }) and interval: None
08:23:00.192233 [debug]: Initializing schema store with entry: Frontier(CanonicalFqn { catalog: "latihan-data-505310", schema: "olist_raw", table: "olist_orders_dataset" }) and interval: None
08:23:00.192237 [debug]: Initializing schema store with entry: Frontier(CanonicalFqn { catalog: "latihan-data-505310", schema: "olist_raw", table: "olist_customers_dataset" }) and interval: None
08:23:00.192240 [debug]: Initializing schema store with entry: Frontier(CanonicalFqn { catalog: "latihan-data-505310", schema: "olist_raw", table: "olist_products_dataset" }) and interval: None
08:23:00.193885 [info ]: Started building task graph
08:23:00.193948 [info ]: Finished building task graph [  0.00s]
08:23:00.205319 [info ]: Started scheduling
08:23:00.205393 [info ]: Finished scheduling [  0.00s]
08:23:00.205522 [info ]: 
==================== Execution Summary =====================
Finished 'compile' with 4 warnings for target 'dev' [256ms]
08:23:00.205572 [info ]: 
==================== Execution Summary =====================
Finished 'compile' successfully for target 'dev' [275ms]
08:23:00.208015 [info ]: Cached model count updated: 9 models (accurate)
==================== 2026-09-11T08:23:01.843562Z | f72545d5-3196-4bcc-89a2-f72a1d3358a6 ====================
08:23:01.843967 [info ]: Started loading project
08:23:01.848046 [info ]: Loading ~/.dbt/profiles.yml
08:23:01.925762 [info ]: Cached model count updated: 9 models (estimate)
08:23:01.925785 [info ]: Cached model count updated: 9 models (accurate)
08:23:01.925829 [info ]: Started scheduling
08:23:01.925953 [info ]: Finished scheduling [  0.00s]
08:23:01.925973 [debug]: Compilation - 7 nodes selected: {"model.olist_dbt.dim_customers", "model.olist_dbt.stg_customers", "model.olist_dbt.stg_order_items", "model.olist_dbt.stg_order_payments", "model.olist_dbt.stg_order_reviews", "model.olist_dbt.stg_orders", "model.olist_dbt.stg_products"}
08:23:01.928102 [info ]: Started building task graph
08:23:01.928217 [info ]: Finished building task graph [  0.00s]
08:23:01.933736 [info ]: Started rendering (7 nodes)
08:23:01.933761 [info ]: Started model olist_dataset.stg_products
08:23:01.933771 [debug]: Started rendering model olist_dataset.stg_products
08:23:01.933794 [info ]: Started model olist_dataset.stg_order_reviews
08:23:01.933802 [debug]: Started rendering model olist_dataset.stg_order_reviews
08:23:01.933811 [info ]: Started model olist_dataset.stg_order_payments
08:23:01.933818 [debug]: Started rendering model olist_dataset.stg_order_payments
08:23:01.933828 [info ]: Started model olist_dataset.dim_customers
08:23:01.933837 [debug]: Started rendering model olist_dataset.dim_customers
08:23:01.933848 [info ]: Started model olist_dataset.stg_orders
08:23:01.933850 [info ]: Finished loading project [  0.09s]
08:23:01.933858 [debug]: Started rendering model olist_dataset.stg_orders
08:23:01.933872 [info ]: Started model olist_dataset.stg_order_items
08:23:01.933878 [debug]: Started rendering model olist_dataset.stg_order_items
08:23:01.933889 [info ]: Started model olist_dataset.stg_customers
08:23:01.933907 [debug]: Started rendering model olist_dataset.stg_customers
08:23:01.936285 [debug]: Compiled SQL for node model.olist_dbt.stg_products at target\.lsp\compiled\olist_dbt\models\staging\stg_products.sql
08:23:01.936501 [debug]: Finished rendering [  0.00s] model olist_dataset.stg_products [success]
08:23:01.936566 [info ]: Started analyzing (7 nodes)
08:23:01.936584 [debug]: Started analyzing model olist_dataset.stg_products
08:23:01.937055 [debug]: Finished analyzing [  0.00s] model olist_dataset.stg_products [success]
08:23:01.937098 [info ]:  Succeeded [  0.00s] model olist_dataset.stg_products (view)
08:23:01.937736 [debug]: Compiled SQL for node model.olist_dbt.dim_customers at target\.lsp\compiled\olist_dbt\models\marts\dim_customers.sql
08:23:01.937928 [debug]: Finished rendering [  0.00s] model olist_dataset.dim_customers [success]
08:23:01.937986 [debug]: Started analyzing model olist_dataset.dim_customers
08:23:01.938155 [debug]: Compiled SQL for node model.olist_dbt.stg_order_items at target\.lsp\compiled\olist_dbt\models\staging\stg_order_items.sql
08:23:01.938187 [debug]: Compiled SQL for node model.olist_dbt.stg_order_payments at target\.lsp\compiled\olist_dbt\models\staging\stg_order_payments.sql
08:23:01.938193 [debug]: Compiled SQL for node model.olist_dbt.stg_orders at target\.lsp\compiled\olist_dbt\models\staging\stg_orders.sql
08:23:01.938279 [debug]: Compiled SQL for node model.olist_dbt.stg_customers at target\.lsp\compiled\olist_dbt\models\staging\stg_customers.sql
08:23:01.938367 [debug]: Compiled SQL for node model.olist_dbt.stg_order_reviews at target\.lsp\compiled\olist_dbt\models\staging\stg_order_reviews.sql
08:23:01.938389 [debug]: Finished rendering [  0.00s] model olist_dataset.stg_order_payments [success]
08:23:01.938436 [debug]: Started analyzing model olist_dataset.stg_order_payments
08:23:01.938477 [debug]: Finished rendering [  0.00s] model olist_dataset.stg_orders [success]
08:23:01.938501 [debug]: Started analyzing model olist_dataset.stg_orders
08:23:01.938529 [debug]: Finished rendering [  0.00s] model olist_dataset.stg_order_items [success]
08:23:01.938549 [debug]: Started analyzing model olist_dataset.stg_order_items
08:23:01.938570 [debug]: Finished rendering [  0.00s] model olist_dataset.stg_customers [success]
08:23:01.938599 [debug]: Started analyzing model olist_dataset.stg_customers
08:23:01.938621 [debug]: Finished rendering [  0.00s] model olist_dataset.stg_order_reviews [success]
08:23:01.938639 [info ]: Finished rendering [  0.00s] (7 nodes, 0 skipped, 0 errors)
08:23:01.938652 [debug]: Started analyzing model olist_dataset.stg_order_reviews
08:23:01.938799 [debug]: Finished analyzing [  0.00s] model olist_dataset.stg_order_payments [success]
08:23:01.938819 [info ]:  Succeeded [  0.00s] model olist_dataset.stg_order_payments (view)
08:23:01.938864 [debug]: Finished analyzing [  0.00s] model olist_dataset.stg_orders [success]
08:23:01.938894 [info ]:  Succeeded [  0.00s] model olist_dataset.stg_orders (view)
08:23:01.938912 [debug]: Finished analyzing [  0.00s] model olist_dataset.stg_order_items [success]
08:23:01.938922 [info ]:  Succeeded [  0.00s] model olist_dataset.stg_order_items (view)
08:23:01.938942 [debug]: Finished analyzing [  0.00s] model olist_dataset.stg_customers [success]
08:23:01.938953 [info ]:  Succeeded [  0.00s] model olist_dataset.stg_customers (view)
08:23:01.938970 [debug]: Finished analyzing [  0.00s] model olist_dataset.stg_order_reviews [success]
08:23:01.938985 [info ]:  Succeeded [  0.00s] model olist_dataset.stg_order_reviews (view)
08:23:01.941599 [debug]: Finished analyzing [  0.00s] model olist_dataset.dim_customers [success]
08:23:01.941627 [info ]: Finished analyzing [  0.01s] (7 nodes, 0 skipped, 0 errors)
08:23:01.941638 [info ]:  Succeeded [  0.01s] model olist_dataset.dim_customers (view)
08:23:01.945994 [info ]: Started scheduling
08:23:01.946051 [info ]: Finished scheduling [  0.00s]
08:23:01.946132 [info ]: 
==================== Execution Summary =====================
Finished 'compile' successfully for target 'dev' [102ms]
Processed: 7 models
Summary: 7 total | 7 success
08:23:01.946251 [info ]: Cached model count updated: 9 models (accurate)
==================== 2026-09-11T08:23:35.125210Z | 3b5783df-1b62-4f54-91ad-8cffcce8268a ====================
08:23:35.125325 [info ]: Started loading project
08:23:35.126125 [info ]: Loading ~/.dbt/profiles.yml
08:23:35.142349 [info ]: Started parsing
08:23:35.193934 [info ]: Finished loading project [  0.07s]
08:23:35.198780 [debug]: Finished parsing models/marts/ct_order_details.sql [  0.00s]
08:23:35.307730 [info ]: Finished parsing [  0.17s]
08:23:35.312669 [info ]: Cached model count updated: 9 models (estimate)
08:23:35.312686 [info ]: Cached model count updated: 9 models (accurate)
08:23:35.312721 [info ]: Started scheduling
08:23:35.313401 [info ]: Finished scheduling [  0.00s]
08:23:35.313435 [debug]: Compilation - 7 nodes selected: {"model.olist_dbt.ct_order_details", "model.olist_dbt.stg_customers", "model.olist_dbt.stg_order_items", "model.olist_dbt.stg_order_payments", "model.olist_dbt.stg_order_reviews", "model.olist_dbt.stg_orders", "model.olist_dbt.stg_products"}
08:23:35.314700 [info ]: Started building task graph
08:23:35.314791 [info ]: Finished building task graph [  0.00s]
08:23:35.319572 [info ]: Started rendering (7 nodes)
08:23:35.319591 [info ]: Started model olist_dataset.ct_order_details
08:23:35.319599 [debug]: Started rendering model olist_dataset.ct_order_details
08:23:35.319619 [info ]: Started model olist_dataset.stg_products
08:23:35.319627 [debug]: Started rendering model olist_dataset.stg_products
08:23:35.319637 [info ]: Started model olist_dataset.stg_orders
08:23:35.319643 [debug]: Started rendering model olist_dataset.stg_orders
08:23:35.319655 [info ]: Started model olist_dataset.stg_order_reviews
08:23:35.319682 [debug]: Started rendering model olist_dataset.stg_order_reviews
08:23:35.319692 [info ]: Started model olist_dataset.stg_order_payments
08:23:35.319704 [debug]: Started rendering model olist_dataset.stg_order_payments
08:23:35.319719 [info ]: Started model olist_dataset.stg_order_items
08:23:35.319749 [debug]: Started rendering model olist_dataset.stg_order_items
08:23:35.319764 [info ]: Started model olist_dataset.stg_customers
08:23:35.319773 [debug]: Started rendering model olist_dataset.stg_customers
08:23:35.322796 [debug]: Compiled SQL for node model.olist_dbt.stg_order_reviews at target\.lsp\compiled\olist_dbt\models\staging\stg_order_reviews.sql
08:23:35.322806 [debug]: Compiled SQL for node model.olist_dbt.stg_order_payments at target\.lsp\compiled\olist_dbt\models\staging\stg_order_payments.sql
08:23:35.322804 [debug]: Compiled SQL for node model.olist_dbt.stg_products at target\.lsp\compiled\olist_dbt\models\staging\stg_products.sql
08:23:35.322797 [debug]: Compiled SQL for node model.olist_dbt.stg_orders at target\.lsp\compiled\olist_dbt\models\staging\stg_orders.sql
08:23:35.322796 [debug]: Compiled SQL for node model.olist_dbt.stg_customers at target\.lsp\compiled\olist_dbt\models\staging\stg_customers.sql
08:23:35.322802 [debug]: Compiled SQL for node model.olist_dbt.stg_order_items at target\.lsp\compiled\olist_dbt\models\staging\stg_order_items.sql
08:23:35.322979 [debug]: Finished rendering [  0.00s] model olist_dataset.stg_customers [success]
08:23:35.323029 [info ]: Started analyzing (7 nodes)
08:23:35.323045 [debug]: Started analyzing model olist_dataset.stg_customers
08:23:35.323076 [debug]: Finished rendering [  0.00s] model olist_dataset.stg_order_payments [success]
08:23:35.323095 [debug]: Started analyzing model olist_dataset.stg_order_payments
08:23:35.323121 [debug]: Finished rendering [  0.00s] model olist_dataset.stg_orders [success]
08:23:35.323140 [debug]: Started analyzing model olist_dataset.stg_orders
08:23:35.323162 [debug]: Finished rendering [  0.00s] model olist_dataset.stg_order_items [success]
08:23:35.323180 [debug]: Started analyzing model olist_dataset.stg_order_items
08:23:35.323199 [debug]: Finished rendering [  0.00s] model olist_dataset.stg_products [success]
08:23:35.323214 [debug]: Started analyzing model olist_dataset.stg_products
08:23:35.323230 [debug]: Finished rendering [  0.00s] model olist_dataset.stg_order_reviews [success]
08:23:35.323244 [debug]: Started analyzing model olist_dataset.stg_order_reviews
08:23:35.323427 [debug]: Compiled SQL for node model.olist_dbt.ct_order_details at target\.lsp\compiled\olist_dbt\models\marts\ct_order_details.sql
08:23:35.323636 [debug]: Finished analyzing [  0.00s] model olist_dataset.stg_orders [success]
08:23:35.323674 [info ]:  Succeeded [  0.00s] model olist_dataset.stg_orders (view)
08:23:35.323722 [debug]: Finished analyzing [  0.00s] model olist_dataset.stg_products [success]
08:23:35.323743 [info ]:  Succeeded [  0.00s] model olist_dataset.stg_products (view)
08:23:35.323771 [debug]: Finished analyzing [  0.00s] model olist_dataset.stg_order_items [success]
08:23:35.323791 [info ]:  Succeeded [  0.00s] model olist_dataset.stg_order_items (view)
08:23:35.323821 [debug]: Finished analyzing [  0.00s] model olist_dataset.stg_order_reviews [success]
08:23:35.323838 [info ]:  Succeeded [  0.00s] model olist_dataset.stg_order_reviews (view)
08:23:35.323868 [debug]: Finished rendering [  0.00s] model olist_dataset.ct_order_details [success]
08:23:35.323887 [info ]: Finished rendering [  0.00s] (7 nodes, 0 skipped, 0 errors)
08:23:35.323919 [debug]: Started analyzing model olist_dataset.ct_order_details
08:23:35.323961 [debug]: Finished analyzing [  0.00s] model olist_dataset.stg_order_payments [success]
08:23:35.323978 [info ]:  Succeeded [  0.00s] model olist_dataset.stg_order_payments (view)
08:23:35.324000 [debug]: Finished analyzing [  0.00s] model olist_dataset.stg_customers [success]
08:23:35.324017 [info ]:  Succeeded [  0.00s] model olist_dataset.stg_customers (view)
08:23:35.329323 [debug]: Finished analyzing [  0.01s] model olist_dataset.ct_order_details [success]
08:23:35.329351 [info ]: Finished analyzing [  0.01s] (7 nodes, 0 skipped, 0 errors)
08:23:35.329362 [info ]:  Succeeded [  0.01s] model olist_dataset.ct_order_details (view)
08:23:35.332214 [info ]: Started scheduling
08:23:35.332325 [info ]: Finished scheduling [  0.00s]
08:23:35.332856 [info ]: 
==================== Execution Summary =====================
Finished 'compile' successfully for target 'dev' [207ms]
Processed: 7 models
Summary: 7 total | 7 success
08:23:35.332925 [info ]: Cached model count updated: 9 models (accurate)
==================== 2026-09-11T08:23:36.975060Z | 4a3bcbc1-2efd-4420-b32a-ff21bc1a47f1 ====================
08:23:36.975324 [info ]: Started loading project
08:23:36.979297 [info ]: Loading ~/.dbt/profiles.yml
08:23:37.034981 [info ]: Cached model count updated: 9 models (estimate)
08:23:37.035001 [info ]: Cached model count updated: 9 models (accurate)
08:23:37.035081 [info ]: Started scheduling
08:23:37.035229 [info ]: Finished scheduling [  0.00s]
08:23:37.035245 [debug]: Compilation - 8 nodes selected: {"model.olist_dbt.ct_order_details", "model.olist_dbt.dim_customers", "model.olist_dbt.stg_customers", "model.olist_dbt.stg_order_items", "model.olist_dbt.stg_order_payments", "model.olist_dbt.stg_order_reviews", "model.olist_dbt.stg_orders", "model.olist_dbt.stg_products"}
08:23:37.036477 [info ]: Started building task graph
08:23:37.036552 [info ]: Finished building task graph [  0.00s]
08:23:37.041307 [info ]: Started rendering (8 nodes)
08:23:37.041324 [info ]: Started model olist_dataset.dim_customers
08:23:37.041333 [debug]: Started rendering model olist_dataset.dim_customers
08:23:37.041361 [info ]: Started model olist_dataset.ct_order_details
08:23:37.041366 [debug]: Started rendering model olist_dataset.ct_order_details
08:23:37.041383 [info ]: Started model olist_dataset.stg_products
08:23:37.041389 [debug]: Started rendering model olist_dataset.stg_products
08:23:37.041398 [info ]: Started model olist_dataset.stg_orders
08:23:37.041422 [debug]: Started rendering model olist_dataset.stg_orders
08:23:37.041434 [info ]: Started model olist_dataset.stg_order_reviews
08:23:37.041442 [debug]: Started rendering model olist_dataset.stg_order_reviews
08:23:37.041449 [info ]: Finished loading project [  0.07s]
08:23:37.041455 [info ]: Started model olist_dataset.stg_order_payments
08:23:37.041461 [debug]: Started rendering model olist_dataset.stg_order_payments
08:23:37.041477 [info ]: Started model olist_dataset.stg_order_items
08:23:37.041490 [debug]: Started rendering model olist_dataset.stg_order_items
08:23:37.041531 [info ]: Started model olist_dataset.stg_customers
08:23:37.041545 [debug]: Started rendering model olist_dataset.stg_customers
08:23:37.042411 [debug]: Compiled SQL for node model.olist_dbt.stg_order_reviews at target\.lsp\compiled\olist_dbt\models\staging\stg_order_reviews.sql
08:23:37.042403 [debug]: Compiled SQL for node model.olist_dbt.dim_customers at target\.lsp\compiled\olist_dbt\models\marts\dim_customers.sql
08:23:37.042403 [debug]: Compiled SQL for node model.olist_dbt.ct_order_details at target\.lsp\compiled\olist_dbt\models\marts\ct_order_details.sql
08:23:37.042575 [debug]: Finished rendering [  0.00s] model olist_dataset.dim_customers [success]
08:23:37.042595 [debug]: Compiled SQL for node model.olist_dbt.stg_order_payments at target\.lsp\compiled\olist_dbt\models\staging\stg_order_payments.sql
08:23:37.042615 [info ]: Started analyzing (8 nodes)
08:23:37.042628 [debug]: Started analyzing model olist_dataset.dim_customers
08:23:37.042655 [debug]: Finished rendering [  0.00s] model olist_dataset.ct_order_details [success]
08:23:37.042676 [debug]: Started analyzing model olist_dataset.ct_order_details
08:23:37.042704 [debug]: Finished rendering [  0.00s] model olist_dataset.stg_order_reviews [success]
08:23:37.042720 [debug]: Started analyzing model olist_dataset.stg_order_reviews
08:23:37.042743 [debug]: Finished rendering [  0.00s] model olist_dataset.stg_order_payments [success]
08:23:37.042766 [debug]: Started analyzing model olist_dataset.stg_order_payments
08:23:37.042835 [debug]: Compiled SQL for node model.olist_dbt.stg_orders at target\.lsp\compiled\olist_dbt\models\staging\stg_orders.sql
08:23:37.042847 [debug]: Compiled SQL for node model.olist_dbt.stg_order_items at target\.lsp\compiled\olist_dbt\models\staging\stg_order_items.sql
08:23:37.042855 [debug]: Compiled SQL for node model.olist_dbt.stg_products at target\.lsp\compiled\olist_dbt\models\staging\stg_products.sql
08:23:37.043026 [debug]: Finished rendering [  0.00s] model olist_dataset.stg_orders [success]
08:23:37.043068 [debug]: Started analyzing model olist_dataset.stg_orders
08:23:37.043100 [debug]: Finished rendering [  0.00s] model olist_dataset.stg_order_items [success]
08:23:37.043124 [debug]: Started analyzing model olist_dataset.stg_order_items
08:23:37.043149 [debug]: Finished rendering [  0.00s] model olist_dataset.stg_products [success]
08:23:37.043173 [debug]: Started analyzing model olist_dataset.stg_products
08:23:37.043198 [debug]: Finished analyzing [  0.00s] model olist_dataset.stg_order_reviews [success]
08:23:37.043211 [debug]: Compiled SQL for node model.olist_dbt.stg_customers at target\.lsp\compiled\olist_dbt\models\staging\stg_customers.sql
08:23:37.043219 [info ]:  Succeeded [  0.00s] model olist_dataset.stg_order_reviews (view)
08:23:37.043363 [debug]: Finished rendering [  0.00s] model olist_dataset.stg_customers [success]
08:23:37.043392 [info ]: Finished rendering [  0.00s] (8 nodes, 0 skipped, 0 errors)
08:23:37.043420 [debug]: Started analyzing model olist_dataset.stg_customers
08:23:37.043459 [debug]: Finished analyzing [  0.00s] model olist_dataset.stg_orders [success]
08:23:37.043478 [info ]:  Succeeded [  0.00s] model olist_dataset.stg_orders (view)
08:23:37.043506 [debug]: Finished analyzing [  0.00s] model olist_dataset.stg_order_items [success]
08:23:37.043527 [info ]:  Succeeded [  0.00s] model olist_dataset.stg_order_items (view)
08:23:37.043551 [debug]: Finished analyzing [  0.00s] model olist_dataset.stg_order_payments [success]
08:23:37.043570 [info ]:  Succeeded [  0.00s] model olist_dataset.stg_order_payments (view)
08:23:37.043610 [debug]: Finished analyzing [  0.00s] model olist_dataset.stg_products [success]
08:23:37.043632 [info ]:  Succeeded [  0.00s] model olist_dataset.stg_products (view)
08:23:37.043673 [debug]: Finished analyzing [  0.00s] model olist_dataset.stg_customers [success]
08:23:37.043691 [info ]:  Succeeded [  0.00s] model olist_dataset.stg_customers (view)
08:23:37.044572 [debug]: Finished analyzing [  0.00s] model olist_dataset.ct_order_details [success]
08:23:37.044628 [info ]:  Succeeded [  0.00s] model olist_dataset.ct_order_details (view)
08:23:37.045292 [debug]: Finished analyzing [  0.00s] model olist_dataset.dim_customers [success]
08:23:37.045307 [info ]: Finished analyzing [  0.00s] (8 nodes, 0 skipped, 0 errors)
08:23:37.045318 [info ]:  Succeeded [  0.00s] model olist_dataset.dim_customers (view)
08:23:37.048304 [info ]: Started scheduling
08:23:37.048359 [info ]: Finished scheduling [  0.00s]
08:23:37.048441 [info ]: 
==================== Execution Summary =====================
Finished 'compile' successfully for target 'dev' [73ms]
Processed: 8 models
Summary: 8 total | 8 success
08:23:37.048608 [info ]: Cached model count updated: 9 models (accurate)
==================== 2026-09-11T08:23:44.719422Z | 7ca7d142-03b2-4aaf-af4a-0723f70e5ee8 ====================
08:23:44.719550 [info ]: Started loading project
08:23:44.720386 [info ]: Loading ~/.dbt/profiles.yml
08:23:44.739662 [info ]: Started parsing
08:23:44.799372 [info ]: Finished loading project [  0.08s]
08:23:44.802477 [debug]: Finished parsing models/marts/ct_order_details.sql [  0.00s]
08:23:44.921239 [info ]: Finished parsing [  0.18s]
08:23:44.923976 [info ]: Cached model count updated: 9 models (estimate)
08:23:44.923991 [info ]: Cached model count updated: 9 models (accurate)
08:23:44.924029 [info ]: Started scheduling
08:23:44.924158 [info ]: Finished scheduling [  0.00s]
08:23:44.924173 [debug]: Compilation - 7 nodes selected: {"model.olist_dbt.ct_order_details", "model.olist_dbt.stg_customers", "model.olist_dbt.stg_order_items", "model.olist_dbt.stg_order_payments", "model.olist_dbt.stg_order_reviews", "model.olist_dbt.stg_orders", "model.olist_dbt.stg_products"}
08:23:44.925245 [info ]: Started building task graph
08:23:44.925318 [info ]: Finished building task graph [  0.00s]
08:23:44.931065 [info ]: Started rendering (7 nodes)
08:23:44.931090 [info ]: Started model olist_dataset.ct_order_details
08:23:44.931100 [debug]: Started rendering model olist_dataset.ct_order_details
08:23:44.931128 [info ]: Started model olist_dataset.stg_products
08:23:44.931135 [debug]: Started rendering model olist_dataset.stg_products
08:23:44.931146 [info ]: Started model olist_dataset.stg_orders
08:23:44.931152 [debug]: Started rendering model olist_dataset.stg_orders
08:23:44.931162 [info ]: Started model olist_dataset.stg_order_reviews
08:23:44.931171 [debug]: Started rendering model olist_dataset.stg_order_reviews
08:23:44.931184 [info ]: Started model olist_dataset.stg_order_payments
08:23:44.931199 [debug]: Started rendering model olist_dataset.stg_order_payments
08:23:44.931223 [info ]: Started model olist_dataset.stg_order_items
08:23:44.931239 [debug]: Started rendering model olist_dataset.stg_order_items
08:23:44.931306 [info ]: Started model olist_dataset.stg_customers
08:23:44.931322 [debug]: Started rendering model olist_dataset.stg_customers
08:23:44.932017 [debug]: Compiled SQL for node model.olist_dbt.stg_orders at target\.lsp\compiled\olist_dbt\models\staging\stg_orders.sql
08:23:44.932021 [debug]: Compiled SQL for node model.olist_dbt.stg_products at target\.lsp\compiled\olist_dbt\models\staging\stg_products.sql
08:23:44.932135 [debug]: Compiled SQL for node model.olist_dbt.stg_order_payments at target\.lsp\compiled\olist_dbt\models\staging\stg_order_payments.sql
08:23:44.932206 [debug]: Compiled SQL for node model.olist_dbt.stg_order_items at target\.lsp\compiled\olist_dbt\models\staging\stg_order_items.sql
08:23:44.932218 [debug]: Finished rendering [  0.00s] model olist_dataset.stg_products [success]
08:23:44.932299 [info ]: Started analyzing (7 nodes)
08:23:44.932322 [debug]: Started analyzing model olist_dataset.stg_products
08:23:44.932361 [debug]: Finished rendering [  0.00s] model olist_dataset.stg_orders [success]
08:23:44.932390 [debug]: Started analyzing model olist_dataset.stg_orders
08:23:44.932442 [debug]: Finished rendering [  0.00s] model olist_dataset.stg_order_payments [success]
08:23:44.932465 [debug]: Started analyzing model olist_dataset.stg_order_payments
08:23:44.932502 [debug]: Finished rendering [  0.00s] model olist_dataset.stg_order_items [success]
08:23:44.932524 [debug]: Started analyzing model olist_dataset.stg_order_items
08:23:44.932614 [debug]: Compiled SQL for node model.olist_dbt.stg_order_reviews at target\.lsp\compiled\olist_dbt\models\staging\stg_order_reviews.sql
08:23:44.932614 [debug]: Compiled SQL for node model.olist_dbt.stg_customers at target\.lsp\compiled\olist_dbt\models\staging\stg_customers.sql
08:23:44.932817 [debug]: Finished rendering [  0.00s] model olist_dataset.stg_customers [success]
08:23:44.932864 [debug]: Started analyzing model olist_dataset.stg_customers
08:23:44.932900 [debug]: Finished analyzing [  0.00s] model olist_dataset.stg_order_payments [success]
08:23:44.932918 [info ]:  Succeeded [  0.00s] model olist_dataset.stg_order_payments (view)
08:23:44.932952 [debug]: Finished rendering [  0.00s] model olist_dataset.stg_order_reviews [success]
08:23:44.932969 [debug]: Started analyzing model olist_dataset.stg_order_reviews
08:23:44.933002 [debug]: Finished analyzing [  0.00s] model olist_dataset.stg_products [success]
08:23:44.933024 [info ]:  Succeeded [  0.00s] model olist_dataset.stg_products (view)
08:23:44.933058 [debug]: Finished analyzing [  0.00s] model olist_dataset.stg_order_items [success]
08:23:44.933077 [info ]:  Succeeded [  0.00s] model olist_dataset.stg_order_items (view)
08:23:44.933100 [debug]: Finished analyzing [  0.00s] model olist_dataset.stg_orders [success]
08:23:44.933114 [info ]:  Succeeded [  0.00s] model olist_dataset.stg_orders (view)
08:23:44.933140 [debug]: Finished analyzing [  0.00s] model olist_dataset.stg_customers [success]
08:23:44.933154 [info ]:  Succeeded [  0.00s] model olist_dataset.stg_customers (view)
08:23:44.933227 [debug]: Finished analyzing [  0.00s] model olist_dataset.stg_order_reviews [success]
08:23:44.933252 [info ]:  Succeeded [  0.00s] model olist_dataset.stg_order_reviews (view)
08:23:44.934385 [debug]: Compiled SQL for node model.olist_dbt.ct_order_details at target\.lsp\compiled\olist_dbt\models\marts\ct_order_details.sql
08:23:44.934680 [debug]: Finished rendering [  0.00s] model olist_dataset.ct_order_details [success]
08:23:44.934705 [info ]: Finished rendering [  0.00s] (7 nodes, 0 skipped, 0 errors)
08:23:44.934745 [debug]: Started analyzing model olist_dataset.ct_order_details
08:23:44.936406 [debug]: Finished analyzing [  0.00s] model olist_dataset.ct_order_details [success]
08:23:44.936432 [info ]: Finished analyzing [  0.00s] (7 nodes, 0 skipped, 0 errors)
08:23:44.936444 [info ]:  Succeeded [  0.00s] model olist_dataset.ct_order_details (view)
08:23:44.940374 [info ]: Started scheduling
08:23:44.940494 [info ]: Finished scheduling [  0.00s]
08:23:44.941066 [info ]: 
==================== Execution Summary =====================
Finished 'compile' successfully for target 'dev' [221ms]
Processed: 7 models
Summary: 7 total | 7 success
08:23:44.941180 [info ]: Cached model count updated: 9 models (accurate)
==================== 2026-09-11T08:23:46.576973Z | ac1e94e0-f0f9-49d5-bc1b-ff9a3216e569 ====================
08:23:46.577084 [info ]: Started loading project
08:23:46.577846 [info ]: Loading ~/.dbt/profiles.yml
08:23:46.610211 [info ]: Cached model count updated: 9 models (estimate)
08:23:46.610230 [info ]: Cached model count updated: 9 models (accurate)
08:23:46.610293 [info ]: Started scheduling
08:23:46.610452 [info ]: Finished scheduling [  0.00s]
08:23:46.610471 [debug]: Compilation - 8 nodes selected: {"model.olist_dbt.ct_order_details", "model.olist_dbt.dim_customers", "model.olist_dbt.stg_customers", "model.olist_dbt.stg_order_items", "model.olist_dbt.stg_order_payments", "model.olist_dbt.stg_order_reviews", "model.olist_dbt.stg_orders", "model.olist_dbt.stg_products"}
08:23:46.611887 [info ]: Started building task graph
08:23:46.611974 [info ]: Finished building task graph [  0.00s]
08:23:46.617460 [info ]: Started rendering (8 nodes)
08:23:46.617480 [info ]: Started model olist_dataset.dim_customers
08:23:46.617497 [debug]: Started rendering model olist_dataset.dim_customers
08:23:46.617521 [info ]: Started model olist_dataset.ct_order_details
08:23:46.617528 [debug]: Started rendering model olist_dataset.ct_order_details
08:23:46.617546 [info ]: Started model olist_dataset.stg_products
08:23:46.617571 [debug]: Started rendering model olist_dataset.stg_products
08:23:46.617581 [info ]: Started model olist_dataset.stg_orders
08:23:46.617589 [debug]: Started rendering model olist_dataset.stg_orders
08:23:46.617605 [info ]: Finished loading project [  0.04s]
08:23:46.617623 [info ]: Started model olist_dataset.stg_order_reviews
08:23:46.617644 [debug]: Started rendering model olist_dataset.stg_order_reviews
08:23:46.617668 [info ]: Started model olist_dataset.stg_order_payments
08:23:46.617684 [debug]: Started rendering model olist_dataset.stg_order_payments
08:23:46.617702 [info ]: Started model olist_dataset.stg_order_items
08:23:46.617718 [debug]: Started rendering model olist_dataset.stg_order_items
08:23:46.617742 [info ]: Started model olist_dataset.stg_customers
08:23:46.617754 [debug]: Started rendering model olist_dataset.stg_customers
08:23:46.618365 [debug]: Compiled SQL for node model.olist_dbt.stg_products at target\.lsp\compiled\olist_dbt\models\staging\stg_products.sql
08:23:46.618386 [debug]: Compiled SQL for node model.olist_dbt.dim_customers at target\.lsp\compiled\olist_dbt\models\marts\dim_customers.sql
08:23:46.618451 [debug]: Compiled SQL for node model.olist_dbt.ct_order_details at target\.lsp\compiled\olist_dbt\models\marts\ct_order_details.sql
08:23:46.618496 [debug]: Finished rendering [  0.00s] model olist_dataset.stg_products [success]
08:23:46.618543 [info ]: Started analyzing (8 nodes)
08:23:46.618558 [debug]: Compiled SQL for node model.olist_dbt.stg_order_reviews at target\.lsp\compiled\olist_dbt\models\staging\stg_order_reviews.sql
08:23:46.618561 [debug]: Started analyzing model olist_dataset.stg_products
08:23:46.618569 [debug]: Compiled SQL for node model.olist_dbt.stg_orders at target\.lsp\compiled\olist_dbt\models\staging\stg_orders.sql
08:23:46.618582 [debug]: Compiled SQL for node model.olist_dbt.stg_customers at target\.lsp\compiled\olist_dbt\models\staging\stg_customers.sql
08:23:46.618585 [debug]: Finished rendering [  0.00s] model olist_dataset.dim_customers [success]
08:23:46.618605 [debug]: Started analyzing model olist_dataset.dim_customers
08:23:46.618628 [debug]: Finished rendering [  0.00s] model olist_dataset.ct_order_details [success]
08:23:46.618648 [debug]: Started analyzing model olist_dataset.ct_order_details
08:23:46.618677 [debug]: Finished rendering [  0.00s] model olist_dataset.stg_order_reviews [success]
08:23:46.618697 [debug]: Started analyzing model olist_dataset.stg_order_reviews
08:23:46.618723 [debug]: Finished rendering [  0.00s] model olist_dataset.stg_orders [success]
08:23:46.618724 [debug]: Compiled SQL for node model.olist_dbt.stg_order_payments at target\.lsp\compiled\olist_dbt\models\staging\stg_order_payments.sql
08:23:46.618745 [debug]: Started analyzing model olist_dataset.stg_orders
08:23:46.618766 [debug]: Finished rendering [  0.00s] model olist_dataset.stg_customers [success]
08:23:46.618782 [debug]: Started analyzing model olist_dataset.stg_customers
08:23:46.618849 [debug]: Finished rendering [  0.00s] model olist_dataset.stg_order_payments [success]
08:23:46.618942 [debug]: Started analyzing model olist_dataset.stg_order_payments
08:23:46.619040 [debug]: Finished analyzing [  0.00s] model olist_dataset.stg_products [success]
08:23:46.619065 [info ]:  Succeeded [-------] model olist_dataset.stg_products (view)
08:23:46.619101 [debug]: Finished analyzing [  0.00s] model olist_dataset.stg_order_reviews [success]
08:23:46.619125 [info ]:  Succeeded [  0.00s] model olist_dataset.stg_order_reviews (view)
08:23:46.619153 [debug]: Finished analyzing [  0.00s] model olist_dataset.stg_customers [success]
08:23:46.619170 [info ]:  Succeeded [  0.00s] model olist_dataset.stg_customers (view)
08:23:46.619198 [debug]: Finished analyzing [  0.00s] model olist_dataset.stg_orders [success]
08:23:46.619212 [info ]:  Succeeded [  0.00s] model olist_dataset.stg_orders (view)
08:23:46.619231 [debug]: Finished analyzing [  0.00s] model olist_dataset.stg_order_payments [success]
08:23:46.619245 [info ]:  Succeeded [  0.00s] model olist_dataset.stg_order_payments (view)
08:23:46.619651 [debug]: Compiled SQL for node model.olist_dbt.stg_order_items at target\.lsp\compiled\olist_dbt\models\staging\stg_order_items.sql
08:23:46.619746 [debug]: Finished rendering [  0.00s] model olist_dataset.stg_order_items [success]
08:23:46.619769 [info ]: Finished rendering [  0.00s] (8 nodes, 0 skipped, 0 errors)
08:23:46.619812 [debug]: Started analyzing model olist_dataset.stg_order_items
08:23:46.620077 [debug]: Finished analyzing [  0.00s] model olist_dataset.ct_order_details [success]
08:23:46.620095 [info ]:  Succeeded [  0.00s] model olist_dataset.ct_order_details (view)
08:23:46.620131 [debug]: Finished analyzing [  0.00s] model olist_dataset.stg_order_items [success]
08:23:46.620140 [info ]:  Succeeded [  0.00s] model olist_dataset.stg_order_items (view)
08:23:46.620808 [debug]: Finished analyzing [  0.00s] model olist_dataset.dim_customers [success]
08:23:46.620822 [info ]: Finished analyzing [  0.00s] (8 nodes, 0 skipped, 0 errors)
08:23:46.620829 [info ]:  Succeeded [  0.00s] model olist_dataset.dim_customers (view)
08:23:46.623650 [info ]: Started scheduling
08:23:46.623710 [info ]: Finished scheduling [  0.00s]
08:23:46.623792 [info ]: 
==================== Execution Summary =====================
Finished 'compile' successfully for target 'dev' [46ms]
Processed: 8 models
Summary: 8 total | 8 success
08:23:46.623915 [info ]: Cached model count updated: 9 models (accurate)
==================== 2026-09-11T08:23:48.756192Z | efd1ae71-2a6f-47de-8615-1ac5b1c3d30c ====================
08:23:48.756252 [info ]: Started loading project
08:23:48.756940 [info ]: Loading ~/.dbt/profiles.yml
08:23:48.771964 [info ]: Started parsing
08:23:48.833122 [info ]: Finished loading project [  0.08s]
08:23:48.835915 [debug]: Finished parsing models/marts/dim_customers.sql [  0.00s]
08:23:48.952912 [info ]: Finished parsing [  0.18s]
08:23:48.955827 [info ]: Cached model count updated: 9 models (estimate)
08:23:48.955842 [info ]: Cached model count updated: 9 models (accurate)
08:23:48.955877 [info ]: Started scheduling
08:23:48.955975 [info ]: Finished scheduling [  0.00s]
08:23:48.955989 [debug]: Compilation - 4 nodes selected: {"model.olist_dbt.dim_customers", "model.olist_dbt.stg_customers", "model.olist_dbt.stg_order_items", "model.olist_dbt.stg_orders"}
08:23:48.957045 [info ]: Started building task graph
08:23:48.957106 [info ]: Finished building task graph [  0.00s]
08:23:48.962111 [info ]: Started rendering (4 nodes)
08:23:48.962137 [info ]: Started model olist_dataset.dim_customers
08:23:48.962147 [debug]: Started rendering model olist_dataset.dim_customers
08:23:48.962174 [info ]: Started model olist_dataset.stg_orders
08:23:48.962182 [debug]: Started rendering model olist_dataset.stg_orders
08:23:48.962192 [info ]: Started model olist_dataset.stg_order_items
08:23:48.962198 [debug]: Started rendering model olist_dataset.stg_order_items
08:23:48.962209 [info ]: Started model olist_dataset.stg_customers
08:23:48.962214 [debug]: Started rendering model olist_dataset.stg_customers
08:23:48.963152 [debug]: Compiled SQL for node model.olist_dbt.stg_order_items at target\.lsp\compiled\olist_dbt\models\staging\stg_order_items.sql
08:23:48.963325 [debug]: Finished rendering [  0.00s] model olist_dataset.stg_order_items [success]
08:23:48.963339 [debug]: Compiled SQL for node model.olist_dbt.stg_orders at target\.lsp\compiled\olist_dbt\models\staging\stg_orders.sql
08:23:48.963346 [debug]: Compiled SQL for node model.olist_dbt.stg_customers at target\.lsp\compiled\olist_dbt\models\staging\stg_customers.sql
08:23:48.963384 [info ]: Started analyzing (4 nodes)
08:23:48.963400 [debug]: Started analyzing model olist_dataset.stg_order_items
08:23:48.963444 [debug]: Finished rendering [  0.00s] model olist_dataset.stg_orders [success]
08:23:48.963471 [debug]: Started analyzing model olist_dataset.stg_orders
08:23:48.963503 [debug]: Finished rendering [  0.00s] model olist_dataset.stg_customers [success]
08:23:48.963525 [debug]: Started analyzing model olist_dataset.stg_customers
08:23:48.963844 [debug]: Finished analyzing [  0.00s] model olist_dataset.stg_customers [success]
08:23:48.963875 [info ]:  Succeeded [  0.00s] model olist_dataset.stg_customers (view)
08:23:48.963924 [debug]: Finished analyzing [  0.00s] model olist_dataset.stg_order_items [success]
08:23:48.963941 [info ]:  Succeeded [  0.00s] model olist_dataset.stg_order_items (view)
08:23:48.963972 [debug]: Finished analyzing [  0.00s] model olist_dataset.stg_orders [success]
08:23:48.963987 [info ]:  Succeeded [  0.00s] model olist_dataset.stg_orders (view)
08:23:48.964585 [debug]: Compiled SQL for node model.olist_dbt.dim_customers at target\.lsp\compiled\olist_dbt\models\marts\dim_customers.sql
08:23:48.964710 [debug]: Finished rendering [  0.00s] model olist_dataset.dim_customers [success]
08:23:48.964731 [info ]: Finished rendering [  0.00s] (4 nodes, 0 skipped, 0 errors)
08:23:48.964755 [debug]: Started analyzing model olist_dataset.dim_customers
08:23:48.966489 [debug]: Finished analyzing [  0.00s] model olist_dataset.dim_customers [success]
08:23:48.966505 [info ]: Finished analyzing [  0.00s] (4 nodes, 0 skipped, 0 errors)
08:23:48.966515 [info ]:  Succeeded [  0.00s] model olist_dataset.dim_customers (view)
08:23:48.969606 [info ]: Started scheduling
08:23:48.969711 [info ]: Finished scheduling [  0.00s]
08:23:48.970268 [info ]: 
==================== Execution Summary =====================
Finished 'compile' successfully for target 'dev' [214ms]
Processed: 4 models
Summary: 4 total | 4 success
08:23:48.970340 [info ]: Cached model count updated: 9 models (accurate)
==================== 2026-09-11T08:23:50.616724Z | 12a22435-ceb7-4554-99af-bf95da7ad104 ====================
08:23:50.616841 [info ]: Started loading project
08:23:50.617707 [info ]: Loading ~/.dbt/profiles.yml
08:23:50.653717 [info ]: Cached model count updated: 9 models (estimate)
08:23:50.653739 [info ]: Cached model count updated: 9 models (accurate)
08:23:50.653777 [info ]: Started scheduling
08:23:50.653889 [info ]: Finished scheduling [  0.00s]
08:23:50.653907 [debug]: Compilation - 8 nodes selected: {"model.olist_dbt.ct_order_details", "model.olist_dbt.dim_customers", "model.olist_dbt.stg_customers", "model.olist_dbt.stg_order_items", "model.olist_dbt.stg_order_payments", "model.olist_dbt.stg_order_reviews", "model.olist_dbt.stg_orders", "model.olist_dbt.stg_products"}
08:23:50.655224 [info ]: Started building task graph
08:23:50.655307 [info ]: Finished building task graph [  0.00s]
08:23:50.660138 [info ]: Started rendering (8 nodes)
08:23:50.660158 [info ]: Started model olist_dataset.dim_customers
08:23:50.660168 [debug]: Started rendering model olist_dataset.dim_customers
08:23:50.660202 [info ]: Started model olist_dataset.ct_order_details
08:23:50.660209 [debug]: Started rendering model olist_dataset.ct_order_details
08:23:50.660221 [info ]: Started model olist_dataset.stg_products
08:23:50.660228 [debug]: Started rendering model olist_dataset.stg_products
08:23:50.660237 [info ]: Started model olist_dataset.stg_orders
08:23:50.660244 [debug]: Started rendering model olist_dataset.stg_orders
08:23:50.660265 [info ]: Started model olist_dataset.stg_order_reviews
08:23:50.660284 [debug]: Started rendering model olist_dataset.stg_order_reviews
08:23:50.660280 [info ]: Finished loading project [  0.04s]
08:23:50.660306 [info ]: Started model olist_dataset.stg_order_payments
08:23:50.660311 [debug]: Started rendering model olist_dataset.stg_order_payments
08:23:50.660327 [info ]: Started model olist_dataset.stg_order_items
08:23:50.660370 [debug]: Started rendering model olist_dataset.stg_order_items
08:23:50.660621 [info ]: Started model olist_dataset.stg_customers
08:23:50.660643 [debug]: Started rendering model olist_dataset.stg_customers
08:23:50.661666 [debug]: Compiled SQL for node model.olist_dbt.dim_customers at target\.lsp\compiled\olist_dbt\models\marts\dim_customers.sql
08:23:50.662006 [debug]: Finished rendering [  0.00s] model olist_dataset.dim_customers [success]
08:23:50.662102 [info ]: Started analyzing (8 nodes)
08:23:50.662130 [debug]: Started analyzing model olist_dataset.dim_customers
08:23:50.662905 [debug]: Compiled SQL for node model.olist_dbt.stg_order_items at target\.lsp\compiled\olist_dbt\models\staging\stg_order_items.sql
08:23:50.662992 [debug]: Compiled SQL for node model.olist_dbt.stg_products at target\.lsp\compiled\olist_dbt\models\staging\stg_products.sql
08:23:50.663122 [debug]: Finished rendering [  0.00s] model olist_dataset.stg_order_items [success]
08:23:50.663192 [debug]: Started analyzing model olist_dataset.stg_order_items
08:23:50.663248 [debug]: Finished rendering [  0.00s] model olist_dataset.stg_products [success]
08:23:50.663283 [debug]: Started analyzing model olist_dataset.stg_products
08:23:50.663554 [debug]: Compiled SQL for node model.olist_dbt.stg_order_reviews at target\.lsp\compiled\olist_dbt\models\staging\stg_order_reviews.sql
08:23:50.663643 [debug]: Compiled SQL for node model.olist_dbt.ct_order_details at target\.lsp\compiled\olist_dbt\models\marts\ct_order_details.sql
08:23:50.663737 [debug]: Finished rendering [  0.00s] model olist_dataset.stg_order_reviews [success]
08:23:50.663798 [debug]: Started analyzing model olist_dataset.stg_order_reviews
08:23:50.663702 [debug]: Compiled SQL for node model.olist_dbt.stg_orders at target\.lsp\compiled\olist_dbt\models\staging\stg_orders.sql
08:23:50.663763 [debug]: Compiled SQL for node model.olist_dbt.stg_order_payments at target\.lsp\compiled\olist_dbt\models\staging\stg_order_payments.sql
08:23:50.663936 [debug]: Finished rendering [  0.00s] model olist_dataset.ct_order_details [success]
08:23:50.663971 [debug]: Started analyzing model olist_dataset.ct_order_details
08:23:50.664099 [debug]: Finished analyzing [  0.00s] model olist_dataset.stg_order_items [success]
08:23:50.664131 [info ]:  Succeeded [  0.00s] model olist_dataset.stg_order_items (view)
08:23:50.664178 [debug]: Finished rendering [  0.00s] model olist_dataset.stg_orders [success]
08:23:50.664203 [debug]: Started analyzing model olist_dataset.stg_orders
08:23:50.664230 [debug]: Finished rendering [  0.00s] model olist_dataset.stg_order_payments [success]
08:23:50.664251 [debug]: Started analyzing model olist_dataset.stg_order_payments
08:23:50.664273 [debug]: Finished analyzing [  0.00s] model olist_dataset.stg_order_reviews [success]
08:23:50.664288 [info ]:  Succeeded [  0.00s] model olist_dataset.stg_order_reviews (view)
08:23:50.664549 [debug]: Finished analyzing [  0.00s] model olist_dataset.stg_products [success]
08:23:50.664585 [info ]:  Succeeded [  0.00s] model olist_dataset.stg_products (view)
08:23:50.664635 [debug]: Finished analyzing [  0.00s] model olist_dataset.stg_order_payments [success]
08:23:50.664664 [info ]:  Succeeded [  0.00s] model olist_dataset.stg_order_payments (view)
08:23:50.664693 [debug]: Finished analyzing [  0.00s] model olist_dataset.stg_orders [success]
08:23:50.664715 [info ]:  Succeeded [  0.00s] model olist_dataset.stg_orders (view)
08:23:50.665331 [debug]: Compiled SQL for node model.olist_dbt.stg_customers at target\.lsp\compiled\olist_dbt\models\staging\stg_customers.sql
08:23:50.665437 [debug]: Finished rendering [  0.00s] model olist_dataset.stg_customers [success]
08:23:50.665464 [info ]: Finished rendering [  0.01s] (8 nodes, 0 skipped, 0 errors)
08:23:50.665490 [debug]: Started analyzing model olist_dataset.stg_customers
08:23:50.665585 [debug]: Finished analyzing [  0.00s] model olist_dataset.ct_order_details [success]
08:23:50.665609 [info ]:  Succeeded [  0.00s] model olist_dataset.ct_order_details (view)
08:23:50.665709 [debug]: Finished analyzing [  0.00s] model olist_dataset.dim_customers [success]
08:23:50.665730 [info ]:  Succeeded [  0.00s] model olist_dataset.dim_customers (view)
08:23:50.665768 [debug]: Finished analyzing [  0.00s] model olist_dataset.stg_customers [success]
08:23:50.665779 [info ]: Finished analyzing [  0.00s] (8 nodes, 0 skipped, 0 errors)
08:23:50.665787 [info ]:  Succeeded [  0.00s] model olist_dataset.stg_customers (view)
08:23:50.668670 [info ]: Started scheduling
08:23:50.668724 [info ]: Finished scheduling [  0.00s]
08:23:50.668807 [info ]: 
==================== Execution Summary =====================
Finished 'compile' successfully for target 'dev' [52ms]
Processed: 8 models
Summary: 8 total | 8 success
08:23:50.668911 [info ]: Cached model count updated: 9 models (accurate)
==================== 2026-09-11T08:24:35.417967Z | a7c49d38-0aca-4939-8eb6-f70cb79d89d4 ====================
08:24:35.418105 [info ]: Started loading project
08:24:35.418907 [info ]: Loading ~/.dbt/profiles.yml
08:24:35.436415 [info ]: Started parsing
08:24:35.507428 [info ]: Finished loading project [  0.09s]
08:24:35.510234 [debug]: Finished parsing models/marts/fct_monthly_sales.sql [  0.00s]
08:24:35.631521 [info ]: Finished parsing [  0.20s]
08:24:35.634295 [info ]: Cached model count updated: 9 models (estimate)
08:24:35.634310 [info ]: Cached model count updated: 9 models (accurate)
08:24:35.634344 [info ]: Started scheduling
08:24:35.634447 [info ]: Finished scheduling [  0.00s]
08:24:35.634462 [debug]: Compilation - 4 nodes selected: {"model.olist_dbt.fct_monthly_sales", "model.olist_dbt.stg_order_items", "model.olist_dbt.stg_order_payments", "model.olist_dbt.stg_orders"}
08:24:35.635681 [info ]: Started building task graph
08:24:35.635738 [info ]: Finished building task graph [  0.00s]
08:24:35.640725 [info ]: Started rendering (4 nodes)
08:24:35.640743 [info ]: Started model olist_dataset.fct_monthly_sales
08:24:35.640752 [debug]: Started rendering model olist_dataset.fct_monthly_sales
08:24:35.640773 [info ]: Started model olist_dataset.stg_orders
08:24:35.640780 [debug]: Started rendering model olist_dataset.stg_orders
08:24:35.640788 [info ]: Started model olist_dataset.stg_order_payments
08:24:35.640794 [debug]: Started rendering model olist_dataset.stg_order_payments
08:24:35.640804 [info ]: Started model olist_dataset.stg_order_items
08:24:35.640809 [debug]: Started rendering model olist_dataset.stg_order_items
08:24:35.641593 [debug]: Compiled SQL for node model.olist_dbt.stg_orders at target\.lsp\compiled\olist_dbt\models\staging\stg_orders.sql
08:24:35.641708 [debug]: Finished rendering [  0.00s] model olist_dataset.stg_orders [success]
08:24:35.641753 [info ]: Started analyzing (4 nodes)
08:24:35.641766 [debug]: Started analyzing model olist_dataset.stg_orders
08:24:35.641941 [debug]: Compiled SQL for node model.olist_dbt.stg_order_payments at target\.lsp\compiled\olist_dbt\models\staging\stg_order_payments.sql
08:24:35.641972 [debug]: Compiled SQL for node model.olist_dbt.stg_order_items at target\.lsp\compiled\olist_dbt\models\staging\stg_order_items.sql
08:24:35.642063 [debug]: Finished rendering [  0.00s] model olist_dataset.stg_order_payments [success]
08:24:35.642108 [debug]: Started analyzing model olist_dataset.stg_order_payments
08:24:35.642145 [debug]: Finished rendering [  0.00s] model olist_dataset.stg_order_items [success]
08:24:35.642170 [debug]: Started analyzing model olist_dataset.stg_order_items
08:24:35.642374 [debug]: Finished analyzing [  0.00s] model olist_dataset.stg_orders [success]
08:24:35.642410 [info ]:  Succeeded [-------] model olist_dataset.stg_orders (view)
08:24:35.642465 [debug]: Finished analyzing [  0.00s] model olist_dataset.stg_order_payments [success]
08:24:35.642485 [info ]:  Succeeded [  0.00s] model olist_dataset.stg_order_payments (view)
08:24:35.642527 [debug]: Finished analyzing [  0.00s] model olist_dataset.stg_order_items [success]
08:24:35.642544 [info ]:  Succeeded [  0.00s] model olist_dataset.stg_order_items (view)
08:24:35.645670 [debug]: Compiled SQL for node model.olist_dbt.fct_monthly_sales at target\.lsp\compiled\olist_dbt\models\marts\fct_monthly_sales.sql
08:24:35.646036 [debug]: Finished rendering [  0.01s] model olist_dataset.fct_monthly_sales [success]
08:24:35.646259 [info ]: Finished rendering [  0.01s] (4 nodes, 0 skipped, 0 errors)
08:24:35.646320 [debug]: Started analyzing model olist_dataset.fct_monthly_sales
08:24:35.649381 [debug]: Finished analyzing [  0.00s] model olist_dataset.fct_monthly_sales [success]
08:24:35.649410 [info ]: Finished analyzing [  0.01s] (4 nodes, 0 skipped, 0 errors)
08:24:35.649419 [info ]:  Succeeded [  0.01s] model olist_dataset.fct_monthly_sales (view)
08:24:35.652494 [info ]: Started scheduling
08:24:35.652615 [info ]: Finished scheduling [  0.00s]
08:24:35.653154 [info ]: 
==================== Execution Summary =====================
Finished 'compile' successfully for target 'dev' [235ms]
Processed: 4 models
Summary: 4 total | 4 success
08:24:35.653262 [info ]: Cached model count updated: 9 models (accurate)
==================== 2026-09-11T08:24:36.533749Z | 53f1e1b4-05db-44f3-bbd7-90b192bb9cf0 ====================
08:24:36.533823 [info ]: Started loading project
08:24:36.534545 [info ]: Loading ~/.dbt/profiles.yml
08:24:36.553162 [info ]: Started parsing
08:24:36.639232 [info ]: Finished loading project [  0.11s]
08:24:36.642002 [debug]: Finished parsing models/marts/dim_customers.sql [  0.00s]
08:24:36.774043 [info ]: Finished parsing [  0.22s]
08:24:36.777728 [info ]: Cached model count updated: 9 models (estimate)
08:24:36.777795 [info ]: Cached model count updated: 9 models (accurate)
08:24:36.777909 [info ]: Started scheduling
08:24:36.778440 [info ]: Finished scheduling [  0.00s]
08:24:36.778526 [debug]: Compilation - 4 nodes selected: {"model.olist_dbt.dim_customers", "model.olist_dbt.stg_customers", "model.olist_dbt.stg_order_items", "model.olist_dbt.stg_orders"}
08:24:36.782032 [info ]: Started building task graph
08:24:36.782151 [info ]: Finished building task graph [  0.00s]
08:24:36.787325 [info ]: Started rendering (4 nodes)
08:24:36.787349 [info ]: Started model olist_dataset.dim_customers
08:24:36.787358 [debug]: Started rendering model olist_dataset.dim_customers
08:24:36.787383 [info ]: Started model olist_dataset.stg_orders
08:24:36.787390 [debug]: Started rendering model olist_dataset.stg_orders
08:24:36.787416 [info ]: Started model olist_dataset.stg_order_items
08:24:36.787421 [debug]: Started rendering model olist_dataset.stg_order_items
08:24:36.787432 [info ]: Started model olist_dataset.stg_customers
08:24:36.787438 [debug]: Started rendering model olist_dataset.stg_customers
08:24:36.789264 [debug]: Compiled SQL for node model.olist_dbt.stg_customers at target\.lsp\compiled\olist_dbt\models\staging\stg_customers.sql
08:24:36.789264 [debug]: Compiled SQL for node model.olist_dbt.stg_order_items at target\.lsp\compiled\olist_dbt\models\staging\stg_order_items.sql
08:24:36.789264 [debug]: Compiled SQL for node model.olist_dbt.stg_orders at target\.lsp\compiled\olist_dbt\models\staging\stg_orders.sql
08:24:36.789474 [debug]: Finished rendering [  0.00s] model olist_dataset.stg_order_items [success]
08:24:36.789552 [info ]: Started analyzing (4 nodes)
08:24:36.789574 [debug]: Started analyzing model olist_dataset.stg_order_items
08:24:36.789628 [debug]: Finished rendering [  0.00s] model olist_dataset.stg_orders [success]
08:24:36.789663 [debug]: Started analyzing model olist_dataset.stg_orders
08:24:36.789696 [debug]: Finished rendering [  0.00s] model olist_dataset.stg_customers [success]
08:24:36.789725 [debug]: Started analyzing model olist_dataset.stg_customers
08:24:36.790164 [debug]: Finished analyzing [  0.00s] model olist_dataset.stg_orders [success]
08:24:36.790195 [info ]:  Succeeded [  0.00s] model olist_dataset.stg_orders (view)
08:24:36.790236 [debug]: Finished analyzing [  0.00s] model olist_dataset.stg_order_items [success]
08:24:36.790253 [info ]:  Succeeded [  0.00s] model olist_dataset.stg_order_items (view)
08:24:36.790478 [debug]: Compiled SQL for node model.olist_dbt.dim_customers at target\.lsp\compiled\olist_dbt\models\marts\dim_customers.sql
08:24:36.790514 [debug]: Finished analyzing [  0.00s] model olist_dataset.stg_customers [success]
08:24:36.790540 [info ]:  Succeeded [  0.00s] model olist_dataset.stg_customers (view)
08:24:36.790724 [debug]: Finished rendering [  0.00s] model olist_dataset.dim_customers [success]
08:24:36.790755 [info ]: Finished rendering [  0.00s] (4 nodes, 0 skipped, 0 errors)
08:24:36.790806 [debug]: Started analyzing model olist_dataset.dim_customers
08:24:36.793193 [debug]: Finished analyzing [  0.00s] model olist_dataset.dim_customers [success]
08:24:36.793233 [info ]: Finished analyzing [  0.00s] (4 nodes, 0 skipped, 0 errors)
08:24:36.793262 [info ]:  Succeeded [  0.01s] model olist_dataset.dim_customers (view)
08:24:36.798783 [info ]: Started scheduling
08:24:36.798900 [info ]: Finished scheduling [  0.00s]
08:24:36.799494 [info ]: 
==================== Execution Summary =====================
Finished 'compile' successfully for target 'dev' [265ms]
Processed: 4 models
Summary: 4 total | 4 success
08:24:36.799603 [info ]: Cached model count updated: 9 models (accurate)
==================== 2026-09-11T08:24:37.887202Z | 0a69ed34-4c04-4a27-bf5f-e93fbf78fdc9 ====================
08:24:37.887369 [info ]: Started loading project
08:24:37.888342 [info ]: Loading ~/.dbt/profiles.yml
08:24:37.908818 [info ]: Started parsing
08:24:38.001408 [info ]: Finished loading project [  0.11s]
08:24:38.004610 [debug]: Finished parsing models/marts/ct_order_details.sql [  0.00s]
08:24:38.123918 [info ]: Finished parsing [  0.22s]
08:24:38.132603 [info ]: 
==================== Execution Summary =====================
Finished 'compile' successfully for target 'dev' [245ms]
08:24:38.132734 [info ]: Cached model count updated: 9 models (accurate)
==================== 2026-09-11T08:24:38.157921Z | 04e200b2-7404-4f27-9c26-17a07a8f1094 ====================
08:24:38.157981 [info ]: Started loading project
08:24:38.158652 [info ]: Loading ~/.dbt/profiles.yml
08:24:38.176006 [info ]: Started parsing
08:24:38.283514 [info ]: Finished loading project [  0.13s]
08:24:38.289506 [debug]: Finished parsing models/marts/ct_order_details.sql [  0.00s]
08:24:38.426331 [info ]: Finished parsing [  0.25s]
08:24:38.431720 [info ]: Cached model count updated: 9 models (estimate)
08:24:38.431737 [info ]: Cached model count updated: 9 models (accurate)
08:24:38.431813 [info ]: Started scheduling
08:24:38.431970 [info ]: Finished scheduling [  0.00s]
08:24:38.431986 [debug]: Compilation - 7 nodes selected: {"model.olist_dbt.ct_order_details", "model.olist_dbt.stg_customers", "model.olist_dbt.stg_order_items", "model.olist_dbt.stg_order_payments", "model.olist_dbt.stg_order_reviews", "model.olist_dbt.stg_orders", "model.olist_dbt.stg_products"}
08:24:38.433630 [info ]: Started building task graph
08:24:38.433706 [info ]: Finished building task graph [  0.00s]
08:24:38.440297 [info ]: Started rendering (7 nodes)
08:24:38.440321 [info ]: Started model olist_dataset.ct_order_details
08:24:38.440330 [debug]: Started rendering model olist_dataset.ct_order_details
08:24:38.440350 [info ]: Started model olist_dataset.stg_products
08:24:38.440356 [debug]: Started rendering model olist_dataset.stg_products
08:24:38.440376 [info ]: Started model olist_dataset.stg_orders
08:24:38.440381 [debug]: Started rendering model olist_dataset.stg_orders
08:24:38.440427 [info ]: Started model olist_dataset.stg_order_reviews
08:24:38.440440 [debug]: Started rendering model olist_dataset.stg_order_reviews
08:24:38.440486 [info ]: Started model olist_dataset.stg_order_payments
08:24:38.440501 [debug]: Started rendering model olist_dataset.stg_order_payments
08:24:38.440532 [info ]: Started model olist_dataset.stg_order_items
08:24:38.440544 [debug]: Started rendering model olist_dataset.stg_order_items
08:24:38.440569 [info ]: Started model olist_dataset.stg_customers
08:24:38.440584 [debug]: Started rendering model olist_dataset.stg_customers
08:24:38.441534 [debug]: Compiled SQL for node model.olist_dbt.stg_order_reviews at target\.lsp\compiled\olist_dbt\models\staging\stg_order_reviews.sql
08:24:38.441532 [debug]: Compiled SQL for node model.olist_dbt.stg_products at target\.lsp\compiled\olist_dbt\models\staging\stg_products.sql
08:24:38.441524 [debug]: Compiled SQL for node model.olist_dbt.stg_orders at target\.lsp\compiled\olist_dbt\models\staging\stg_orders.sql
08:24:38.441681 [debug]: Finished rendering [  0.00s] model olist_dataset.stg_order_reviews [success]
08:24:38.441734 [info ]: Started analyzing (7 nodes)
08:24:38.441755 [debug]: Started analyzing model olist_dataset.stg_order_reviews
08:24:38.441793 [debug]: Finished rendering [  0.00s] model olist_dataset.stg_orders [success]
08:24:38.441823 [debug]: Started analyzing model olist_dataset.stg_orders
08:24:38.441842 [debug]: Compiled SQL for node model.olist_dbt.stg_order_payments at target\.lsp\compiled\olist_dbt\models\staging\stg_order_payments.sql
08:24:38.441861 [debug]: Finished rendering [  0.00s] model olist_dataset.stg_products [success]
08:24:38.441884 [debug]: Started analyzing model olist_dataset.stg_products
08:24:38.441936 [debug]: Started analyzing model olist_dataset.stg_order_payments
08:24:38.442224 [debug]: Finished analyzing [  0.00s] model olist_dataset.stg_order_payments [success]
08:24:38.442257 [info ]:  Succeeded [  0.00s] model olist_dataset.stg_order_payments (view)
08:24:38.442292 [debug]: Finished analyzing [  0.00s] model olist_dataset.stg_orders [success]
08:24:38.442299 [info ]:  Succeeded [  0.00s] model olist_dataset.stg_orders (view)
08:24:38.442311 [debug]: Finished analyzing [  0.00s] model olist_dataset.stg_products [success]
08:24:38.442318 [info ]:  Succeeded [  0.00s] model olist_dataset.stg_products (view)
08:24:38.442328 [debug]: Finished analyzing [  0.00s] model olist_dataset.stg_order_reviews [success]
08:24:38.442334 [info ]:  Succeeded [  0.00s] model olist_dataset.stg_order_reviews (view)
08:24:38.442549 [debug]: Compiled SQL for node model.olist_dbt.stg_order_items at target\.lsp\compiled\olist_dbt\models\staging\stg_order_items.sql
08:24:38.442549 [debug]: Compiled SQL for node model.olist_dbt.stg_customers at target\.lsp\compiled\olist_dbt\models\staging\stg_customers.sql
08:24:38.442561 [debug]: Finished rendering [  0.00s] model olist_dataset.stg_order_payments [success]
08:24:38.442626 [debug]: Finished rendering [  0.00s] model olist_dataset.stg_order_items [success]
08:24:38.442655 [debug]: Started analyzing model olist_dataset.stg_order_items
08:24:38.442680 [debug]: Finished rendering [  0.00s] model olist_dataset.stg_customers [success]
08:24:38.442697 [debug]: Started analyzing model olist_dataset.stg_customers
08:24:38.443032 [debug]: Finished analyzing [  0.00s] model olist_dataset.stg_order_items [success]
08:24:38.443080 [info ]:  Succeeded [  0.00s] model olist_dataset.stg_order_items (view)
08:24:38.443117 [debug]: Finished analyzing [  0.00s] model olist_dataset.stg_customers [success]
08:24:38.443124 [info ]:  Succeeded [  0.00s] model olist_dataset.stg_customers (view)
08:24:38.443521 [debug]: Compiled SQL for node model.olist_dbt.ct_order_details at target\.lsp\compiled\olist_dbt\models\marts\ct_order_details.sql
08:24:38.443937 [debug]: Finished rendering [  0.00s] model olist_dataset.ct_order_details [success]
08:24:38.444002 [info ]: Finished rendering [  0.00s] (7 nodes, 0 skipped, 0 errors)
08:24:38.444054 [debug]: Started analyzing model olist_dataset.ct_order_details
08:24:38.446865 [debug]: Finished analyzing [  0.00s] model olist_dataset.ct_order_details [success]
08:24:38.446914 [info ]: Finished analyzing [  0.01s] (7 nodes, 0 skipped, 0 errors)
08:24:38.446962 [info ]:  Succeeded [  0.01s] model olist_dataset.ct_order_details (view)
08:24:38.450154 [info ]: Started scheduling
08:24:38.450272 [info ]: Finished scheduling [  0.00s]
08:24:38.450869 [info ]: 
==================== Execution Summary =====================
Finished 'compile' successfully for target 'dev' [292ms]
Processed: 7 models
Summary: 7 total | 7 success
08:24:38.450943 [info ]: Cached model count updated: 9 models (accurate)
==================== 2026-09-11T08:24:40.100230Z | 4bc541d1-0320-479e-8a90-16733fe5e1ef ====================
08:24:40.100292 [info ]: Started loading project
08:24:40.101119 [info ]: Loading ~/.dbt/profiles.yml
08:24:40.139839 [info ]: Cached model count updated: 9 models (estimate)
08:24:40.139858 [info ]: Cached model count updated: 9 models (accurate)
08:24:40.139897 [info ]: Started scheduling
08:24:40.140024 [info ]: Finished scheduling [  0.00s]
08:24:40.140040 [debug]: Compilation - 9 nodes selected: {"model.olist_dbt.ct_order_details", "model.olist_dbt.dim_customers", "model.olist_dbt.fct_monthly_sales", "model.olist_dbt.stg_customers", "model.olist_dbt.stg_order_items", "model.olist_dbt.stg_order_payments", "model.olist_dbt.stg_order_reviews", "model.olist_dbt.stg_orders", "model.olist_dbt.stg_products"}
08:24:40.142817 [info ]: Started building task graph
08:24:40.142922 [info ]: Finished building task graph [  0.00s]
08:24:40.148012 [info ]: Started rendering (9 nodes)
08:24:40.148031 [info ]: Started model olist_dataset.fct_monthly_sales
08:24:40.148050 [debug]: Started rendering model olist_dataset.fct_monthly_sales
08:24:40.148076 [info ]: Started model olist_dataset.dim_customers
08:24:40.148082 [debug]: Started rendering model olist_dataset.dim_customers
08:24:40.148091 [info ]: Started model olist_dataset.ct_order_details
08:24:40.148097 [debug]: Started rendering model olist_dataset.ct_order_details
08:24:40.148106 [info ]: Started model olist_dataset.stg_products
08:24:40.148115 [debug]: Started rendering model olist_dataset.stg_products
08:24:40.148143 [info ]: Started model olist_dataset.stg_orders
08:24:40.148150 [debug]: Started rendering model olist_dataset.stg_orders
08:24:40.148160 [info ]: Started model olist_dataset.stg_order_reviews
08:24:40.148159 [info ]: Finished loading project [  0.05s]
08:24:40.148165 [debug]: Started rendering model olist_dataset.stg_order_reviews
08:24:40.148179 [info ]: Started model olist_dataset.stg_order_payments
08:24:40.148194 [debug]: Started rendering model olist_dataset.stg_order_payments
08:24:40.148225 [info ]: Started model olist_dataset.stg_order_items
08:24:40.148238 [debug]: Started rendering model olist_dataset.stg_order_items
08:24:40.148274 [info ]: Started model olist_dataset.stg_customers
08:24:40.148290 [debug]: Started rendering model olist_dataset.stg_customers
08:24:40.149009 [debug]: Compiled SQL for node model.olist_dbt.ct_order_details at target\.lsp\compiled\olist_dbt\models\marts\ct_order_details.sql
08:24:40.149019 [debug]: Compiled SQL for node model.olist_dbt.stg_products at target\.lsp\compiled\olist_dbt\models\staging\stg_products.sql
08:24:40.149009 [debug]: Compiled SQL for node model.olist_dbt.stg_order_reviews at target\.lsp\compiled\olist_dbt\models\staging\stg_order_reviews.sql
08:24:40.149029 [debug]: Compiled SQL for node model.olist_dbt.fct_monthly_sales at target\.lsp\compiled\olist_dbt\models\marts\fct_monthly_sales.sql
08:24:40.149147 [debug]: Compiled SQL for node model.olist_dbt.stg_orders at target\.lsp\compiled\olist_dbt\models\staging\stg_orders.sql
08:24:40.149161 [debug]: Compiled SQL for node model.olist_dbt.dim_customers at target\.lsp\compiled\olist_dbt\models\marts\dim_customers.sql
08:24:40.149159 [debug]: Finished rendering [  0.00s] model olist_dataset.ct_order_details [success]
08:24:40.149198 [info ]: Started analyzing (9 nodes)
08:24:40.149216 [debug]: Started analyzing model olist_dataset.ct_order_details
08:24:40.149256 [debug]: Finished rendering [  0.00s] model olist_dataset.fct_monthly_sales [success]
08:24:40.149276 [debug]: Started analyzing model olist_dataset.fct_monthly_sales
08:24:40.149301 [debug]: Finished rendering [  0.00s] model olist_dataset.stg_order_reviews [success]
08:24:40.149317 [debug]: Started analyzing model olist_dataset.stg_order_reviews
08:24:40.149345 [debug]: Finished rendering [  0.00s] model olist_dataset.stg_products [success]
08:24:40.149362 [debug]: Started analyzing model olist_dataset.stg_products
08:24:40.149385 [debug]: Finished rendering [  0.00s] model olist_dataset.stg_orders [success]
08:24:40.149400 [debug]: Started analyzing model olist_dataset.stg_orders
08:24:40.149423 [debug]: Finished rendering [  0.00s] model olist_dataset.dim_customers [success]
08:24:40.149438 [debug]: Started analyzing model olist_dataset.dim_customers
08:24:40.149754 [debug]: Finished analyzing [  0.00s] model olist_dataset.stg_orders [success]
08:24:40.149780 [info ]:  Succeeded [  0.00s] model olist_dataset.stg_orders (view)
08:24:40.149792 [debug]: Compiled SQL for node model.olist_dbt.stg_customers at target\.lsp\compiled\olist_dbt\models\staging\stg_customers.sql
08:24:40.149824 [debug]: Finished analyzing [  0.00s] model olist_dataset.stg_order_reviews [success]
08:24:40.149838 [info ]:  Succeeded [  0.00s] model olist_dataset.stg_order_reviews (view)
08:24:40.149884 [debug]: Finished rendering [  0.00s] model olist_dataset.stg_customers [success]
08:24:40.149926 [debug]: Started analyzing model olist_dataset.stg_customers
08:24:40.149965 [debug]: Finished analyzing [  0.00s] model olist_dataset.stg_products [success]
08:24:40.149983 [info ]:  Succeeded [  0.00s] model olist_dataset.stg_products (view)
08:24:40.150172 [debug]: Finished analyzing [  0.00s] model olist_dataset.fct_monthly_sales [success]
08:24:40.150210 [info ]:  Succeeded [  0.00s] model olist_dataset.fct_monthly_sales (view)
08:24:40.150245 [debug]: Finished analyzing [  0.00s] model olist_dataset.stg_customers [success]
08:24:40.150261 [info ]:  Succeeded [  0.00s] model olist_dataset.stg_customers (view)
08:24:40.150522 [debug]: Compiled SQL for node model.olist_dbt.stg_order_items at target\.lsp\compiled\olist_dbt\models\staging\stg_order_items.sql
08:24:40.150639 [debug]: Compiled SQL for node model.olist_dbt.stg_order_payments at target\.lsp\compiled\olist_dbt\models\staging\stg_order_payments.sql
08:24:40.150643 [debug]: Finished rendering [  0.00s] model olist_dataset.stg_order_items [success]
08:24:40.150685 [debug]: Started analyzing model olist_dataset.stg_order_items
08:24:40.150731 [debug]: Finished rendering [  0.00s] model olist_dataset.stg_order_payments [success]
08:24:40.150749 [info ]: Finished rendering [  0.00s] (9 nodes, 0 skipped, 0 errors)
08:24:40.150769 [debug]: Started analyzing model olist_dataset.stg_order_payments
08:24:40.150997 [debug]: Finished analyzing [  0.00s] model olist_dataset.stg_order_payments [success]
08:24:40.151032 [info ]:  Succeeded [  0.00s] model olist_dataset.stg_order_payments (view)
08:24:40.151078 [debug]: Finished analyzing [  0.00s] model olist_dataset.stg_order_items [success]
08:24:40.151091 [info ]:  Succeeded [  0.00s] model olist_dataset.stg_order_items (view)
08:24:40.151115 [debug]: Finished analyzing [  0.00s] model olist_dataset.ct_order_details [success]
08:24:40.151130 [info ]:  Succeeded [  0.00s] model olist_dataset.ct_order_details (view)
08:24:40.152304 [debug]: Finished analyzing [  0.00s] model olist_dataset.dim_customers [success]
08:24:40.152321 [info ]: Finished analyzing [  0.00s] (9 nodes, 0 skipped, 0 errors)
08:24:40.152328 [info ]:  Succeeded [  0.00s] model olist_dataset.dim_customers (view)
08:24:40.155876 [info ]: Started scheduling
08:24:40.155949 [info ]: Finished scheduling [  0.00s]
08:24:40.156047 [info ]: 
==================== Execution Summary =====================
Finished 'compile' successfully for target 'dev' [55ms]
Processed: 9 models
Summary: 9 total | 9 success
08:24:40.156191 [info ]: Cached model count updated: 9 models (accurate)
==================== 2026-09-11T08:25:24.179841Z | d6150dd2-6459-40c0-a53f-7f9046331463 ====================
08:25:24.179949 [info ]: Started loading project
08:25:24.180677 [info ]: Loading ~/.dbt/profiles.yml
08:25:24.199200 [info ]: Started parsing
08:25:24.296188 [info ]: Finished loading project [  0.12s]
08:25:24.299338 [debug]: Finished parsing models/marts/fct_monthly_sales.sql [  0.00s]
08:25:24.409634 [info ]: Finished parsing [  0.21s]
08:25:24.412905 [info ]: Cached model count updated: 9 models (estimate)
08:25:24.412923 [info ]: Cached model count updated: 9 models (accurate)
08:25:24.412959 [info ]: Started scheduling
08:25:24.413066 [info ]: Finished scheduling [  0.00s]
08:25:24.413081 [debug]: Compilation - 4 nodes selected: {"model.olist_dbt.fct_monthly_sales", "model.olist_dbt.stg_order_items", "model.olist_dbt.stg_order_payments", "model.olist_dbt.stg_orders"}
08:25:24.414188 [info ]: Started building task graph
08:25:24.414238 [info ]: Finished building task graph [  0.00s]
08:25:24.419241 [info ]: Started rendering (4 nodes)
08:25:24.419258 [info ]: Started model olist_dataset.fct_monthly_sales
08:25:24.419267 [debug]: Started rendering model olist_dataset.fct_monthly_sales
08:25:24.419287 [info ]: Started model olist_dataset.stg_orders
08:25:24.419294 [debug]: Started rendering model olist_dataset.stg_orders
08:25:24.419304 [info ]: Started model olist_dataset.stg_order_payments
08:25:24.419309 [debug]: Started rendering model olist_dataset.stg_order_payments
08:25:24.419318 [info ]: Started model olist_dataset.stg_order_items
08:25:24.419324 [debug]: Started rendering model olist_dataset.stg_order_items
08:25:24.420124 [debug]: Compiled SQL for node model.olist_dbt.stg_orders at target\.lsp\compiled\olist_dbt\models\staging\stg_orders.sql
08:25:24.420236 [debug]: Finished rendering [  0.00s] model olist_dataset.stg_orders [success]
08:25:24.420290 [info ]: Started analyzing (4 nodes)
08:25:24.420322 [debug]: Started analyzing model olist_dataset.stg_orders
08:25:24.420419 [debug]: Compiled SQL for node model.olist_dbt.stg_order_payments at target\.lsp\compiled\olist_dbt\models\staging\stg_order_payments.sql
08:25:24.420419 [debug]: Compiled SQL for node model.olist_dbt.stg_order_items at target\.lsp\compiled\olist_dbt\models\staging\stg_order_items.sql
08:25:24.420509 [debug]: Finished rendering [  0.00s] model olist_dataset.stg_order_items [success]
08:25:24.420554 [debug]: Started analyzing model olist_dataset.stg_order_items
08:25:24.420584 [debug]: Finished rendering [  0.00s] model olist_dataset.stg_order_payments [success]
08:25:24.420605 [debug]: Started analyzing model olist_dataset.stg_order_payments
08:25:24.420861 [debug]: Finished analyzing [  0.00s] model olist_dataset.stg_order_items [success]
08:25:24.420894 [info ]:  Succeeded [  0.00s] model olist_dataset.stg_order_items (view)
08:25:24.420930 [debug]: Finished analyzing [  0.00s] model olist_dataset.stg_order_payments [success]
08:25:24.420939 [info ]:  Succeeded [  0.00s] model olist_dataset.stg_order_payments (view)
08:25:24.420952 [debug]: Finished analyzing [  0.00s] model olist_dataset.stg_orders [success]
08:25:24.420960 [info ]:  Succeeded [-------] model olist_dataset.stg_orders (view)
08:25:24.421947 [debug]: Compiled SQL for node model.olist_dbt.fct_monthly_sales at target\.lsp\compiled\olist_dbt\models\marts\fct_monthly_sales.sql
08:25:24.422099 [debug]: Finished rendering [  0.00s] model olist_dataset.fct_monthly_sales [success]
08:25:24.422118 [info ]: Finished rendering [  0.00s] (4 nodes, 0 skipped, 0 errors)
08:25:24.422154 [debug]: Started analyzing model olist_dataset.fct_monthly_sales
08:25:24.422648 [debug]: Finished analyzing [  0.00s] model olist_dataset.fct_monthly_sales [success]
08:25:24.422661 [info ]: Finished analyzing [  0.00s] (4 nodes, 0 skipped, 0 errors)
08:25:24.422669 [info ]:  Succeeded [  0.00s] model olist_dataset.fct_monthly_sales (view)
08:25:24.425809 [info ]: Started scheduling
08:25:24.425938 [info ]: Finished scheduling [  0.00s]
08:25:24.426488 [info ]: 
==================== Execution Summary =====================
Finished 'compile' successfully for target 'dev' [246ms]
Processed: 4 models
Summary: 4 total | 4 success
08:25:24.426557 [info ]: Cached model count updated: 9 models (accurate)
==================== 2026-09-11T08:25:25.313418Z | ae08a9b3-b328-49a7-9eae-ea67132f9f9f ====================
08:25:25.313533 [info ]: Started loading project
08:25:25.314286 [info ]: Loading ~/.dbt/profiles.yml
08:25:25.334104 [info ]: Started parsing
08:25:25.442731 [info ]: Finished loading project [  0.13s]
08:25:25.446307 [debug]: Finished parsing models/marts/fct_monthly_sales.sql [  0.00s]
08:25:25.557076 [info ]: Finished parsing [  0.22s]
08:25:25.560498 [info ]: Cached model count updated: 9 models (estimate)
08:25:25.560529 [info ]: Cached model count updated: 9 models (accurate)
08:25:25.560637 [info ]: Started scheduling
08:25:25.560923 [info ]: Finished scheduling [  0.00s]
08:25:25.560971 [debug]: Compilation - 4 nodes selected: {"model.olist_dbt.fct_monthly_sales", "model.olist_dbt.stg_order_items", "model.olist_dbt.stg_order_payments", "model.olist_dbt.stg_orders"}
08:25:25.563128 [info ]: Started building task graph
08:25:25.563250 [info ]: Finished building task graph [  0.00s]
08:25:25.568565 [info ]: Started rendering (4 nodes)
08:25:25.568588 [info ]: Started model olist_dataset.fct_monthly_sales
08:25:25.568598 [debug]: Started rendering model olist_dataset.fct_monthly_sales
08:25:25.568618 [info ]: Started model olist_dataset.stg_orders
08:25:25.568626 [debug]: Started rendering model olist_dataset.stg_orders
08:25:25.568637 [info ]: Started model olist_dataset.stg_order_payments
08:25:25.568644 [debug]: Started rendering model olist_dataset.stg_order_payments
08:25:25.568658 [info ]: Started model olist_dataset.stg_order_items
08:25:25.568664 [debug]: Started rendering model olist_dataset.stg_order_items
08:25:25.569395 [debug]: Compiled SQL for node model.olist_dbt.stg_order_items at target\.lsp\compiled\olist_dbt\models\staging\stg_order_items.sql
08:25:25.569542 [debug]: Finished rendering [  0.00s] model olist_dataset.stg_order_items [success]
08:25:25.569598 [debug]: Compiled SQL for node model.olist_dbt.stg_order_payments at target\.lsp\compiled\olist_dbt\models\staging\stg_order_payments.sql
08:25:25.569598 [debug]: Compiled SQL for node model.olist_dbt.stg_orders at target\.lsp\compiled\olist_dbt\models\staging\stg_orders.sql
08:25:25.569641 [info ]: Started analyzing (4 nodes)
08:25:25.569660 [debug]: Started analyzing model olist_dataset.stg_order_items
08:25:25.569695 [debug]: Finished rendering [  0.00s] model olist_dataset.stg_order_payments [success]
08:25:25.569725 [debug]: Started analyzing model olist_dataset.stg_order_payments
08:25:25.569755 [debug]: Finished rendering [  0.00s] model olist_dataset.stg_orders [success]
08:25:25.569780 [debug]: Started analyzing model olist_dataset.stg_orders
08:25:25.569987 [debug]: Finished analyzing [  0.00s] model olist_dataset.stg_order_items [success]
08:25:25.570004 [info ]:  Succeeded [-------] model olist_dataset.stg_order_items (view)
08:25:25.570030 [debug]: Finished analyzing [  0.00s] model olist_dataset.stg_order_payments [success]
08:25:25.570044 [info ]:  Succeeded [  0.00s] model olist_dataset.stg_order_payments (view)
08:25:25.570080 [debug]: Finished analyzing [  0.00s] model olist_dataset.stg_orders [success]
08:25:25.570094 [info ]:  Succeeded [  0.00s] model olist_dataset.stg_orders (view)
08:25:25.571022 [debug]: Compiled SQL for node model.olist_dbt.fct_monthly_sales at target\.lsp\compiled\olist_dbt\models\marts\fct_monthly_sales.sql
08:25:25.571186 [debug]: Finished rendering [  0.00s] model olist_dataset.fct_monthly_sales [success]
08:25:25.571209 [info ]: Finished rendering [  0.00s] (4 nodes, 0 skipped, 0 errors)
08:25:25.571247 [debug]: Started analyzing model olist_dataset.fct_monthly_sales
08:25:25.571755 [debug]: Finished analyzing [  0.00s] model olist_dataset.fct_monthly_sales [success]
08:25:25.571770 [info ]: Finished analyzing [  0.00s] (4 nodes, 0 skipped, 0 errors)
08:25:25.571777 [info ]:  Succeeded [  0.00s] model olist_dataset.fct_monthly_sales (view)
08:25:25.575003 [info ]: Started scheduling
08:25:25.575127 [info ]: Finished scheduling [  0.00s]
08:25:25.575688 [info ]: 
==================== Execution Summary =====================
Finished 'compile' successfully for target 'dev' [262ms]
Processed: 4 models
Summary: 4 total | 4 success
08:25:25.575763 [info ]: Cached model count updated: 9 models (accurate)
==================== 2026-09-11T08:25:27.232417Z | 20f7e72f-510b-4a4c-ad60-051ec4717528 ====================
08:25:27.232552 [info ]: Started loading project
08:25:27.234049 [info ]: Loading ~/.dbt/profiles.yml
08:25:27.267422 [info ]: Cached model count updated: 9 models (estimate)
08:25:27.267441 [info ]: Cached model count updated: 9 models (accurate)
08:25:27.267477 [info ]: Started scheduling
08:25:27.267605 [info ]: Finished scheduling [  0.00s]
08:25:27.267620 [debug]: Compilation - 9 nodes selected: {"model.olist_dbt.ct_order_details", "model.olist_dbt.dim_customers", "model.olist_dbt.fct_monthly_sales", "model.olist_dbt.stg_customers", "model.olist_dbt.stg_order_items", "model.olist_dbt.stg_order_payments", "model.olist_dbt.stg_order_reviews", "model.olist_dbt.stg_orders", "model.olist_dbt.stg_products"}
08:25:27.268833 [info ]: Started building task graph
08:25:27.268922 [info ]: Finished building task graph [  0.00s]
08:25:27.273975 [info ]: Started rendering (9 nodes)
08:25:27.273992 [info ]: Started model olist_dataset.fct_monthly_sales
08:25:27.274012 [debug]: Started rendering model olist_dataset.fct_monthly_sales
08:25:27.274034 [info ]: Started model olist_dataset.dim_customers
08:25:27.274041 [debug]: Started rendering model olist_dataset.dim_customers
08:25:27.274050 [info ]: Started model olist_dataset.ct_order_details
08:25:27.274055 [debug]: Started rendering model olist_dataset.ct_order_details
08:25:27.274064 [info ]: Started model olist_dataset.stg_products
08:25:27.274090 [debug]: Started rendering model olist_dataset.stg_products
08:25:27.274101 [info ]: Started model olist_dataset.stg_orders
08:25:27.274107 [debug]: Started rendering model olist_dataset.stg_orders
08:25:27.274106 [info ]: Finished loading project [  0.04s]
08:25:27.274121 [info ]: Started model olist_dataset.stg_order_reviews
08:25:27.274130 [debug]: Started rendering model olist_dataset.stg_order_reviews
08:25:27.274145 [info ]: Started model olist_dataset.stg_order_payments
08:25:27.274155 [debug]: Started rendering model olist_dataset.stg_order_payments
08:25:27.274172 [info ]: Started model olist_dataset.stg_order_items
08:25:27.274183 [debug]: Started rendering model olist_dataset.stg_order_items
08:25:27.274204 [info ]: Started model olist_dataset.stg_customers
08:25:27.274220 [debug]: Started rendering model olist_dataset.stg_customers
08:25:27.275111 [debug]: Compiled SQL for node model.olist_dbt.dim_customers at target\.lsp\compiled\olist_dbt\models\marts\dim_customers.sql
08:25:27.275162 [debug]: Compiled SQL for node model.olist_dbt.ct_order_details at target\.lsp\compiled\olist_dbt\models\marts\ct_order_details.sql
08:25:27.275296 [debug]: Finished rendering [  0.00s] model olist_dataset.dim_customers [success]
08:25:27.275322 [debug]: Compiled SQL for node model.olist_dbt.stg_products at target\.lsp\compiled\olist_dbt\models\staging\stg_products.sql
08:25:27.275344 [info ]: Started analyzing (9 nodes)
08:25:27.275362 [debug]: Started analyzing model olist_dataset.dim_customers
08:25:27.275388 [debug]: Finished rendering [  0.00s] model olist_dataset.ct_order_details [success]
08:25:27.275407 [debug]: Started analyzing model olist_dataset.ct_order_details
08:25:27.275528 [debug]: Finished rendering [  0.00s] model olist_dataset.stg_products [success]
08:25:27.275566 [debug]: Started analyzing model olist_dataset.stg_products
08:25:27.275584 [debug]: Compiled SQL for node model.olist_dbt.fct_monthly_sales at target\.lsp\compiled\olist_dbt\models\marts\fct_monthly_sales.sql
08:25:27.275723 [debug]: Started analyzing model olist_dataset.fct_monthly_sales
08:25:27.275736 [debug]: Finished rendering [  0.00s] model olist_dataset.fct_monthly_sales [success]
08:25:27.275926 [debug]: Finished analyzing [  0.00s] model olist_dataset.stg_products [success]
08:25:27.275957 [info ]:  Succeeded [  0.00s] model olist_dataset.stg_products (view)
08:25:27.276216 [debug]: Compiled SQL for node model.olist_dbt.stg_order_reviews at target\.lsp\compiled\olist_dbt\models\staging\stg_order_reviews.sql
08:25:27.276215 [debug]: Compiled SQL for node model.olist_dbt.stg_order_payments at target\.lsp\compiled\olist_dbt\models\staging\stg_order_payments.sql
08:25:27.276221 [debug]: Compiled SQL for node model.olist_dbt.stg_order_items at target\.lsp\compiled\olist_dbt\models\staging\stg_order_items.sql
08:25:27.276325 [debug]: Compiled SQL for node model.olist_dbt.stg_orders at target\.lsp\compiled\olist_dbt\models\staging\stg_orders.sql
08:25:27.276368 [debug]: Finished rendering [  0.00s] model olist_dataset.stg_order_reviews [success]
08:25:27.276385 [debug]: Compiled SQL for node model.olist_dbt.stg_customers at target\.lsp\compiled\olist_dbt\models\staging\stg_customers.sql
08:25:27.276403 [debug]: Started analyzing model olist_dataset.stg_order_reviews
08:25:27.276434 [debug]: Finished rendering [  0.00s] model olist_dataset.stg_order_payments [success]
08:25:27.276451 [debug]: Started analyzing model olist_dataset.stg_order_payments
08:25:27.276473 [debug]: Finished rendering [  0.00s] model olist_dataset.stg_order_items [success]
08:25:27.276488 [debug]: Started analyzing model olist_dataset.stg_order_items
08:25:27.276506 [debug]: Finished rendering [  0.00s] model olist_dataset.stg_orders [success]
08:25:27.276523 [debug]: Started analyzing model olist_dataset.stg_orders
08:25:27.276545 [debug]: Finished rendering [  0.00s] model olist_dataset.stg_customers [success]
08:25:27.276560 [info ]: Finished rendering [  0.00s] (9 nodes, 0 skipped, 0 errors)
08:25:27.276572 [debug]: Started analyzing model olist_dataset.stg_customers
08:25:27.276593 [debug]: Finished analyzing [  0.00s] model olist_dataset.fct_monthly_sales [success]
08:25:27.276609 [info ]:  Succeeded [  0.00s] model olist_dataset.fct_monthly_sales (view)
08:25:27.276654 [debug]: Finished analyzing [  0.00s] model olist_dataset.stg_order_payments [success]
08:25:27.276669 [info ]:  Succeeded [  0.00s] model olist_dataset.stg_order_payments (view)
08:25:27.276689 [debug]: Finished analyzing [  0.00s] model olist_dataset.stg_order_reviews [success]
08:25:27.276701 [info ]:  Succeeded [  0.00s] model olist_dataset.stg_order_reviews (view)
08:25:27.276720 [debug]: Finished analyzing [  0.00s] model olist_dataset.stg_order_items [success]
08:25:27.276732 [info ]:  Succeeded [  0.00s] model olist_dataset.stg_order_items (view)
08:25:27.276794 [debug]: Finished analyzing [  0.00s] model olist_dataset.stg_customers [success]
08:25:27.276814 [info ]:  Succeeded [  0.00s] model olist_dataset.stg_customers (view)
08:25:27.276840 [debug]: Finished analyzing [  0.00s] model olist_dataset.stg_orders [success]
08:25:27.276856 [info ]:  Succeeded [  0.00s] model olist_dataset.stg_orders (view)
08:25:27.277183 [debug]: Finished analyzing [  0.00s] model olist_dataset.ct_order_details [success]
08:25:27.277208 [info ]:  Succeeded [  0.00s] model olist_dataset.ct_order_details (view)
08:25:27.278055 [debug]: Finished analyzing [  0.00s] model olist_dataset.dim_customers [success]
08:25:27.278072 [info ]: Finished analyzing [  0.00s] (9 nodes, 0 skipped, 0 errors)
08:25:27.278080 [info ]:  Succeeded [  0.00s] model olist_dataset.dim_customers (view)
08:25:27.281119 [info ]: Started scheduling
08:25:27.281180 [info ]: Finished scheduling [  0.00s]
08:25:27.281268 [info ]: 
==================== Execution Summary =====================
Finished 'compile' successfully for target 'dev' [48ms]
Processed: 9 models
Summary: 9 total | 9 success
08:25:27.281422 [info ]: Cached model count updated: 9 models (accurate)
==================== 2026-09-11T08:27:21.336407Z | 729801fa-b766-468a-9341-7429f61f95fb ====================
08:27:21.336565 [info ]: Started loading project
08:27:21.337423 [info ]: Loading ~/.dbt/profiles.yml
08:27:21.358749 [info ]: Started parsing
08:27:21.474637 [info ]: Finished loading project [  0.14s]
08:27:21.476047 [debug]: Finished parsing models/schema.yml [  0.00s]
08:27:21.484871 [debug]: Finished parsing models/marts/dim_customers.sql [  0.00s]
08:27:21.485639 [debug]: Finished parsing models/marts/fct_monthly_sales.sql [  0.00s]
08:27:21.486331 [debug]: Finished parsing models/staging/stg_customers.sql [  0.00s]
08:27:21.486953 [debug]: Finished parsing models/staging/stg_order_items.sql [  0.00s]
08:27:21.487605 [debug]: Finished parsing models/staging/stg_order_payments.sql [  0.00s]
08:27:21.488254 [debug]: Finished parsing models/staging/stg_order_reviews.sql [  0.00s]
08:27:21.488887 [debug]: Finished parsing models/staging/stg_orders.sql [  0.00s]
08:27:21.489527 [debug]: Finished parsing models/staging/stg_products.sql [  0.00s]
08:27:21.496439 [warn ]: [NoNodeForYamlKey (dbt1089)]: Unused schema.yml entry for model 'fct_order_details'
  --> models/schema.yml
08:27:21.610104 [info ]: Finished parsing [  0.25s]
08:27:21.614560 [info ]: Cached model count updated: 9 models (estimate)
08:27:21.614586 [info ]: Cached model count updated: 9 models (accurate)
08:27:21.614645 [info ]: Started scheduling
08:27:21.614936 [info ]: Finished scheduling [  0.00s]
08:27:21.614973 [debug]: Compilation - 8 nodes selected: {"model.olist_dbt.dim_customers", "model.olist_dbt.fct_monthly_sales", "model.olist_dbt.stg_customers", "model.olist_dbt.stg_order_items", "model.olist_dbt.stg_order_payments", "model.olist_dbt.stg_order_reviews", "model.olist_dbt.stg_orders", "model.olist_dbt.stg_products"}
08:27:21.617789 [info ]: Started building task graph
08:27:21.617961 [info ]: Finished building task graph [  0.00s]
08:27:21.623981 [info ]: Started rendering (8 nodes)
08:27:21.624010 [info ]: Started model olist_dataset.stg_products
08:27:21.624021 [debug]: Started rendering model olist_dataset.stg_products
08:27:21.624045 [info ]: Started model olist_dataset.stg_order_reviews
08:27:21.624051 [debug]: Started rendering model olist_dataset.stg_order_reviews
08:27:21.624069 [info ]: Started model olist_dataset.fct_monthly_sales
08:27:21.624076 [debug]: Started rendering model olist_dataset.fct_monthly_sales
08:27:21.624085 [info ]: Started model olist_dataset.stg_order_payments
08:27:21.624091 [debug]: Started rendering model olist_dataset.stg_order_payments
08:27:21.624113 [info ]: Started model olist_dataset.dim_customers
08:27:21.624119 [debug]: Started rendering model olist_dataset.dim_customers
08:27:21.624130 [info ]: Started model olist_dataset.stg_orders
08:27:21.624142 [debug]: Started rendering model olist_dataset.stg_orders
08:27:21.624169 [info ]: Started model olist_dataset.stg_order_items
08:27:21.624182 [debug]: Started rendering model olist_dataset.stg_order_items
08:27:21.624208 [info ]: Started model olist_dataset.stg_customers
08:27:21.624235 [debug]: Started rendering model olist_dataset.stg_customers
08:27:21.627465 [debug]: Compiled SQL for node model.olist_dbt.stg_order_reviews at target\.lsp\compiled\olist_dbt\models\staging\stg_order_reviews.sql
08:27:21.627652 [debug]: Compiled SQL for node model.olist_dbt.stg_products at target\.lsp\compiled\olist_dbt\models\staging\stg_products.sql
08:27:21.628220 [debug]: Finished rendering [  0.00s] model olist_dataset.stg_order_reviews [success]
08:27:21.628339 [info ]: Started analyzing (8 nodes)
08:27:21.628368 [debug]: Started analyzing model olist_dataset.stg_order_reviews
08:27:21.628602 [debug]: Compiled SQL for node model.olist_dbt.stg_order_payments at target\.lsp\compiled\olist_dbt\models\staging\stg_order_payments.sql
08:27:21.628904 [debug]: Finished rendering [  0.00s] model olist_dataset.stg_products [success]
08:27:21.628982 [debug]: Started analyzing model olist_dataset.stg_products
08:27:21.629150 [debug]: Finished rendering [  0.01s] model olist_dataset.stg_order_payments [success]
08:27:21.629200 [debug]: Started analyzing model olist_dataset.stg_order_payments
08:27:21.629247 [debug]: Finished analyzing [  0.00s] model olist_dataset.stg_order_reviews [success]
08:27:21.629274 [info ]:  Succeeded [  0.00s] model olist_dataset.stg_order_reviews (view)
08:27:21.629480 [debug]: Finished analyzing [  0.00s] model olist_dataset.stg_products [success]
08:27:21.629511 [info ]:  Succeeded [  0.00s] model olist_dataset.stg_products (view)
08:27:21.629554 [debug]: Finished analyzing [  0.00s] model olist_dataset.stg_order_payments [success]
08:27:21.629577 [info ]:  Succeeded [  0.01s] model olist_dataset.stg_order_payments (view)
08:27:21.630258 [debug]: Compiled SQL for node model.olist_dbt.fct_monthly_sales at target\.lsp\compiled\olist_dbt\models\marts\fct_monthly_sales.sql
08:27:21.630761 [debug]: Finished rendering [  0.01s] model olist_dataset.fct_monthly_sales [success]
08:27:21.630879 [debug]: Started analyzing model olist_dataset.fct_monthly_sales
08:27:21.632454 [debug]: Compiled SQL for node model.olist_dbt.stg_orders at target\.lsp\compiled\olist_dbt\models\staging\stg_orders.sql
08:27:21.632453 [debug]: Compiled SQL for node model.olist_dbt.stg_customers at target\.lsp\compiled\olist_dbt\models\staging\stg_customers.sql
08:27:21.632741 [debug]: Finished rendering [  0.01s] model olist_dataset.stg_customers [success]
08:27:21.632816 [debug]: Started analyzing model olist_dataset.stg_customers
08:27:21.633163 [debug]: Finished analyzing [  0.00s] model olist_dataset.fct_monthly_sales [success]
08:27:21.633216 [debug]: Compiled SQL for node model.olist_dbt.stg_order_items at target\.lsp\compiled\olist_dbt\models\staging\stg_order_items.sql
08:27:21.633215 [info ]:  Succeeded [  0.01s] model olist_dataset.fct_monthly_sales (view)
08:27:21.633345 [debug]: Finished analyzing [  0.00s] model olist_dataset.stg_customers [success]
08:27:21.633371 [info ]:  Succeeded [  0.01s] model olist_dataset.stg_customers (view)
08:27:21.633546 [debug]: Finished rendering [  0.01s] model olist_dataset.stg_order_items [success]
08:27:21.633609 [debug]: Started analyzing model olist_dataset.stg_order_items
08:27:21.634232 [debug]: Finished analyzing [  0.00s] model olist_dataset.stg_order_items [success]
08:27:21.634283 [info ]:  Succeeded [  0.01s] model olist_dataset.stg_order_items (view)
08:27:21.634364 [debug]: Finished rendering [  0.01s] model olist_dataset.stg_orders [success]
08:27:21.634402 [debug]: Started analyzing model olist_dataset.stg_orders
08:27:21.634937 [debug]: Finished analyzing [  0.00s] model olist_dataset.stg_orders [success]
08:27:21.634995 [info ]:  Succeeded [  0.01s] model olist_dataset.stg_orders (view)
08:27:21.635022 [debug]: Compiled SQL for node model.olist_dbt.dim_customers at target\.lsp\compiled\olist_dbt\models\marts\dim_customers.sql
08:27:21.635273 [debug]: Finished rendering [  0.01s] model olist_dataset.dim_customers [success]
08:27:21.635292 [info ]: Finished rendering [  0.01s] (8 nodes, 0 skipped, 0 errors)
08:27:21.635311 [debug]: Started analyzing model olist_dataset.dim_customers
08:27:21.636998 [debug]: Finished analyzing [  0.00s] model olist_dataset.dim_customers [success]
08:27:21.637013 [info ]: Finished analyzing [  0.01s] (8 nodes, 0 skipped, 0 errors)
08:27:21.637022 [info ]:  Succeeded [  0.01s] model olist_dataset.dim_customers (view)
08:27:21.639887 [info ]: Started scheduling
08:27:21.639951 [info ]: Finished scheduling [  0.00s]
08:27:21.640471 [info ]: 
==================== Execution Summary =====================
Finished 'compile' with 1 warning for target 'dev' [304ms]
Processed: 8 models
Summary: 8 total | 8 success
08:27:21.640547 [info ]: Cached model count updated: 9 models (accurate)
==================== 2026-09-11T08:27:23.310916Z | 445b8932-b557-4f2f-939a-b02b14f124de ====================
08:27:23.311081 [info ]: Started loading project
08:27:23.312967 [info ]: Loading ~/.dbt/profiles.yml
08:27:23.361379 [info ]: Cached model count updated: 9 models (estimate)
08:27:23.361402 [info ]: Cached model count updated: 9 models (accurate)
08:27:23.361450 [info ]: Started scheduling
08:27:23.361589 [info ]: Finished scheduling [  0.00s]
08:27:23.361609 [debug]: Compilation - 9 nodes selected: {"model.olist_dbt.ct_order_details", "model.olist_dbt.dim_customers", "model.olist_dbt.fct_monthly_sales", "model.olist_dbt.stg_customers", "model.olist_dbt.stg_order_items", "model.olist_dbt.stg_order_payments", "model.olist_dbt.stg_order_reviews", "model.olist_dbt.stg_orders", "model.olist_dbt.stg_products"}
08:27:23.363509 [info ]: Started building task graph
08:27:23.363616 [info ]: Finished building task graph [  0.00s]
08:27:23.369598 [info ]: Started rendering (9 nodes)
08:27:23.369639 [info ]: Started model olist_dataset.fct_monthly_sales
08:27:23.369651 [debug]: Started rendering model olist_dataset.fct_monthly_sales
08:27:23.369697 [info ]: Started model olist_dataset.dim_customers
08:27:23.369710 [debug]: Started rendering model olist_dataset.dim_customers
08:27:23.369741 [info ]: Started model olist_dataset.ct_order_details
08:27:23.369739 [info ]: Finished loading project [  0.06s]
08:27:23.369752 [debug]: Started rendering model olist_dataset.ct_order_details
08:27:23.369771 [info ]: Started model olist_dataset.stg_products
08:27:23.369788 [debug]: Started rendering model olist_dataset.stg_products
08:27:23.369820 [info ]: Started model olist_dataset.stg_orders
08:27:23.369829 [debug]: Started rendering model olist_dataset.stg_orders
08:27:23.369915 [info ]: Started model olist_dataset.stg_order_reviews
08:27:23.369947 [debug]: Started rendering model olist_dataset.stg_order_reviews
08:27:23.369975 [info ]: Started model olist_dataset.stg_order_payments
08:27:23.369985 [debug]: Started rendering model olist_dataset.stg_order_payments
08:27:23.370007 [info ]: Started model olist_dataset.stg_order_items
08:27:23.370020 [debug]: Started rendering model olist_dataset.stg_order_items
08:27:23.370042 [info ]: Started model olist_dataset.stg_customers
08:27:23.370052 [debug]: Started rendering model olist_dataset.stg_customers
08:27:23.371829 [debug]: Compiled SQL for node model.olist_dbt.stg_products at target\.lsp\compiled\olist_dbt\models\staging\stg_products.sql
08:27:23.371882 [debug]: Compiled SQL for node model.olist_dbt.stg_order_reviews at target\.lsp\compiled\olist_dbt\models\staging\stg_order_reviews.sql
08:27:23.371966 [debug]: Compiled SQL for node model.olist_dbt.stg_orders at target\.lsp\compiled\olist_dbt\models\staging\stg_orders.sql
08:27:23.372075 [debug]: Compiled SQL for node model.olist_dbt.ct_order_details at target\.lsp\compiled\olist_dbt\models\marts\ct_order_details.sql
08:27:23.372116 [debug]: Compiled SQL for node model.olist_dbt.stg_order_payments at target\.lsp\compiled\olist_dbt\models\staging\stg_order_payments.sql
08:27:23.372189 [debug]: Compiled SQL for node model.olist_dbt.fct_monthly_sales at target\.lsp\compiled\olist_dbt\models\marts\fct_monthly_sales.sql
08:27:23.372353 [debug]: Compiled SQL for node model.olist_dbt.dim_customers at target\.lsp\compiled\olist_dbt\models\marts\dim_customers.sql
08:27:23.372442 [debug]: Finished rendering [  0.00s] model olist_dataset.stg_products [success]
08:27:23.372547 [info ]: Started analyzing (9 nodes)
08:27:23.372578 [debug]: Started analyzing model olist_dataset.stg_products
08:27:23.372625 [debug]: Finished rendering [  0.00s] model olist_dataset.stg_orders [success]
08:27:23.372656 [debug]: Started analyzing model olist_dataset.stg_orders
08:27:23.372696 [debug]: Finished rendering [  0.00s] model olist_dataset.ct_order_details [success]
08:27:23.372719 [debug]: Started analyzing model olist_dataset.ct_order_details
08:27:23.372754 [debug]: Finished rendering [  0.00s] model olist_dataset.stg_order_payments [success]
08:27:23.372775 [debug]: Started analyzing model olist_dataset.stg_order_payments
08:27:23.372800 [debug]: Finished rendering [  0.00s] model olist_dataset.fct_monthly_sales [success]
08:27:23.372823 [debug]: Started analyzing model olist_dataset.fct_monthly_sales
08:27:23.372841 [debug]: Compiled SQL for node model.olist_dbt.stg_order_items at target\.lsp\compiled\olist_dbt\models\staging\stg_order_items.sql
08:27:23.372848 [debug]: Finished rendering [  0.00s] model olist_dataset.dim_customers [success]
08:27:23.372870 [debug]: Started analyzing model olist_dataset.dim_customers
08:27:23.372894 [debug]: Finished rendering [  0.00s] model olist_dataset.stg_order_reviews [success]
08:27:23.372913 [debug]: Started analyzing model olist_dataset.stg_order_reviews
08:27:23.372986 [debug]: Finished rendering [  0.00s] model olist_dataset.stg_order_items [success]
08:27:23.373013 [debug]: Started analyzing model olist_dataset.stg_order_items
08:27:23.373461 [debug]: Finished analyzing [  0.00s] model olist_dataset.stg_order_payments [success]
08:27:23.373505 [info ]:  Succeeded [  0.00s] model olist_dataset.stg_order_payments (view)
08:27:23.373547 [debug]: Finished analyzing [  0.00s] model olist_dataset.stg_orders [success]
08:27:23.373559 [info ]:  Succeeded [  0.00s] model olist_dataset.stg_orders (view)
08:27:23.373662 [debug]: Finished analyzing [  0.00s] model olist_dataset.stg_order_reviews [success]
08:27:23.373689 [info ]:  Succeeded [  0.00s] model olist_dataset.stg_order_reviews (view)
08:27:23.373786 [debug]: Finished analyzing [  0.00s] model olist_dataset.stg_products [success]
08:27:23.373806 [info ]:  Succeeded [  0.00s] model olist_dataset.stg_products (view)
08:27:23.373926 [debug]: Finished analyzing [  0.00s] model olist_dataset.stg_order_items [success]
08:27:23.373949 [info ]:  Succeeded [  0.00s] model olist_dataset.stg_order_items (view)
08:27:23.374333 [debug]: Compiled SQL for node model.olist_dbt.stg_customers at target\.lsp\compiled\olist_dbt\models\staging\stg_customers.sql
08:27:23.374335 [debug]: Finished analyzing [  0.00s] model olist_dataset.fct_monthly_sales [success]
08:27:23.374422 [info ]:  Succeeded [  0.00s] model olist_dataset.fct_monthly_sales (view)
08:27:23.374531 [debug]: Finished rendering [  0.00s] model olist_dataset.stg_customers [success]
08:27:23.374559 [info ]: Finished rendering [  0.00s] (9 nodes, 0 skipped, 0 errors)
08:27:23.374605 [debug]: Started analyzing model olist_dataset.stg_customers
08:27:23.375308 [debug]: Finished analyzing [  0.00s] model olist_dataset.stg_customers [success]
08:27:23.375391 [info ]:  Succeeded [  0.00s] model olist_dataset.stg_customers (view)
08:27:23.375451 [debug]: Finished analyzing [  0.00s] model olist_dataset.ct_order_details [success]
08:27:23.375474 [info ]:  Succeeded [  0.00s] model olist_dataset.ct_order_details (view)
08:27:23.377139 [debug]: Finished analyzing [  0.00s] model olist_dataset.dim_customers [success]
08:27:23.377191 [info ]: Finished analyzing [  0.00s] (9 nodes, 0 skipped, 0 errors)
08:27:23.377210 [info ]:  Succeeded [  0.01s] model olist_dataset.dim_customers (view)
08:27:23.382023 [info ]: Started scheduling
08:27:23.382100 [info ]: Finished scheduling [  0.00s]
08:27:23.382203 [info ]: 
==================== Execution Summary =====================
Finished 'compile' successfully for target 'dev' [71ms]
Processed: 9 models
Summary: 9 total | 9 success
08:27:23.382371 [info ]: Cached model count updated: 9 models (accurate)
==================== 2026-09-11T08:52:06.907470Z | 70073ead-61e1-4405-a716-4d15a1d98dbe ====================
08:52:06.907705 [info ]: Started loading project
08:52:06.909026 [info ]: Loading ~/.dbt/profiles.yml
==================== 2026-09-11T08:52:06.954236Z | be95ec40-6b0c-4716-8111-54b28099eab5 ====================
08:52:06.954276 [info ]: Started loading project
08:52:06.954958 [info ]: Loading ~/.dbt/profiles.yml
08:52:06.955124 [info ]: Finished loading project [  0.05s]
08:52:06.969303 [info ]:    Started resolving packages from packages.yml
08:52:06.971506 [info ]:   Finished [  0.00s] resolving packages from packages.yml
08:52:06.971569 [debug]:    Started loading packages
08:52:06.979842 [debug]:     Loaded [  0.01s] packages
08:52:06.981974 [info ]: Finished loading project [  0.03s]
08:52:06.982703 [info ]: Started parsing
08:52:07.044017 [debug]: Finished parsing models/schema.yml [  0.00s]
08:52:07.046576 [debug]: Finished parsing models/sources.yml [  0.00s]
08:52:07.052220 [debug]: Finished parsing models/marts/ct_order_details.sql [  0.00s]
08:52:07.052987 [debug]: Finished parsing models/marts/dim_customers.sql [  0.00s]
08:52:07.053779 [debug]: Finished parsing models/marts/fct_monthly_sales.sql [  0.00s]
08:52:07.054528 [debug]: Finished parsing models/staging/stg_customers.sql [  0.00s]
08:52:07.055300 [debug]: Finished parsing models/staging/stg_order_items.sql [  0.00s]
08:52:07.056094 [debug]: Finished parsing models/staging/stg_order_payments.sql [  0.00s]
08:52:07.056886 [debug]: Finished parsing models/staging/stg_order_reviews.sql [  0.00s]
08:52:07.057585 [debug]: Finished parsing models/staging/stg_orders.sql [  0.00s]
08:52:07.058286 [debug]: Finished parsing models/staging/stg_products.sql [  0.00s]
08:52:07.067608 [warn ]: [NoNodeForYamlKey (dbt1089)]: Unused schema.yml entry for model 'fct_order_details'
  --> models/schema.yml
08:52:07.193296 [info ]: Finished parsing [  0.21s]
08:52:07.194541 [info ]: Cached model count updated: 9 models (estimate)
08:52:07.194553 [info ]: Cached model count updated: 9 models (accurate)
08:52:07.194586 [info ]: Started scheduling
08:52:07.194644 [info ]: Finished scheduling [  0.00s]
08:52:07.194657 [debug]: Compilation - 0 nodes selected: {}
08:52:07.194677 [warn ]: [NoNodesForSelectionCriteria (dbt1092)]: The selection criterion '' does not match any enabled nodes
08:52:07.194688 [warn ]: [NoNodesSelected (dbt1601)]: Nothing to do. Try checking your model configs and model specification args
08:52:07.194697 [info ]: Started scheduling
08:52:07.194837 [info ]: Finished scheduling [  0.00s]
08:52:07.197276 [debug]: Initializing schema store with entry: Frontier(CanonicalFqn { catalog: "latihan-data-505310", schema: "olist_raw", table: "olist_customers_dataset" }) and interval: None
08:52:07.197328 [debug]: Initializing schema store with entry: Frontier(CanonicalFqn { catalog: "latihan-data-505310", schema: "olist_raw", table: "olist_order_reviews_dataset" }) and interval: None
08:52:07.197339 [debug]: Initializing schema store with entry: Frontier(CanonicalFqn { catalog: "latihan-data-505310", schema: "olist_raw", table: "olist_orders_dataset" }) and interval: None
08:52:07.197349 [debug]: Initializing schema store with entry: Frontier(CanonicalFqn { catalog: "latihan-data-505310", schema: "olist_raw", table: "olist_order_items_dataset" }) and interval: None
08:52:07.197357 [debug]: Initializing schema store with entry: Frontier(CanonicalFqn { catalog: "latihan-data-505310", schema: "olist_raw", table: "olist_products_dataset" }) and interval: None
08:52:07.197369 [debug]: Initializing schema store with entry: Frontier(CanonicalFqn { catalog: "latihan-data-505310", schema: "olist_raw", table: "olist_order_payments_dataset" }) and interval: None
08:52:07.200931 [info ]: Started building task graph
08:52:07.200961 [info ]: Finished building task graph [  0.00s]
08:52:07.209965 [info ]: Started scheduling
08:52:07.210031 [info ]: Finished scheduling [  0.00s]
08:52:07.210148 [info ]: 
==================== Execution Summary =====================
Finished 'compile' with 3 warnings for target 'dev' [255ms]
08:52:07.210195 [info ]: 
==================== Execution Summary =====================
Finished 'compile' successfully for target 'dev' [302ms]
08:52:07.225388 [info ]: Cached model count updated: 9 models (accurate)
==================== 2026-09-11T08:52:08.870385Z | ca78d705-a809-40ac-8f63-6d5706ae7842 ====================
08:52:08.870587 [info ]: Started loading project
08:52:08.871604 [info ]: Loading ~/.dbt/profiles.yml
08:52:08.910012 [info ]: Cached model count updated: 9 models (estimate)
08:52:08.910031 [info ]: Cached model count updated: 9 models (accurate)
08:52:08.910078 [info ]: Started scheduling
08:52:08.910213 [info ]: Finished scheduling [  0.00s]
08:52:08.910229 [debug]: Compilation - 9 nodes selected: {"model.olist_dbt.ct_order_details", "model.olist_dbt.dim_customers", "model.olist_dbt.fct_monthly_sales", "model.olist_dbt.stg_customers", "model.olist_dbt.stg_order_items", "model.olist_dbt.stg_order_payments", "model.olist_dbt.stg_order_reviews", "model.olist_dbt.stg_orders", "model.olist_dbt.stg_products"}
08:52:08.911706 [info ]: Started building task graph
08:52:08.911821 [info ]: Finished building task graph [  0.00s]
08:52:08.919035 [info ]: Started rendering (9 nodes)
08:52:08.919063 [info ]: Started model olist_dataset.fct_monthly_sales
08:52:08.919082 [debug]: Started rendering model olist_dataset.fct_monthly_sales
08:52:08.919111 [info ]: Started model olist_dataset.dim_customers
08:52:08.919118 [debug]: Started rendering model olist_dataset.dim_customers
08:52:08.919128 [info ]: Started model olist_dataset.ct_order_details
08:52:08.919141 [debug]: Started rendering model olist_dataset.ct_order_details
08:52:08.919153 [info ]: Started model olist_dataset.stg_products
08:52:08.919159 [debug]: Started rendering model olist_dataset.stg_products
08:52:08.919186 [info ]: Started model olist_dataset.stg_orders
08:52:08.919192 [debug]: Started rendering model olist_dataset.stg_orders
08:52:08.919204 [info ]: Finished loading project [  0.05s]
08:52:08.919216 [info ]: Started model olist_dataset.stg_order_reviews
08:52:08.919240 [debug]: Started rendering model olist_dataset.stg_order_reviews
08:52:08.919262 [info ]: Started model olist_dataset.stg_order_payments
08:52:08.919270 [debug]: Started rendering model olist_dataset.stg_order_payments
08:52:08.919281 [info ]: Started model olist_dataset.stg_order_items
08:52:08.919301 [debug]: Started rendering model olist_dataset.stg_order_items
08:52:08.919329 [info ]: Started model olist_dataset.stg_customers
08:52:08.919349 [debug]: Started rendering model olist_dataset.stg_customers
08:52:08.922696 [debug]: Compiled SQL for node model.olist_dbt.fct_monthly_sales at target\.lsp\compiled\olist_dbt\models\marts\fct_monthly_sales.sql
08:52:08.922943 [debug]: Finished rendering [  0.00s] model olist_dataset.fct_monthly_sales [success]
08:52:08.923062 [info ]: Started analyzing (9 nodes)
08:52:08.923083 [debug]: Started analyzing model olist_dataset.fct_monthly_sales
08:52:08.923410 [debug]: Compiled SQL for node model.olist_dbt.dim_customers at target\.lsp\compiled\olist_dbt\models\marts\dim_customers.sql
08:52:08.923461 [debug]: Compiled SQL for node model.olist_dbt.stg_order_reviews at target\.lsp\compiled\olist_dbt\models\staging\stg_order_reviews.sql
08:52:08.923652 [debug]: Finished rendering [  0.00s] model olist_dataset.dim_customers [success]
08:52:08.923784 [debug]: Started analyzing model olist_dataset.dim_customers
08:52:08.923793 [debug]: Compiled SQL for node model.olist_dbt.ct_order_details at target\.lsp\compiled\olist_dbt\models\marts\ct_order_details.sql
08:52:08.923840 [debug]: Finished rendering [  0.00s] model olist_dataset.stg_order_reviews [success]
08:52:08.923880 [debug]: Started analyzing model olist_dataset.stg_order_reviews
08:52:08.923996 [debug]: Finished rendering [  0.00s] model olist_dataset.ct_order_details [success]
08:52:08.924027 [debug]: Started analyzing model olist_dataset.ct_order_details
08:52:08.924026 [debug]: Compiled SQL for node model.olist_dbt.stg_customers at target\.lsp\compiled\olist_dbt\models\staging\stg_customers.sql
08:52:08.924356 [debug]: Finished rendering [  0.01s] model olist_dataset.stg_customers [success]
08:52:08.924403 [debug]: Started analyzing model olist_dataset.stg_customers
08:52:08.924595 [debug]: Compiled SQL for node model.olist_dbt.stg_orders at target\.lsp\compiled\olist_dbt\models\staging\stg_orders.sql
08:52:08.924635 [debug]: Compiled SQL for node model.olist_dbt.stg_products at target\.lsp\compiled\olist_dbt\models\staging\stg_products.sql
08:52:08.925215 [debug]: Finished rendering [  0.01s] model olist_dataset.stg_orders [success]
08:52:08.925310 [debug]: Compiled SQL for node model.olist_dbt.stg_order_payments at target\.lsp\compiled\olist_dbt\models\staging\stg_order_payments.sql
08:52:08.925425 [debug]: Started analyzing model olist_dataset.stg_orders
08:52:08.925488 [debug]: Finished rendering [  0.01s] model olist_dataset.stg_products [success]
08:52:08.925528 [debug]: Started analyzing model olist_dataset.stg_products
08:52:08.925567 [debug]: Finished analyzing [  0.00s] model olist_dataset.stg_order_reviews [success]
08:52:08.925599 [info ]:  Succeeded [  0.01s] model olist_dataset.stg_order_reviews (view)
08:52:08.925641 [debug]: Finished analyzing [  0.00s] model olist_dataset.stg_customers [success]
08:52:08.925662 [info ]:  Succeeded [  0.01s] model olist_dataset.stg_customers (view)
08:52:08.925690 [debug]: Finished rendering [  0.01s] model olist_dataset.stg_order_payments [success]
08:52:08.925714 [debug]: Started analyzing model olist_dataset.stg_order_payments
08:52:08.925923 [debug]: Finished analyzing [  0.00s] model olist_dataset.stg_orders [success]
08:52:08.925946 [info ]:  Succeeded [  0.01s] model olist_dataset.stg_orders (view)
08:52:08.926005 [debug]: Finished analyzing [  0.00s] model olist_dataset.stg_order_payments [success]
08:52:08.926027 [info ]:  Succeeded [  0.01s] model olist_dataset.stg_order_payments (view)
08:52:08.926062 [debug]: Finished analyzing [  0.00s] model olist_dataset.stg_products [success]
08:52:08.926083 [info ]:  Succeeded [  0.01s] model olist_dataset.stg_products (view)
08:52:08.926527 [debug]: Finished analyzing [  0.00s] model olist_dataset.fct_monthly_sales [success]
08:52:08.926555 [info ]:  Succeeded [  0.01s] model olist_dataset.fct_monthly_sales (view)
08:52:08.926856 [debug]: Compiled SQL for node model.olist_dbt.stg_order_items at target\.lsp\compiled\olist_dbt\models\staging\stg_order_items.sql
08:52:08.926934 [debug]: Finished analyzing [  0.00s] model olist_dataset.ct_order_details [success]
08:52:08.926957 [info ]:  Succeeded [  0.01s] model olist_dataset.ct_order_details (view)
08:52:08.927030 [debug]: Finished rendering [  0.01s] model olist_dataset.stg_order_items [success]
08:52:08.927054 [info ]: Finished rendering [  0.01s] (9 nodes, 0 skipped, 0 errors)
08:52:08.927090 [debug]: Started analyzing model olist_dataset.stg_order_items
08:52:08.927307 [debug]: Finished analyzing [  0.00s] model olist_dataset.stg_order_items [success]
08:52:08.927321 [info ]:  Succeeded [  0.01s] model olist_dataset.stg_order_items (view)
08:52:08.927626 [debug]: Finished analyzing [  0.00s] model olist_dataset.dim_customers [success]
08:52:08.927640 [info ]: Finished analyzing [  0.00s] (9 nodes, 0 skipped, 0 errors)
08:52:08.927650 [info ]:  Succeeded [  0.01s] model olist_dataset.dim_customers (view)
08:52:08.931250 [info ]: Started scheduling
08:52:08.931326 [info ]: Finished scheduling [  0.00s]
08:52:08.931400 [info ]: 
==================== Execution Summary =====================
Finished 'compile' successfully for target 'dev' [61ms]
Processed: 9 models
Summary: 9 total | 9 success
08:52:08.931497 [info ]: Cached model count updated: 9 models (accurate)
==================== 2026-09-11T08:52:15.789220Z | 3a335a45-c8a3-43a0-8fdd-6ddfb65b65c4 ====================
08:52:15.789289 [info ]: Started loading project
08:52:15.790059 [info ]: Loading ~/.dbt/profiles.yml
==================== 2026-09-11T08:52:15.802138Z | 59ab9554-a3fd-49c7-aed5-abcc05ee5994 ====================
08:52:15.802177 [info ]: Started loading project
08:52:15.802842 [info ]: Loading ~/.dbt/profiles.yml
08:52:15.802934 [info ]: Finished loading project [  0.01s]
08:52:15.815697 [info ]:    Started resolving packages from packages.yml
08:52:16.136952 [info ]:   Finished [  0.32s] resolving packages from packages.yml (1 items)
08:52:16.138179 [info ]: Auto installing dependencies while running `dbt compile`. To ensure dependencies are cached, run `dbt deps` to initialize a valid package-lock.yml.
08:52:16.138297 [info ]: Installing packages
08:52:16.150419 [info ]: Installing dbt-labs/dbt_utils
08:52:16.689717 [info ]:  Installed dbt-labs/dbt_utils: 1.1.1
08:52:16.689832 [info ]:  Installed 1 package
08:52:16.689845 [info ]: Updated version available for dbt_utils@1.1.1: 1.4.1
08:52:16.690937 [debug]:    Started loading packages
08:52:16.722122 [debug]:     Loaded [  0.03s] packages
08:52:16.723233 [info ]: Finished loading project [  0.92s]
08:52:16.723565 [info ]: Started parsing
08:52:16.808689 [debug]: Finished parsing models/schema.yml [  0.00s]
08:52:16.809848 [debug]: Finished parsing models/sources.yml [  0.00s]
08:52:16.817610 [debug]: Finished parsing models/marts/ct_order_details.sql [  0.00s]
08:52:16.819584 [debug]: Finished parsing models/marts/dim_customers.sql [  0.00s]
08:52:16.822230 [debug]: Finished parsing models/marts/fct_monthly_sales.sql [  0.00s]
08:52:16.824922 [debug]: Finished parsing models/staging/stg_customers.sql [  0.00s]
08:52:16.827123 [debug]: Finished parsing models/staging/stg_order_items.sql [  0.00s]
08:52:16.829022 [debug]: Finished parsing models/staging/stg_order_payments.sql [  0.00s]
08:52:16.833134 [debug]: Finished parsing models/staging/stg_order_reviews.sql [  0.00s]
08:52:16.835817 [debug]: Finished parsing models/staging/stg_orders.sql [  0.00s]
08:52:16.839068 [debug]: Finished parsing models/staging/stg_products.sql [  0.00s]
08:52:16.869492 [warn ]: [NoNodeForYamlKey (dbt1089)]: Unused schema.yml entry for model 'fct_order_details'
  --> models/schema.yml
08:52:17.454202 [info ]: Finished parsing [  0.73s]
08:52:17.455622 [info ]: Cached model count updated: 9 models (estimate)
08:52:17.455645 [info ]: Cached model count updated: 9 models (accurate)
08:52:17.455697 [info ]: Started scheduling
08:52:17.455759 [info ]: Finished scheduling [  0.00s]
08:52:17.455776 [debug]: Compilation - 0 nodes selected: {}
08:52:17.455796 [warn ]: [NoNodesForSelectionCriteria (dbt1092)]: The selection criterion '' does not match any enabled nodes
08:52:17.455813 [warn ]: [NoNodesSelected (dbt1601)]: Nothing to do. Try checking your model configs and model specification args
08:52:17.455822 [info ]: Started scheduling
08:52:17.455940 [info ]: Finished scheduling [  0.00s]
08:52:17.456197 [debug]: Initializing schema store with entry: Frontier(CanonicalFqn { catalog: "latihan-data-505310", schema: "olist_raw", table: "olist_order_payments_dataset" }) and interval: None
08:52:17.456209 [debug]: Initializing schema store with entry: Frontier(CanonicalFqn { catalog: "latihan-data-505310", schema: "olist_raw", table: "olist_order_items_dataset" }) and interval: None
08:52:17.456214 [debug]: Initializing schema store with entry: Frontier(CanonicalFqn { catalog: "latihan-data-505310", schema: "olist_raw", table: "olist_customers_dataset" }) and interval: None
08:52:17.456218 [debug]: Initializing schema store with entry: Frontier(CanonicalFqn { catalog: "latihan-data-505310", schema: "olist_raw", table: "olist_order_reviews_dataset" }) and interval: None
08:52:17.456222 [debug]: Initializing schema store with entry: Frontier(CanonicalFqn { catalog: "latihan-data-505310", schema: "olist_raw", table: "olist_products_dataset" }) and interval: None
08:52:17.456225 [debug]: Initializing schema store with entry: Frontier(CanonicalFqn { catalog: "latihan-data-505310", schema: "olist_raw", table: "olist_orders_dataset" }) and interval: None
08:52:17.527229 [info ]: Started building task graph
08:52:17.527273 [info ]: Finished building task graph [  0.00s]
08:52:17.560488 [info ]: Started scheduling
08:52:17.560594 [info ]: Finished scheduling [  0.00s]
08:52:17.560828 [info ]: 
==================== Execution Summary =====================
Finished 'compile' with 3 warnings for target 'dev' [1.8s]
08:52:17.560922 [info ]: 
==================== Execution Summary =====================
Finished 'compile' successfully for target 'dev' [1.8s]
08:52:17.561017 [info ]: Cached model count updated: 9 models (accurate)
==================== 2026-09-11T08:52:19.206370Z | f368235f-7f91-4c8b-a747-5e53b75a208f ====================
08:52:19.206609 [info ]: Started loading project
08:52:19.208547 [info ]: Loading ~/.dbt/profiles.yml
08:52:19.279908 [info ]: Cached model count updated: 9 models (estimate)
08:52:19.279955 [info ]: Cached model count updated: 9 models (accurate)
08:52:19.280054 [info ]: Started scheduling
08:52:19.280287 [info ]: Finished scheduling [  0.00s]
08:52:19.280321 [debug]: Compilation - 9 nodes selected: {"model.olist_dbt.ct_order_details", "model.olist_dbt.dim_customers", "model.olist_dbt.fct_monthly_sales", "model.olist_dbt.stg_customers", "model.olist_dbt.stg_order_items", "model.olist_dbt.stg_order_payments", "model.olist_dbt.stg_order_reviews", "model.olist_dbt.stg_orders", "model.olist_dbt.stg_products"}
08:52:19.337864 [info ]: Started building task graph
08:52:19.337984 [info ]: Finished building task graph [  0.00s]
08:52:19.350395 [info ]: Started rendering (9 nodes)
08:52:19.350445 [info ]: Started model olist_dataset.fct_monthly_sales
08:52:19.350459 [debug]: Started rendering model olist_dataset.fct_monthly_sales
08:52:19.350508 [info ]: Started model olist_dataset.dim_customers
08:52:19.350520 [debug]: Started rendering model olist_dataset.dim_customers
08:52:19.350529 [info ]: Finished loading project [  0.14s]
08:52:19.350539 [info ]: Started model olist_dataset.ct_order_details
08:52:19.350580 [debug]: Started rendering model olist_dataset.ct_order_details
08:52:19.350641 [info ]: Started model olist_dataset.stg_products
08:52:19.350669 [debug]: Started rendering model olist_dataset.stg_products
08:52:19.350728 [info ]: Started model olist_dataset.stg_orders
08:52:19.350969 [debug]: Started rendering model olist_dataset.stg_orders
08:52:19.351005 [info ]: Started model olist_dataset.stg_order_reviews
08:52:19.351021 [debug]: Started rendering model olist_dataset.stg_order_reviews
08:52:19.351043 [info ]: Started model olist_dataset.stg_order_payments
08:52:19.351051 [debug]: Started rendering model olist_dataset.stg_order_payments
08:52:19.351071 [info ]: Started model olist_dataset.stg_order_items
08:52:19.351085 [debug]: Started rendering model olist_dataset.stg_order_items
08:52:19.351263 [info ]: Started model olist_dataset.stg_customers
08:52:19.351329 [debug]: Started rendering model olist_dataset.stg_customers
08:52:19.354501 [debug]: Compiled SQL for node model.olist_dbt.dim_customers at target\.lsp\compiled\olist_dbt\models\marts\dim_customers.sql
08:52:19.354542 [debug]: Compiled SQL for node model.olist_dbt.stg_products at target\.lsp\compiled\olist_dbt\models\staging\stg_products.sql
08:52:19.354823 [debug]: Finished rendering [  0.00s] model olist_dataset.stg_products [success]
08:52:19.354889 [info ]: Started analyzing (9 nodes)
08:52:19.354908 [debug]: Started analyzing model olist_dataset.stg_products
08:52:19.354917 [debug]: Compiled SQL for node model.olist_dbt.ct_order_details at target\.lsp\compiled\olist_dbt\models\marts\ct_order_details.sql
08:52:19.354961 [debug]: Finished rendering [  0.00s] model olist_dataset.dim_customers [success]
08:52:19.354984 [debug]: Started analyzing model olist_dataset.dim_customers
08:52:19.355092 [debug]: Finished rendering [  0.00s] model olist_dataset.ct_order_details [success]
08:52:19.355130 [debug]: Started analyzing model olist_dataset.ct_order_details
08:52:19.355326 [debug]: Compiled SQL for node model.olist_dbt.fct_monthly_sales at target\.lsp\compiled\olist_dbt\models\marts\fct_monthly_sales.sql
08:52:19.355628 [debug]: Finished rendering [  0.01s] model olist_dataset.fct_monthly_sales [success]
08:52:19.355702 [debug]: Started analyzing model olist_dataset.fct_monthly_sales
08:52:19.355713 [debug]: Compiled SQL for node model.olist_dbt.stg_order_items at target\.lsp\compiled\olist_dbt\models\staging\stg_order_items.sql
08:52:19.355823 [debug]: Finished analyzing [  0.00s] model olist_dataset.stg_products [success]
08:52:19.355858 [info ]:  Succeeded [  0.00s] model olist_dataset.stg_products (view)
08:52:19.355934 [debug]: Finished rendering [  0.00s] model olist_dataset.stg_order_items [success]
08:52:19.355966 [debug]: Started analyzing model olist_dataset.stg_order_items
08:52:19.356235 [debug]: Compiled SQL for node model.olist_dbt.stg_orders at target\.lsp\compiled\olist_dbt\models\staging\stg_orders.sql
08:52:19.356235 [debug]: Compiled SQL for node model.olist_dbt.stg_order_payments at target\.lsp\compiled\olist_dbt\models\staging\stg_order_payments.sql
08:52:19.356293 [debug]: Finished analyzing [  0.00s] model olist_dataset.stg_order_items [success]
08:52:19.356324 [info ]:  Succeeded [  0.00s] model olist_dataset.stg_order_items (view)
08:52:19.356399 [debug]: Compiled SQL for node model.olist_dbt.stg_customers at target\.lsp\compiled\olist_dbt\models\staging\stg_customers.sql
08:52:19.356430 [debug]: Finished rendering [  0.01s] model olist_dataset.stg_orders [success]
08:52:19.356468 [debug]: Started analyzing model olist_dataset.stg_orders
08:52:19.356512 [debug]: Finished rendering [  0.01s] model olist_dataset.stg_order_payments [success]
08:52:19.356534 [debug]: Started analyzing model olist_dataset.stg_order_payments
08:52:19.356674 [debug]: Finished rendering [  0.01s] model olist_dataset.stg_customers [success]
08:52:19.356721 [debug]: Started analyzing model olist_dataset.stg_customers
08:52:19.356898 [debug]: Finished analyzing [  0.00s] model olist_dataset.stg_orders [success]
08:52:19.356922 [info ]:  Succeeded [  0.01s] model olist_dataset.stg_orders (view)
08:52:19.356961 [debug]: Finished analyzing [  0.00s] model olist_dataset.fct_monthly_sales [success]
08:52:19.356978 [info ]:  Succeeded [  0.01s] model olist_dataset.fct_monthly_sales (view)
08:52:19.357021 [debug]: Finished analyzing [  0.00s] model olist_dataset.stg_order_payments [success]
08:52:19.357039 [info ]:  Succeeded [  0.01s] model olist_dataset.stg_order_payments (view)
08:52:19.357058 [debug]: Finished analyzing [  0.00s] model olist_dataset.stg_customers [success]
08:52:19.357079 [info ]:  Succeeded [  0.01s] model olist_dataset.stg_customers (view)
08:52:19.357644 [debug]: Compiled SQL for node model.olist_dbt.stg_order_reviews at target\.lsp\compiled\olist_dbt\models\staging\stg_order_reviews.sql
08:52:19.357770 [debug]: Finished analyzing [  0.00s] model olist_dataset.ct_order_details [success]
08:52:19.357805 [info ]:  Succeeded [  0.01s] model olist_dataset.ct_order_details (view)
08:52:19.357848 [debug]: Finished rendering [  0.01s] model olist_dataset.stg_order_reviews [success]
08:52:19.357865 [info ]: Finished rendering [  0.01s] (9 nodes, 0 skipped, 0 errors)
08:52:19.357922 [debug]: Started analyzing model olist_dataset.stg_order_reviews
08:52:19.358296 [debug]: Finished analyzing [  0.00s] model olist_dataset.stg_order_reviews [success]
08:52:19.358320 [info ]:  Succeeded [  0.01s] model olist_dataset.stg_order_reviews (view)
08:52:19.358412 [debug]: Finished analyzing [  0.00s] model olist_dataset.dim_customers [success]
08:52:19.358425 [info ]: Finished analyzing [  0.00s] (9 nodes, 0 skipped, 0 errors)
08:52:19.358433 [info ]:  Succeeded [  0.01s] model olist_dataset.dim_customers (view)
08:52:19.362844 [info ]: Started scheduling
08:52:19.363230 [info ]: Finished scheduling [  0.00s]
08:52:19.363589 [info ]: 
==================== Execution Summary =====================
Finished 'compile' successfully for target 'dev' [157ms]
Processed: 9 models
Summary: 9 total | 9 success
08:52:19.365202 [info ]: Cached model count updated: 9 models (accurate)
==================== 2026-09-11T08:53:02.456076Z | 989eee92-02fc-4841-b399-fcb591acf704 ====================
08:53:02.456168 [info ]: Started loading project
08:53:02.456980 [info ]: Loading ~/.dbt/profiles.yml
==================== 2026-09-11T08:53:02.469858Z | a07ea26b-8cd1-49ec-89f6-25a682c06ecd ====================
08:53:02.469904 [info ]: Started loading project
08:53:02.470582 [info ]: Loading ~/.dbt/profiles.yml
08:53:02.470682 [info ]: Finished loading project [  0.01s]
08:53:02.482998 [info ]:    Started resolving packages from packages.yml
08:53:02.576425 [info ]:   Finished [  0.09s] resolving packages from packages.yml (1 items)
08:53:02.576971 [debug]:    Started loading packages
08:53:02.611490 [debug]:     Loaded [  0.03s] packages
08:53:02.612956 [info ]: Finished loading project [  0.14s]
08:53:02.613398 [info ]: Started parsing
08:53:02.686595 [debug]: Finished parsing models/schema.yml [  0.00s]
08:53:02.686964 [debug]: Finished parsing models/sources.yml [  0.00s]
08:53:02.689884 [debug]: Finished parsing models/marts/ct_order_details.sql [  0.00s]
08:53:02.690889 [debug]: Finished parsing models/marts/dim_customers.sql [  0.00s]
08:53:02.691997 [debug]: Finished parsing models/marts/fct_monthly_sales.sql [  0.00s]
08:53:02.692788 [debug]: Finished parsing models/staging/stg_customers.sql [  0.00s]
08:53:02.693461 [debug]: Finished parsing models/staging/stg_order_items.sql [  0.00s]
08:53:02.694142 [debug]: Finished parsing models/staging/stg_order_payments.sql [  0.00s]
08:53:02.694861 [debug]: Finished parsing models/staging/stg_order_reviews.sql [  0.00s]
08:53:02.695771 [debug]: Finished parsing models/staging/stg_orders.sql [  0.00s]
08:53:02.696823 [debug]: Finished parsing models/staging/stg_products.sql [  0.00s]
08:53:02.703245 [warn ]: [NoNodeForYamlKey (dbt1089)]: Unused schema.yml entry for model 'fct_order_details'
  --> models/schema.yml
08:53:02.876365 [info ]: Finished parsing [  0.26s]
08:53:02.878910 [info ]: Cached model count updated: 9 models (estimate)
08:53:02.878963 [info ]: Cached model count updated: 9 models (accurate)
08:53:02.879069 [info ]: Started scheduling
08:53:02.879230 [info ]: Finished scheduling [  0.00s]
08:53:02.879266 [debug]: Compilation - 0 nodes selected: {}
08:53:02.879326 [warn ]: [NoNodesForSelectionCriteria (dbt1092)]: The selection criterion '' does not match any enabled nodes
08:53:02.879392 [warn ]: [NoNodesSelected (dbt1601)]: Nothing to do. Try checking your model configs and model specification args
08:53:02.879415 [info ]: Started scheduling
08:53:02.881325 [info ]: Finished scheduling [  0.00s]
08:53:02.882229 [debug]: Initializing schema store with entry: Frontier(CanonicalFqn { catalog: "latihan-data-505310", schema: "olist_raw", table: "olist_order_reviews_dataset" }) and interval: None
08:53:02.882274 [debug]: Initializing schema store with entry: Frontier(CanonicalFqn { catalog: "latihan-data-505310", schema: "olist_raw", table: "olist_orders_dataset" }) and interval: None
08:53:02.882284 [debug]: Initializing schema store with entry: Frontier(CanonicalFqn { catalog: "latihan-data-505310", schema: "olist_raw", table: "olist_order_payments_dataset" }) and interval: None
08:53:02.882291 [debug]: Initializing schema store with entry: Frontier(CanonicalFqn { catalog: "latihan-data-505310", schema: "olist_raw", table: "olist_order_items_dataset" }) and interval: None
08:53:02.882299 [debug]: Initializing schema store with entry: Frontier(CanonicalFqn { catalog: "latihan-data-505310", schema: "olist_raw", table: "olist_products_dataset" }) and interval: None
08:53:02.882312 [debug]: Initializing schema store with entry: Frontier(CanonicalFqn { catalog: "latihan-data-505310", schema: "olist_raw", table: "olist_customers_dataset" }) and interval: None
08:53:03.001585 [info ]: Started building task graph
08:53:03.001643 [info ]: Finished building task graph [  0.00s]
08:53:03.021050 [info ]: Started scheduling
08:53:03.021121 [info ]: Finished scheduling [  0.00s]
08:53:03.021275 [info ]: 
==================== Execution Summary =====================
Finished 'compile' with 3 warnings for target 'dev' [551ms]
08:53:03.021328 [info ]: 
==================== Execution Summary =====================
Finished 'compile' successfully for target 'dev' [565ms]
08:53:03.021386 [info ]: Cached model count updated: 9 models (accurate)
==================== 2026-09-11T08:53:04.644413Z | 396781f8-f51f-4123-a537-4e7dae0e4bfa ====================
08:53:04.644612 [info ]: Started loading project
08:53:04.645486 [info ]: Loading ~/.dbt/profiles.yml
08:53:04.680382 [info ]: Cached model count updated: 9 models (estimate)
08:53:04.680400 [info ]: Cached model count updated: 9 models (accurate)
08:53:04.680436 [info ]: Started scheduling
08:53:04.680576 [info ]: Finished scheduling [  0.00s]
08:53:04.680594 [debug]: Compilation - 9 nodes selected: {"model.olist_dbt.ct_order_details", "model.olist_dbt.dim_customers", "model.olist_dbt.fct_monthly_sales", "model.olist_dbt.stg_customers", "model.olist_dbt.stg_order_items", "model.olist_dbt.stg_order_payments", "model.olist_dbt.stg_order_reviews", "model.olist_dbt.stg_orders", "model.olist_dbt.stg_products"}
08:53:04.724583 [info ]: Started building task graph
08:53:04.724700 [info ]: Finished building task graph [  0.00s]
08:53:04.735009 [info ]: Started rendering (9 nodes)
08:53:04.735033 [info ]: Started model olist_dataset.fct_monthly_sales
08:53:04.735043 [debug]: Started rendering model olist_dataset.fct_monthly_sales
08:53:04.735068 [info ]: Started model olist_dataset.dim_customers
08:53:04.735074 [debug]: Started rendering model olist_dataset.dim_customers
08:53:04.735093 [info ]: Started model olist_dataset.ct_order_details
08:53:04.735102 [debug]: Started rendering model olist_dataset.ct_order_details
08:53:04.735114 [info ]: Started model olist_dataset.stg_products
08:53:04.735136 [debug]: Started rendering model olist_dataset.stg_products
08:53:04.735147 [info ]: Started model olist_dataset.stg_orders
08:53:04.735157 [info ]: Finished loading project [  0.09s]
08:53:04.735213 [debug]: Started rendering model olist_dataset.stg_orders
08:53:04.735264 [info ]: Started model olist_dataset.stg_order_reviews
08:53:04.735294 [debug]: Started rendering model olist_dataset.stg_order_reviews
08:53:04.735325 [info ]: Started model olist_dataset.stg_order_payments
08:53:04.735349 [debug]: Started rendering model olist_dataset.stg_order_payments
08:53:04.735386 [info ]: Started model olist_dataset.stg_order_items
08:53:04.735419 [debug]: Started rendering model olist_dataset.stg_order_items
08:53:04.735466 [info ]: Started model olist_dataset.stg_customers
08:53:04.735478 [debug]: Started rendering model olist_dataset.stg_customers
08:53:04.738913 [debug]: Compiled SQL for node model.olist_dbt.dim_customers at target\.lsp\compiled\olist_dbt\models\marts\dim_customers.sql
08:53:04.739212 [debug]: Finished rendering [  0.00s] model olist_dataset.dim_customers [success]
08:53:04.739287 [info ]: Started analyzing (9 nodes)
08:53:04.739308 [debug]: Started analyzing model olist_dataset.dim_customers
08:53:04.739327 [debug]: Compiled SQL for node model.olist_dbt.fct_monthly_sales at target\.lsp\compiled\olist_dbt\models\marts\fct_monthly_sales.sql
08:53:04.739555 [debug]: Finished rendering [  0.00s] model olist_dataset.fct_monthly_sales [success]
08:53:04.739602 [debug]: Started analyzing model olist_dataset.fct_monthly_sales
08:53:04.739971 [debug]: Compiled SQL for node model.olist_dbt.ct_order_details at target\.lsp\compiled\olist_dbt\models\marts\ct_order_details.sql
08:53:04.740312 [debug]: Finished rendering [  0.01s] model olist_dataset.ct_order_details [success]
08:53:04.740378 [debug]: Started analyzing model olist_dataset.ct_order_details
08:53:04.740712 [debug]: Compiled SQL for node model.olist_dbt.stg_order_reviews at target\.lsp\compiled\olist_dbt\models\staging\stg_order_reviews.sql
08:53:04.740929 [debug]: Compiled SQL for node model.olist_dbt.stg_products at target\.lsp\compiled\olist_dbt\models\staging\stg_products.sql
08:53:04.741130 [debug]: Compiled SQL for node model.olist_dbt.stg_orders at target\.lsp\compiled\olist_dbt\models\staging\stg_orders.sql
08:53:04.741209 [debug]: Finished analyzing [  0.00s] model olist_dataset.fct_monthly_sales [success]
08:53:04.741229 [debug]: Compiled SQL for node model.olist_dbt.stg_order_payments at target\.lsp\compiled\olist_dbt\models\staging\stg_order_payments.sql
08:53:04.741249 [info ]:  Succeeded [  0.01s] model olist_dataset.fct_monthly_sales (view)
08:53:04.741351 [debug]: Finished rendering [  0.01s] model olist_dataset.stg_products [success]
08:53:04.741400 [debug]: Started analyzing model olist_dataset.stg_products
08:53:04.741438 [debug]: Finished rendering [  0.01s] model olist_dataset.stg_order_reviews [success]
08:53:04.741463 [debug]: Started analyzing model olist_dataset.stg_order_reviews
08:53:04.741495 [debug]: Finished rendering [  0.01s] model olist_dataset.stg_orders [success]
08:53:04.741514 [debug]: Started analyzing model olist_dataset.stg_orders
08:53:04.741534 [debug]: Finished rendering [  0.01s] model olist_dataset.stg_order_payments [success]
08:53:04.741550 [debug]: Started analyzing model olist_dataset.stg_order_payments
08:53:04.741717 [debug]: Compiled SQL for node model.olist_dbt.stg_order_items at target\.lsp\compiled\olist_dbt\models\staging\stg_order_items.sql
08:53:04.741867 [debug]: Finished analyzing [  0.00s] model olist_dataset.stg_order_reviews [success]
08:53:04.741897 [info ]:  Succeeded [  0.01s] model olist_dataset.stg_order_reviews (view)
08:53:04.741941 [debug]: Finished analyzing [  0.00s] model olist_dataset.stg_orders [success]
08:53:04.741957 [info ]:  Succeeded [  0.01s] model olist_dataset.stg_orders (view)
08:53:04.742020 [debug]: Finished analyzing [  0.00s] model olist_dataset.stg_order_payments [success]
08:53:04.742046 [info ]:  Succeeded [  0.01s] model olist_dataset.stg_order_payments (view)
08:53:04.742092 [debug]: Finished rendering [  0.01s] model olist_dataset.stg_order_items [success]
08:53:04.742129 [debug]: Started analyzing model olist_dataset.stg_order_items
08:53:04.742397 [debug]: Finished analyzing [  0.00s] model olist_dataset.stg_products [success]
08:53:04.742434 [info ]:  Succeeded [  0.01s] model olist_dataset.stg_products (view)
08:53:04.742477 [debug]: Finished analyzing [  0.00s] model olist_dataset.stg_order_items [success]
08:53:04.742494 [info ]:  Succeeded [  0.01s] model olist_dataset.stg_order_items (view)
08:53:04.742596 [debug]: Finished analyzing [  0.00s] model olist_dataset.ct_order_details [success]
08:53:04.742618 [info ]:  Succeeded [  0.01s] model olist_dataset.ct_order_details (view)
08:53:04.743248 [debug]: Finished analyzing [  0.00s] model olist_dataset.dim_customers [success]
08:53:04.743275 [info ]:  Succeeded [  0.01s] model olist_dataset.dim_customers (view)
08:53:04.743589 [debug]: Compiled SQL for node model.olist_dbt.stg_customers at target\.lsp\compiled\olist_dbt\models\staging\stg_customers.sql
08:53:04.743807 [debug]: Finished rendering [  0.01s] model olist_dataset.stg_customers [success]
08:53:04.743829 [info ]: Finished rendering [  0.01s] (9 nodes, 0 skipped, 0 errors)
08:53:04.743858 [debug]: Started analyzing model olist_dataset.stg_customers
08:53:04.744058 [debug]: Finished analyzing [  0.00s] model olist_dataset.stg_customers [success]
08:53:04.744070 [info ]: Finished analyzing [  0.00s] (9 nodes, 0 skipped, 0 errors)
08:53:04.744079 [info ]:  Succeeded [  0.01s] model olist_dataset.stg_customers (view)
08:53:04.747667 [info ]: Started scheduling
08:53:04.747730 [info ]: Finished scheduling [  0.00s]
08:53:04.747872 [info ]: 
==================== Execution Summary =====================
Finished 'compile' successfully for target 'dev' [103ms]
Processed: 9 models
Summary: 9 total | 9 success
08:53:04.748327 [info ]: Cached model count updated: 9 models (accurate)
==================== 2026-09-11T08:56:43.148149Z | c5ac041d-7c0a-4098-a7b5-8101a5b9f863 ====================
08:56:43.148411 [info ]: Started loading project
08:56:43.150053 [info ]: Loading ~/.dbt/profiles.yml
==================== 2026-09-11T08:56:43.169925Z | 7826fe53-70d6-433f-b210-35ae69437b0e ====================
08:56:43.170033 [info ]: Started loading project
08:56:43.171158 [info ]: Loading ~/.dbt/profiles.yml
08:56:43.171357 [info ]: Finished loading project [  0.02s]
08:56:43.179848 [info ]:    Started resolving packages from packages.yml
08:56:43.382053 [info ]:   Finished [  0.20s] resolving packages from packages.yml (1 items)
08:56:43.382919 [debug]:    Started loading packages
08:56:43.429901 [debug]:     Loaded [  0.05s] packages
08:56:43.430972 [info ]: Finished loading project [  0.26s]
08:56:43.431275 [info ]: Started parsing
08:56:43.509782 [debug]: Finished parsing models/schema.yml [  0.00s]
08:56:43.510846 [debug]: Finished parsing models/sources.yml [  0.00s]
08:56:43.514680 [debug]: Finished parsing models/marts/ct_order_details.sql [  0.00s]
08:56:43.516607 [debug]: Finished parsing models/marts/dim_customers.sql [  0.00s]
08:56:43.518010 [debug]: Finished parsing models/marts/fct_monthly_sales.sql [  0.00s]
08:56:43.519070 [debug]: Finished parsing models/staging/stg_customers.sql [  0.00s]
08:56:43.520153 [debug]: Finished parsing models/staging/stg_order_items.sql [  0.00s]
08:56:43.521021 [debug]: Finished parsing models/staging/stg_order_payments.sql [  0.00s]
08:56:43.521820 [debug]: Finished parsing models/staging/stg_order_reviews.sql [  0.00s]
08:56:43.522636 [debug]: Finished parsing models/staging/stg_orders.sql [  0.00s]
08:56:43.523927 [debug]: Finished parsing models/staging/stg_products.sql [  0.00s]
08:56:43.531010 [warn ]: [NoNodeForYamlKey (dbt1089)]: Unused schema.yml entry for model 'fct_order_details'
  --> models/schema.yml
08:56:43.699676 [info ]: Finished parsing [  0.27s]
08:56:43.700947 [info ]: Cached model count updated: 9 models (estimate)
08:56:43.700959 [info ]: Cached model count updated: 9 models (accurate)
08:56:43.701001 [info ]: Started scheduling
08:56:43.701055 [info ]: Finished scheduling [  0.00s]
08:56:43.701067 [debug]: Compilation - 0 nodes selected: {}
08:56:43.701086 [warn ]: [NoNodesForSelectionCriteria (dbt1092)]: The selection criterion '' does not match any enabled nodes
08:56:43.701098 [warn ]: [NoNodesSelected (dbt1601)]: Nothing to do. Try checking your model configs and model specification args
08:56:43.701109 [info ]: Started scheduling
08:56:43.701225 [info ]: Finished scheduling [  0.00s]
08:56:43.701465 [debug]: Initializing schema store with entry: Frontier(CanonicalFqn { catalog: "latihan-data-505310", schema: "olist_raw", table: "olist_order_items_dataset" }) and interval: None
08:56:43.701476 [debug]: Initializing schema store with entry: Frontier(CanonicalFqn { catalog: "latihan-data-505310", schema: "olist_raw", table: "olist_products_dataset" }) and interval: None
08:56:43.701482 [debug]: Initializing schema store with entry: Frontier(CanonicalFqn { catalog: "latihan-data-505310", schema: "olist_raw", table: "olist_order_payments_dataset" }) and interval: None
08:56:43.701487 [debug]: Initializing schema store with entry: Frontier(CanonicalFqn { catalog: "latihan-data-505310", schema: "olist_raw", table: "olist_customers_dataset" }) and interval: None
08:56:43.701503 [debug]: Initializing schema store with entry: Frontier(CanonicalFqn { catalog: "latihan-data-505310", schema: "olist_raw", table: "olist_orders_dataset" }) and interval: None
08:56:43.701508 [debug]: Initializing schema store with entry: Frontier(CanonicalFqn { catalog: "latihan-data-505310", schema: "olist_raw", table: "olist_order_reviews_dataset" }) and interval: None
08:56:43.768274 [info ]: Started building task graph
08:56:43.768305 [info ]: Finished building task graph [  0.00s]
08:56:43.787375 [info ]: Started scheduling
08:56:43.787492 [info ]: Finished scheduling [  0.00s]
08:56:43.787671 [info ]: 
==================== Execution Summary =====================
Finished 'compile' with 3 warnings for target 'dev' [617ms]
08:56:43.787720 [info ]: 
==================== Execution Summary =====================
Finished 'compile' successfully for target 'dev' [639ms]
08:56:43.787764 [info ]: Cached model count updated: 9 models (accurate)
==================== 2026-09-11T08:56:45.719100Z | b27d303d-f0ba-4c65-bb79-f6c976b76be1 ====================
08:56:45.719150 [info ]: Started loading project
08:56:45.719811 [info ]: Loading ~/.dbt/profiles.yml
08:56:45.758454 [info ]: Cached model count updated: 9 models (estimate)
08:56:45.758471 [info ]: Cached model count updated: 9 models (accurate)
08:56:45.758509 [info ]: Started scheduling
08:56:45.758630 [info ]: Finished scheduling [  0.00s]
08:56:45.758646 [debug]: Compilation - 9 nodes selected: {"model.olist_dbt.ct_order_details", "model.olist_dbt.dim_customers", "model.olist_dbt.fct_monthly_sales", "model.olist_dbt.stg_customers", "model.olist_dbt.stg_order_items", "model.olist_dbt.stg_order_payments", "model.olist_dbt.stg_order_reviews", "model.olist_dbt.stg_orders", "model.olist_dbt.stg_products"}
08:56:45.813707 [info ]: Started building task graph
08:56:45.813814 [info ]: Finished building task graph [  0.00s]
08:56:45.824444 [info ]: Started rendering (9 nodes)
08:56:45.824466 [info ]: Started model olist_dataset.fct_monthly_sales
08:56:45.824477 [debug]: Started rendering model olist_dataset.fct_monthly_sales
08:56:45.824500 [info ]: Started model olist_dataset.dim_customers
08:56:45.824506 [debug]: Started rendering model olist_dataset.dim_customers
08:56:45.824516 [info ]: Started model olist_dataset.ct_order_details
08:56:45.824522 [debug]: Started rendering model olist_dataset.ct_order_details
08:56:45.824534 [info ]: Started model olist_dataset.stg_products
08:56:45.824539 [debug]: Started rendering model olist_dataset.stg_products
08:56:45.824548 [info ]: Started model olist_dataset.stg_orders
08:56:45.824573 [debug]: Started rendering model olist_dataset.stg_orders
08:56:45.824570 [info ]: Finished loading project [  0.11s]
08:56:45.824582 [info ]: Started model olist_dataset.stg_order_reviews
08:56:45.824591 [debug]: Started rendering model olist_dataset.stg_order_reviews
08:56:45.824609 [info ]: Started model olist_dataset.stg_order_payments
08:56:45.824631 [debug]: Started rendering model olist_dataset.stg_order_payments
08:56:45.824667 [info ]: Started model olist_dataset.stg_order_items
08:56:45.824684 [debug]: Started rendering model olist_dataset.stg_order_items
08:56:45.824714 [info ]: Started model olist_dataset.stg_customers
08:56:45.824724 [debug]: Started rendering model olist_dataset.stg_customers
08:56:45.828314 [debug]: Compiled SQL for node model.olist_dbt.dim_customers at target\.lsp\compiled\olist_dbt\models\marts\dim_customers.sql
08:56:45.828558 [debug]: Finished rendering [  0.00s] model olist_dataset.dim_customers [success]
08:56:45.828643 [info ]: Started analyzing (9 nodes)
08:56:45.828667 [debug]: Started analyzing model olist_dataset.dim_customers
08:56:45.829053 [debug]: Compiled SQL for node model.olist_dbt.fct_monthly_sales at target\.lsp\compiled\olist_dbt\models\marts\fct_monthly_sales.sql
08:56:45.829391 [debug]: Finished rendering [  0.00s] model olist_dataset.fct_monthly_sales [success]
08:56:45.829450 [debug]: Started analyzing model olist_dataset.fct_monthly_sales
08:56:45.829495 [debug]: Compiled SQL for node model.olist_dbt.ct_order_details at target\.lsp\compiled\olist_dbt\models\marts\ct_order_details.sql
08:56:45.829732 [debug]: Finished rendering [  0.01s] model olist_dataset.ct_order_details [success]
08:56:45.829784 [debug]: Started analyzing model olist_dataset.ct_order_details
08:56:45.830488 [debug]: Compiled SQL for node model.olist_dbt.stg_products at target\.lsp\compiled\olist_dbt\models\staging\stg_products.sql
08:56:45.830592 [debug]: Finished analyzing [  0.00s] model olist_dataset.fct_monthly_sales [success]
08:56:45.830634 [info ]:  Succeeded [  0.01s] model olist_dataset.fct_monthly_sales (view)
08:56:45.830730 [debug]: Finished rendering [  0.01s] model olist_dataset.stg_products [success]
08:56:45.830774 [debug]: Started analyzing model olist_dataset.stg_products
08:56:45.830855 [debug]: Compiled SQL for node model.olist_dbt.stg_order_reviews at target\.lsp\compiled\olist_dbt\models\staging\stg_order_reviews.sql
08:56:45.830918 [debug]: Compiled SQL for node model.olist_dbt.stg_orders at target\.lsp\compiled\olist_dbt\models\staging\stg_orders.sql
08:56:45.831054 [debug]: Finished rendering [  0.01s] model olist_dataset.stg_order_reviews [success]
08:56:45.831102 [debug]: Started analyzing model olist_dataset.stg_order_reviews
08:56:45.831267 [debug]: Finished analyzing [  0.00s] model olist_dataset.stg_products [success]
08:56:45.831305 [info ]:  Succeeded [  0.01s] model olist_dataset.stg_products (view)
08:56:45.831459 [debug]: Finished analyzing [  0.00s] model olist_dataset.stg_order_reviews [success]
08:56:45.831483 [info ]:  Succeeded [  0.01s] model olist_dataset.stg_order_reviews (view)
08:56:45.831482 [debug]: Compiled SQL for node model.olist_dbt.stg_order_payments at target\.lsp\compiled\olist_dbt\models\staging\stg_order_payments.sql
08:56:45.831584 [debug]: Finished rendering [  0.01s] model olist_dataset.stg_orders [success]
08:56:45.831626 [debug]: Started analyzing model olist_dataset.stg_orders
08:56:45.831656 [debug]: Finished rendering [  0.01s] model olist_dataset.stg_order_payments [success]
08:56:45.831676 [debug]: Started analyzing model olist_dataset.stg_order_payments
08:56:45.831782 [debug]: Finished analyzing [  0.00s] model olist_dataset.ct_order_details [success]
08:56:45.831819 [info ]:  Succeeded [  0.01s] model olist_dataset.ct_order_details (view)
08:56:45.831854 [debug]: Compiled SQL for node model.olist_dbt.stg_order_items at target\.lsp\compiled\olist_dbt\models\staging\stg_order_items.sql
08:56:45.831948 [debug]: Finished analyzing [  0.00s] model olist_dataset.stg_order_payments [success]
08:56:45.831972 [info ]:  Succeeded [  0.01s] model olist_dataset.stg_order_payments (view)
08:56:45.832003 [debug]: Finished analyzing [  0.00s] model olist_dataset.stg_orders [success]
08:56:45.832019 [info ]:  Succeeded [  0.01s] model olist_dataset.stg_orders (view)
08:56:45.832056 [debug]: Finished rendering [  0.01s] model olist_dataset.stg_order_items [success]
08:56:45.832086 [debug]: Started analyzing model olist_dataset.stg_order_items
08:56:45.832430 [debug]: Finished analyzing [  0.00s] model olist_dataset.stg_order_items [success]
08:56:45.832455 [info ]:  Succeeded [  0.01s] model olist_dataset.stg_order_items (view)
08:56:45.833116 [debug]: Finished analyzing [  0.00s] model olist_dataset.dim_customers [success]
08:56:45.833159 [info ]:  Succeeded [  0.01s] model olist_dataset.dim_customers (view)
08:56:45.833302 [debug]: Compiled SQL for node model.olist_dbt.stg_customers at target\.lsp\compiled\olist_dbt\models\staging\stg_customers.sql
08:56:45.833495 [debug]: Finished rendering [  0.01s] model olist_dataset.stg_customers [success]
08:56:45.833513 [info ]: Finished rendering [  0.01s] (9 nodes, 0 skipped, 0 errors)
08:56:45.833549 [debug]: Started analyzing model olist_dataset.stg_customers
08:56:45.833836 [debug]: Finished analyzing [  0.00s] model olist_dataset.stg_customers [success]
08:56:45.833863 [info ]: Finished analyzing [  0.01s] (9 nodes, 0 skipped, 0 errors)
08:56:45.833871 [info ]:  Succeeded [  0.01s] model olist_dataset.stg_customers (view)
08:56:45.837363 [info ]: Started scheduling
08:56:45.837426 [info ]: Finished scheduling [  0.00s]
08:56:45.837540 [info ]: 
==================== Execution Summary =====================
Finished 'compile' successfully for target 'dev' [118ms]
Processed: 9 models
Summary: 9 total | 9 success
08:56:45.837990 [info ]: Cached model count updated: 9 models (accurate)
==================== 2026-09-11T08:57:13.403751Z | 48df5e39-29bf-4cba-972f-b2c23ced9d9e ====================
08:57:13.403953 [info ]: Started loading project
08:57:13.404939 [info ]: Loading ~/.dbt/profiles.yml
08:57:13.423169 [info ]: Started parsing
08:57:13.493173 [info ]: Finished loading project [  0.09s]
08:57:13.500063 [debug]: Finished parsing models/schema.yml [  0.00s]
08:57:13.502452 [debug]: Finished parsing models/marts/dim_customers.sql [  0.00s]
08:57:13.503448 [debug]: Finished parsing models/marts/fct_monthly_sales.sql [  0.00s]
08:57:13.504821 [debug]: Finished parsing models/staging/stg_customers.sql [  0.00s]
08:57:13.505753 [debug]: Finished parsing models/staging/stg_order_items.sql [  0.00s]
08:57:13.507320 [debug]: Finished parsing models/staging/stg_order_payments.sql [  0.00s]
08:57:13.508450 [debug]: Finished parsing models/staging/stg_order_reviews.sql [  0.00s]
08:57:13.509159 [debug]: Finished parsing models/staging/stg_orders.sql [  0.00s]
08:57:13.509838 [debug]: Finished parsing models/staging/stg_products.sql [  0.00s]
08:57:13.518277 [warn ]: [NoNodeForYamlKey (dbt1089)]: Unused schema.yml entry for model 'fct_order_details'
  --> models/schema.yml
08:57:13.692194 [info ]: Finished parsing [  0.27s]
08:57:13.695827 [info ]: Cached model count updated: 9 models (estimate)
08:57:13.695842 [info ]: Cached model count updated: 9 models (accurate)
08:57:13.695880 [info ]: Started scheduling
08:57:13.696113 [info ]: Finished scheduling [  0.00s]
08:57:13.696130 [debug]: Compilation - 8 nodes selected: {"model.olist_dbt.dim_customers", "model.olist_dbt.fct_monthly_sales", "model.olist_dbt.stg_customers", "model.olist_dbt.stg_order_items", "model.olist_dbt.stg_order_payments", "model.olist_dbt.stg_order_reviews", "model.olist_dbt.stg_orders", "model.olist_dbt.stg_products"}
08:57:13.776208 [info ]: Started building task graph
08:57:13.776317 [info ]: Finished building task graph [  0.00s]
08:57:13.791073 [info ]: Started rendering (8 nodes)
08:57:13.791099 [info ]: Started model olist_dataset.stg_products
08:57:13.791109 [debug]: Started rendering model olist_dataset.stg_products
08:57:13.791134 [info ]: Started model olist_dataset.stg_order_reviews
08:57:13.791143 [debug]: Started rendering model olist_dataset.stg_order_reviews
08:57:13.791192 [info ]: Started model olist_dataset.fct_monthly_sales
08:57:13.791203 [debug]: Started rendering model olist_dataset.fct_monthly_sales
08:57:13.791223 [info ]: Started model olist_dataset.stg_order_payments
08:57:13.791233 [debug]: Started rendering model olist_dataset.stg_order_payments
08:57:13.791250 [info ]: Started model olist_dataset.dim_customers
08:57:13.791257 [debug]: Started rendering model olist_dataset.dim_customers
08:57:13.791272 [info ]: Started model olist_dataset.stg_orders
08:57:13.791289 [debug]: Started rendering model olist_dataset.stg_orders
08:57:13.791312 [info ]: Started model olist_dataset.stg_order_items
08:57:13.791332 [debug]: Started rendering model olist_dataset.stg_order_items
08:57:13.791394 [info ]: Started model olist_dataset.stg_customers
08:57:13.791418 [debug]: Started rendering model olist_dataset.stg_customers
08:57:13.795359 [debug]: Compiled SQL for node model.olist_dbt.stg_products at target\.lsp\compiled\olist_dbt\models\staging\stg_products.sql
08:57:13.795713 [debug]: Finished rendering [  0.00s] model olist_dataset.stg_products [success]
08:57:13.795780 [info ]: Started analyzing (8 nodes)
08:57:13.795797 [debug]: Started analyzing model olist_dataset.stg_products
08:57:13.795815 [debug]: Compiled SQL for node model.olist_dbt.stg_order_reviews at target\.lsp\compiled\olist_dbt\models\staging\stg_order_reviews.sql
08:57:13.796035 [debug]: Finished rendering [  0.00s] model olist_dataset.stg_order_reviews [success]
08:57:13.796087 [debug]: Started analyzing model olist_dataset.stg_order_reviews
08:57:13.796429 [debug]: Finished analyzing [  0.00s] model olist_dataset.stg_products [success]
08:57:13.796466 [info ]:  Succeeded [  0.00s] model olist_dataset.stg_products (view)
08:57:13.796703 [debug]: Finished analyzing [  0.00s] model olist_dataset.stg_order_reviews [success]
08:57:13.796742 [info ]:  Succeeded [  0.00s] model olist_dataset.stg_order_reviews (view)
08:57:13.797084 [debug]: Compiled SQL for node model.olist_dbt.dim_customers at target\.lsp\compiled\olist_dbt\models\marts\dim_customers.sql
08:57:13.797395 [debug]: Compiled SQL for node model.olist_dbt.stg_orders at target\.lsp\compiled\olist_dbt\models\staging\stg_orders.sql
08:57:13.797720 [debug]: Finished rendering [  0.01s] model olist_dataset.dim_customers [success]
08:57:13.797819 [debug]: Started analyzing model olist_dataset.dim_customers
08:57:13.797827 [debug]: Compiled SQL for node model.olist_dbt.fct_monthly_sales at target\.lsp\compiled\olist_dbt\models\marts\fct_monthly_sales.sql
08:57:13.797889 [debug]: Finished rendering [  0.01s] model olist_dataset.stg_orders [success]
08:57:13.797884 [debug]: Compiled SQL for node model.olist_dbt.stg_order_payments at target\.lsp\compiled\olist_dbt\models\staging\stg_order_payments.sql
08:57:13.797910 [debug]: Started analyzing model olist_dataset.stg_orders
08:57:13.798098 [debug]: Finished rendering [  0.01s] model olist_dataset.fct_monthly_sales [success]
08:57:13.798139 [debug]: Started analyzing model olist_dataset.fct_monthly_sales
08:57:13.798182 [debug]: Finished rendering [  0.01s] model olist_dataset.stg_order_payments [success]
08:57:13.798202 [debug]: Started analyzing model olist_dataset.stg_order_payments
08:57:13.798686 [debug]: Finished analyzing [  0.00s] model olist_dataset.stg_orders [success]
08:57:13.798723 [info ]:  Succeeded [  0.01s] model olist_dataset.stg_orders (view)
08:57:13.799069 [debug]: Finished analyzing [  0.00s] model olist_dataset.fct_monthly_sales [success]
08:57:13.799113 [info ]:  Succeeded [  0.01s] model olist_dataset.fct_monthly_sales (view)
08:57:13.799165 [debug]: Finished analyzing [  0.00s] model olist_dataset.stg_order_payments [success]
08:57:13.799188 [info ]:  Succeeded [  0.01s] model olist_dataset.stg_order_payments (view)
08:57:13.800423 [debug]: Compiled SQL for node model.olist_dbt.stg_customers at target\.lsp\compiled\olist_dbt\models\staging\stg_customers.sql
08:57:13.800776 [debug]: Finished rendering [  0.01s] model olist_dataset.stg_customers [success]
08:57:13.800868 [debug]: Started analyzing model olist_dataset.stg_customers
08:57:13.801379 [debug]: Finished analyzing [  0.00s] model olist_dataset.stg_customers [success]
08:57:13.801435 [info ]:  Succeeded [  0.01s] model olist_dataset.stg_customers (view)
08:57:13.801982 [debug]: Compiled SQL for node model.olist_dbt.stg_order_items at target\.lsp\compiled\olist_dbt\models\staging\stg_order_items.sql
08:57:13.802210 [debug]: Finished rendering [  0.01s] model olist_dataset.stg_order_items [success]
08:57:13.802246 [info ]: Finished rendering [  0.01s] (8 nodes, 0 skipped, 0 errors)
08:57:13.802280 [debug]: Started analyzing model olist_dataset.stg_order_items
08:57:13.802610 [debug]: Finished analyzing [  0.00s] model olist_dataset.dim_customers [success]
08:57:13.802645 [info ]:  Succeeded [  0.01s] model olist_dataset.dim_customers (view)
08:57:13.802686 [debug]: Finished analyzing [  0.00s] model olist_dataset.stg_order_items [success]
08:57:13.802698 [info ]: Finished analyzing [  0.01s] (8 nodes, 0 skipped, 0 errors)
08:57:13.802706 [info ]:  Succeeded [  0.01s] model olist_dataset.stg_order_items (view)
08:57:13.811424 [info ]: Started scheduling
08:57:13.811489 [info ]: Finished scheduling [  0.00s]
08:57:13.812429 [info ]: 
==================== Execution Summary =====================
Finished 'compile' with 1 warning for target 'dev' [408ms]
Processed: 8 models
Summary: 8 total | 8 success
08:57:13.812564 [info ]: Cached model count updated: 9 models (accurate)
==================== 2026-09-11T08:57:15.528124Z | 608cbe1e-7374-45f3-8604-76f2e2c0534c ====================
08:57:15.528274 [info ]: Started loading project
08:57:15.531607 [info ]: Loading ~/.dbt/profiles.yml
08:57:15.586676 [info ]: Cached model count updated: 9 models (estimate)
08:57:15.586693 [info ]: Cached model count updated: 9 models (accurate)
08:57:15.586731 [info ]: Started scheduling
08:57:15.586846 [info ]: Finished scheduling [  0.00s]
08:57:15.586863 [debug]: Compilation - 9 nodes selected: {"model.olist_dbt.ct_order_details", "model.olist_dbt.dim_customers", "model.olist_dbt.fct_monthly_sales", "model.olist_dbt.stg_customers", "model.olist_dbt.stg_order_items", "model.olist_dbt.stg_order_payments", "model.olist_dbt.stg_order_reviews", "model.olist_dbt.stg_orders", "model.olist_dbt.stg_products"}
08:57:15.640652 [info ]: Started building task graph
08:57:15.640755 [info ]: Finished building task graph [  0.00s]
08:57:15.651471 [info ]: Started rendering (9 nodes)
08:57:15.651494 [info ]: Started model olist_dataset.fct_monthly_sales
08:57:15.651503 [debug]: Started rendering model olist_dataset.fct_monthly_sales
08:57:15.651524 [info ]: Started model olist_dataset.dim_customers
08:57:15.651532 [debug]: Started rendering model olist_dataset.dim_customers
08:57:15.651542 [info ]: Started model olist_dataset.ct_order_details
08:57:15.651547 [debug]: Started rendering model olist_dataset.ct_order_details
08:57:15.651556 [info ]: Started model olist_dataset.stg_products
08:57:15.651562 [debug]: Started rendering model olist_dataset.stg_products
08:57:15.651590 [info ]: Started model olist_dataset.stg_orders
08:57:15.651596 [debug]: Started rendering model olist_dataset.stg_orders
08:57:15.651606 [info ]: Started model olist_dataset.stg_order_reviews
08:57:15.651604 [info ]: Finished loading project [  0.12s]
08:57:15.651620 [debug]: Started rendering model olist_dataset.stg_order_reviews
08:57:15.651734 [info ]: Started model olist_dataset.stg_order_payments
08:57:15.651756 [debug]: Started rendering model olist_dataset.stg_order_payments
08:57:15.651856 [info ]: Started model olist_dataset.stg_order_items
08:57:15.651928 [debug]: Started rendering model olist_dataset.stg_order_items
08:57:15.651995 [info ]: Started model olist_dataset.stg_customers
08:57:15.652046 [debug]: Started rendering model olist_dataset.stg_customers
08:57:15.652629 [debug]: Compiled SQL for node model.olist_dbt.stg_products at target\.lsp\compiled\olist_dbt\models\staging\stg_products.sql
08:57:15.652629 [debug]: Compiled SQL for node model.olist_dbt.stg_orders at target\.lsp\compiled\olist_dbt\models\staging\stg_orders.sql
08:57:15.652631 [debug]: Compiled SQL for node model.olist_dbt.fct_monthly_sales at target\.lsp\compiled\olist_dbt\models\marts\fct_monthly_sales.sql
08:57:15.652767 [debug]: Compiled SQL for node model.olist_dbt.dim_customers at target\.lsp\compiled\olist_dbt\models\marts\dim_customers.sql
08:57:15.652770 [debug]: Finished rendering [  0.00s] model olist_dataset.fct_monthly_sales [success]
08:57:15.652800 [debug]: Compiled SQL for node model.olist_dbt.stg_order_payments at target\.lsp\compiled\olist_dbt\models\staging\stg_order_payments.sql
08:57:15.652837 [info ]: Started analyzing (9 nodes)
08:57:15.652856 [debug]: Started analyzing model olist_dataset.fct_monthly_sales
08:57:15.652876 [debug]: Compiled SQL for node model.olist_dbt.ct_order_details at target\.lsp\compiled\olist_dbt\models\marts\ct_order_details.sql
08:57:15.652901 [debug]: Finished rendering [  0.00s] model olist_dataset.stg_orders [success]
08:57:15.652925 [debug]: Started analyzing model olist_dataset.stg_orders
08:57:15.652930 [debug]: Compiled SQL for node model.olist_dbt.stg_order_items at target\.lsp\compiled\olist_dbt\models\staging\stg_order_items.sql
08:57:15.652955 [debug]: Finished rendering [  0.00s] model olist_dataset.stg_products [success]
08:57:15.652973 [debug]: Started analyzing model olist_dataset.stg_products
08:57:15.652983 [debug]: Compiled SQL for node model.olist_dbt.stg_order_reviews at target\.lsp\compiled\olist_dbt\models\staging\stg_order_reviews.sql
08:57:15.653001 [debug]: Finished rendering [  0.00s] model olist_dataset.dim_customers [success]
08:57:15.653017 [debug]: Started analyzing model olist_dataset.dim_customers
08:57:15.653042 [debug]: Finished rendering [  0.00s] model olist_dataset.stg_order_payments [success]
08:57:15.653068 [debug]: Started analyzing model olist_dataset.stg_order_payments
08:57:15.653097 [debug]: Finished rendering [  0.00s] model olist_dataset.ct_order_details [success]
08:57:15.653113 [debug]: Started analyzing model olist_dataset.ct_order_details
08:57:15.653138 [debug]: Finished rendering [  0.00s] model olist_dataset.stg_order_items [success]
08:57:15.653155 [debug]: Started analyzing model olist_dataset.stg_order_items
08:57:15.653184 [debug]: Finished rendering [  0.00s] model olist_dataset.stg_order_reviews [success]
08:57:15.653203 [debug]: Started analyzing model olist_dataset.stg_order_reviews
08:57:15.653436 [debug]: Finished analyzing [  0.00s] model olist_dataset.stg_orders [success]
08:57:15.653459 [info ]:  Succeeded [  0.00s] model olist_dataset.stg_orders (view)
08:57:15.653494 [debug]: Finished analyzing [  0.00s] model olist_dataset.stg_order_payments [success]
08:57:15.653508 [info ]:  Succeeded [  0.00s] model olist_dataset.stg_order_payments (view)
08:57:15.653528 [debug]: Finished analyzing [  0.00s] model olist_dataset.stg_products [success]
08:57:15.653540 [info ]:  Succeeded [  0.00s] model olist_dataset.stg_products (view)
08:57:15.653673 [debug]: Finished analyzing [  0.00s] model olist_dataset.stg_order_items [success]
08:57:15.653698 [info ]:  Succeeded [  0.00s] model olist_dataset.stg_order_items (view)
08:57:15.653731 [debug]: Finished analyzing [  0.00s] model olist_dataset.stg_order_reviews [success]
08:57:15.653745 [info ]:  Succeeded [  0.00s] model olist_dataset.stg_order_reviews (view)
08:57:15.653926 [debug]: Finished analyzing [  0.00s] model olist_dataset.fct_monthly_sales [success]
08:57:15.653956 [info ]:  Succeeded [  0.00s] model olist_dataset.fct_monthly_sales (view)
08:57:15.654740 [debug]: Compiled SQL for node model.olist_dbt.stg_customers at target\.lsp\compiled\olist_dbt\models\staging\stg_customers.sql
08:57:15.654979 [debug]: Finished rendering [  0.00s] model olist_dataset.stg_customers [success]
08:57:15.654999 [info ]: Finished rendering [  0.00s] (9 nodes, 0 skipped, 0 errors)
08:57:15.655017 [debug]: Started analyzing model olist_dataset.stg_customers
08:57:15.655248 [debug]: Finished analyzing [  0.00s] model olist_dataset.stg_customers [success]
08:57:15.655263 [info ]:  Succeeded [  0.00s] model olist_dataset.stg_customers (view)
08:57:15.655847 [debug]: Finished analyzing [  0.00s] model olist_dataset.dim_customers [success]
08:57:15.655865 [info ]:  Succeeded [  0.00s] model olist_dataset.dim_customers (view)
08:57:15.656447 [debug]: Finished analyzing [  0.00s] model olist_dataset.ct_order_details [success]
08:57:15.656462 [info ]: Finished analyzing [  0.00s] (9 nodes, 0 skipped, 0 errors)
08:57:15.656470 [info ]:  Succeeded [  0.00s] model olist_dataset.ct_order_details (view)
08:57:15.660276 [info ]: Started scheduling
08:57:15.660352 [info ]: Finished scheduling [  0.00s]
08:57:15.660478 [info ]: 
==================== Execution Summary =====================
Finished 'compile' successfully for target 'dev' [132ms]
Processed: 9 models
Summary: 9 total | 9 success
08:57:15.661087 [info ]: Cached model count updated: 9 models (accurate)
==================== 2026-09-16T08:53:43.788727Z | 00000000-0000-0000-0000-000000000000 ====================
==================== 2026-09-16T08:53:43.792914Z | 77e23b18-72b5-4e9d-85f6-10bfe929410a ====================
08:53:43.794332 [info ]: Starting dbt LSP server
08:53:43.798267 [info ]: Connecting to LSP client on port 8000
08:53:43.811506 [info ]: Successfully connected to LSP client
08:53:43.812279 [info ]: Creating LSP service...
08:53:43.823632 [info ]: Creating LSP server...
08:53:43.823687 [info ]: Starting LSP server...
08:53:44.005558 [info ]: Loading ~/.dbt/profiles.yml
==================== 2026-09-16T08:53:44.213770Z | a4aa1ed6-2020-4375-ab7d-41f4086897d7 ====================
08:53:44.217292 [info ]: Started loading project
08:53:44.232946 [info ]: Loading ~/.dbt/profiles.yml
08:53:44.290511 [info ]:    Started resolving packages from packages.yml
08:53:44.673974 [info ]:   Finished [  0.38s] resolving packages from packages.yml (1 items)
08:53:44.679159 [debug]:    Started loading packages
08:53:44.723344 [debug]:     Loaded [  0.04s] packages
08:53:44.733074 [info ]: Finished loading project [  0.52s]
08:53:44.740970 [info ]: Started parsing
08:53:44.901636 [debug]: Finished parsing models/schema.yml [  0.01s]
08:53:44.904522 [debug]: Finished parsing models/sources.yml [  0.00s]
08:53:44.961762 [debug]: Finished parsing models/marts/ct_order_details.sql [  0.04s]
08:53:44.965758 [debug]: Finished parsing models/marts/dim_customers.sql [  0.00s]
08:53:44.967620 [debug]: Finished parsing models/marts/fct_monthly_sales.sql [  0.00s]
08:53:44.970276 [debug]: Finished parsing models/staging/stg_customers.sql [  0.00s]
08:53:44.972197 [debug]: Finished parsing models/staging/stg_order_items.sql [  0.00s]
08:53:44.974615 [debug]: Finished parsing models/staging/stg_order_payments.sql [  0.00s]
08:53:44.977097 [debug]: Finished parsing models/staging/stg_order_reviews.sql [  0.00s]
08:53:44.979814 [debug]: Finished parsing models/staging/stg_orders.sql [  0.00s]
08:53:44.983438 [debug]: Finished parsing models/staging/stg_products.sql [  0.00s]
08:53:45.010366 [warn ]: [NoNodeForYamlKey (dbt1089)]: Unused schema.yml entry for model 'fct_order_details'
  --> models/schema.yml
08:53:45.244172 [info ]: Finished parsing [  0.50s]
08:53:45.250326 [info ]: Cached model count updated: 9 models (estimate)
08:53:45.250349 [info ]: Cached model count updated: 9 models (accurate)
08:53:45.252551 [info ]: Started scheduling
08:53:45.259302 [info ]: Finished scheduling [  0.01s]
08:53:45.259362 [debug]: Compilation - 0 nodes selected: {}
08:53:45.260235 [warn ]: [NoNodesForSelectionCriteria (dbt1092)]: The selection criterion '' does not match any enabled nodes
08:53:45.260262 [warn ]: [NoNodesSelected (dbt1601)]: Nothing to do. Try checking your model configs and model specification args
08:53:45.260611 [info ]: Started scheduling
08:53:45.262570 [info ]: Finished scheduling [  0.00s]
08:53:45.268129 [debug]: Initializing schema store with entry: Frontier(CanonicalFqn { catalog: "latihan-data-505310", schema: "olist_raw", table: "olist_order_reviews_dataset" }) and interval: None
08:53:45.268487 [debug]: Initializing schema store with entry: Frontier(CanonicalFqn { catalog: "latihan-data-505310", schema: "olist_raw", table: "olist_products_dataset" }) and interval: None
08:53:45.268497 [debug]: Initializing schema store with entry: Frontier(CanonicalFqn { catalog: "latihan-data-505310", schema: "olist_raw", table: "olist_orders_dataset" }) and interval: None
08:53:45.268526 [debug]: Initializing schema store with entry: Frontier(CanonicalFqn { catalog: "latihan-data-505310", schema: "olist_raw", table: "olist_customers_dataset" }) and interval: None
08:53:45.268532 [debug]: Initializing schema store with entry: Frontier(CanonicalFqn { catalog: "latihan-data-505310", schema: "olist_raw", table: "olist_order_items_dataset" }) and interval: None
08:53:45.268537 [debug]: Initializing schema store with entry: Frontier(CanonicalFqn { catalog: "latihan-data-505310", schema: "olist_raw", table: "olist_order_payments_dataset" }) and interval: None
08:53:45.353178 [info ]: Started building task graph
08:53:45.355968 [info ]: Finished building task graph [  0.00s]
08:53:45.456344 [info ]: Started scheduling
08:53:45.456403 [info ]: Finished scheduling [  0.00s]
08:53:45.457099 [info ]: 
==================== Execution Summary =====================
Finished 'compile' with 3 warnings for target 'dev' [1.2s]
08:53:45.457386 [info ]: Cached model count updated: 9 models (accurate)
==================== 2026-09-16T08:53:47.107629Z | e6665b18-42be-4da0-94fb-98daacf6b3e4 ====================
08:53:47.107716 [info ]: Started loading project
08:53:47.108354 [info ]: Loading ~/.dbt/profiles.yml
08:53:47.153444 [info ]: Cached model count updated: 9 models (estimate)
08:53:47.153463 [info ]: Cached model count updated: 9 models (accurate)
08:53:47.153501 [info ]: Started scheduling
08:53:47.153622 [info ]: Finished scheduling [  0.00s]
08:53:47.153640 [debug]: Compilation - 9 nodes selected: {"model.olist_dbt.ct_order_details", "model.olist_dbt.dim_customers", "model.olist_dbt.fct_monthly_sales", "model.olist_dbt.stg_customers", "model.olist_dbt.stg_order_items", "model.olist_dbt.stg_order_payments", "model.olist_dbt.stg_order_reviews", "model.olist_dbt.stg_orders", "model.olist_dbt.stg_products"}
08:53:47.214685 [info ]: Started building task graph
08:53:47.222284 [info ]: Finished building task graph [  0.01s]
08:53:47.238042 [info ]: Started rendering (9 nodes)
08:53:47.239799 [info ]: Started model olist_dataset.fct_monthly_sales
08:53:47.240859 [debug]: Started rendering model olist_dataset.fct_monthly_sales
08:53:47.242939 [info ]: Started model olist_dataset.dim_customers
08:53:47.242955 [info ]: Finished loading project [  0.14s]
08:53:47.242987 [debug]: Started rendering model olist_dataset.dim_customers
08:53:47.243008 [info ]: Started model olist_dataset.ct_order_details
08:53:47.243018 [debug]: Started rendering model olist_dataset.ct_order_details
08:53:47.243042 [info ]: Started model olist_dataset.stg_products
08:53:47.243072 [debug]: Started rendering model olist_dataset.stg_products
08:53:47.243133 [info ]: Started model olist_dataset.stg_orders
08:53:47.243148 [debug]: Started rendering model olist_dataset.stg_orders
08:53:47.243166 [info ]: Started model olist_dataset.stg_order_reviews
08:53:47.243176 [debug]: Started rendering model olist_dataset.stg_order_reviews
08:53:47.243193 [info ]: Started model olist_dataset.stg_order_payments
08:53:47.243209 [debug]: Started rendering model olist_dataset.stg_order_payments
08:53:47.243532 [info ]: Started model olist_dataset.stg_order_items
08:53:47.243563 [debug]: Started rendering model olist_dataset.stg_order_items
08:53:47.243591 [info ]: Started model olist_dataset.stg_customers
08:53:47.243602 [debug]: Started rendering model olist_dataset.stg_customers
08:53:47.260610 [debug]: Compiled SQL for node model.olist_dbt.ct_order_details at target\.lsp\compiled\olist_dbt\models\marts\ct_order_details.sql
08:53:47.260591 [debug]: Compiled SQL for node model.olist_dbt.stg_order_items at target\.lsp\compiled\olist_dbt\models\staging\stg_order_items.sql
08:53:47.260396 [debug]: Compiled SQL for node model.olist_dbt.fct_monthly_sales at target\.lsp\compiled\olist_dbt\models\marts\fct_monthly_sales.sql
08:53:47.260550 [debug]: Compiled SQL for node model.olist_dbt.stg_order_payments at target\.lsp\compiled\olist_dbt\models\staging\stg_order_payments.sql
08:53:47.260534 [debug]: Compiled SQL for node model.olist_dbt.stg_customers at target\.lsp\compiled\olist_dbt\models\staging\stg_customers.sql
08:53:47.260701 [debug]: Compiled SQL for node model.olist_dbt.stg_orders at target\.lsp\compiled\olist_dbt\models\staging\stg_orders.sql
08:53:47.260396 [debug]: Compiled SQL for node model.olist_dbt.dim_customers at target\.lsp\compiled\olist_dbt\models\marts\dim_customers.sql
08:53:47.260396 [debug]: Compiled SQL for node model.olist_dbt.stg_products at target\.lsp\compiled\olist_dbt\models\staging\stg_products.sql
08:53:47.260753 [debug]: Compiled SQL for node model.olist_dbt.stg_order_reviews at target\.lsp\compiled\olist_dbt\models\staging\stg_order_reviews.sql
08:53:47.263037 [debug]: Finished rendering [  0.02s] model olist_dataset.stg_products [success]
08:53:47.264306 [info ]: Started analyzing (9 nodes)
08:53:47.264324 [debug]: Started analyzing model olist_dataset.stg_products
08:53:47.264354 [debug]: Finished rendering [  0.02s] model olist_dataset.ct_order_details [success]
08:53:47.264370 [debug]: Started analyzing model olist_dataset.ct_order_details
08:53:47.264387 [debug]: Finished rendering [  0.02s] model olist_dataset.stg_order_payments [success]
08:53:47.264399 [debug]: Started analyzing model olist_dataset.stg_order_payments
08:53:47.264412 [debug]: Finished rendering [  0.02s] model olist_dataset.stg_orders [success]
08:53:47.264422 [debug]: Started analyzing model olist_dataset.stg_orders
08:53:47.264436 [debug]: Finished rendering [  0.02s] model olist_dataset.dim_customers [success]
08:53:47.264446 [debug]: Started analyzing model olist_dataset.dim_customers
08:53:47.264458 [debug]: Finished rendering [  0.02s] model olist_dataset.stg_customers [success]
08:53:47.264469 [debug]: Started analyzing model olist_dataset.stg_customers
08:53:47.264484 [debug]: Finished rendering [  0.02s] model olist_dataset.stg_order_reviews [success]
08:53:47.264493 [debug]: Started analyzing model olist_dataset.stg_order_reviews
08:53:47.264506 [debug]: Finished rendering [  0.02s] model olist_dataset.stg_order_items [success]
08:53:47.264515 [debug]: Started analyzing model olist_dataset.stg_order_items
08:53:47.264529 [debug]: Finished rendering [  0.02s] model olist_dataset.fct_monthly_sales [success]
08:53:47.264539 [info ]: Finished rendering [  0.03s] (9 nodes, 0 skipped, 0 errors)
08:53:47.264547 [debug]: Started analyzing model olist_dataset.fct_monthly_sales
08:53:47.306520 [debug]: Finished analyzing [  0.04s] model olist_dataset.stg_order_reviews [success]
08:53:47.306552 [info ]:  Succeeded [  0.06s] model olist_dataset.stg_order_reviews (view)
08:53:47.306812 [debug]: Finished analyzing [  0.04s] model olist_dataset.ct_order_details [success]
08:53:47.306825 [info ]:  Succeeded [  0.06s] model olist_dataset.ct_order_details (view)
08:53:47.306840 [debug]: Finished analyzing [  0.04s] model olist_dataset.stg_orders [success]
08:53:47.306850 [info ]:  Succeeded [  0.06s] model olist_dataset.stg_orders (view)
08:53:47.306864 [debug]: Finished analyzing [  0.04s] model olist_dataset.stg_order_items [success]
08:53:47.306873 [info ]:  Succeeded [  0.06s] model olist_dataset.stg_order_items (view)
08:53:47.306884 [debug]: Finished analyzing [  0.04s] model olist_dataset.stg_products [success]
08:53:47.306892 [info ]:  Succeeded [  0.06s] model olist_dataset.stg_products (view)
08:53:47.306902 [debug]: Finished analyzing [  0.04s] model olist_dataset.stg_order_payments [success]
08:53:47.306909 [info ]:  Succeeded [  0.06s] model olist_dataset.stg_order_payments (view)
08:53:47.306920 [debug]: Finished analyzing [  0.04s] model olist_dataset.stg_customers [success]
08:53:47.306928 [info ]:  Succeeded [  0.06s] model olist_dataset.stg_customers (view)
08:53:47.309346 [debug]: Finished analyzing [  0.04s] model olist_dataset.fct_monthly_sales [success]
08:53:47.309367 [info ]:  Succeeded [  0.07s] model olist_dataset.fct_monthly_sales (view)
08:53:47.310695 [debug]: Finished analyzing [  0.05s] model olist_dataset.dim_customers [success]
08:53:47.310712 [info ]: Finished analyzing [  0.05s] (9 nodes, 0 skipped, 0 errors)
08:53:47.310721 [info ]:  Succeeded [  0.07s] model olist_dataset.dim_customers (view)
08:53:47.316571 [info ]: Started scheduling
08:53:47.316634 [info ]: Finished scheduling [  0.00s]
08:53:47.317815 [info ]: 
==================== Execution Summary =====================
Finished 'compile' successfully for target 'dev' [210ms]
Processed: 9 models
Summary: 9 total | 9 success
08:53:47.318573 [info ]: Cached model count updated: 9 models (accurate)
