[0m13:48:31.868782 [debug] [MainThread]: Sending event: {'category': 'dbt', 'action': 'invocation', 'label': 'start', 'context': [<snowplow_tracker.self_describing_json.SelfDescribingJson object at 0x00000258A27CA7B0>, <snowplow_tracker.self_describing_json.SelfDescribingJson object at 0x00000258A0394E10>, <snowplow_tracker.self_describing_json.SelfDescribingJson object at 0x00000258A5153C50>]}


============================== 13:48:31.873135 | c8440ca8-30c4-46de-933d-aa9c4dfda0e0 ==============================
[0m13:48:31.873135 [info ] [MainThread]: Running with dbt=1.12.4
[0m13:48:31.873786 [debug] [MainThread]: running dbt with arguments {'static_parser': 'True', 'no_print': 'None', 'version_check': 'True', 'warn_error_options': 'WarnErrorOptionsV2(error=[], warn=[], silence=[])', 'target_path': 'None', 'maximum_seed_size_mib': '1', 'printer_width': '80', 'write_json': 'True', 'introspect': 'True', 'log_cache_events': 'False', 'empty': 'None', 'cache_selected_only': 'False', 'log_format': 'default', 'debug': 'False', 'fail_fast': 'False', 'partial_parse': 'True', 'send_anonymous_usage_stats': 'True', 'quiet': 'False', 'warn_error': 'None', 'profiles_dir': 'C:\\Users\\USER\\.dbt', 'use_colors': 'True', 'hints_enabled': 'True', 'invocation_command': 'dbt debug', 'use_experimental_parser': 'False', 'indirect_selection': 'eager', 'log_path': 'C:\\Users\\USER\\analytics-portofolio\\olist_dbt\\logs'}
[0m13:48:31.903235 [info ] [MainThread]: dbt version: 1.12.4
[0m13:48:31.903859 [info ] [MainThread]: python version: 3.14.7
[0m13:48:31.904450 [info ] [MainThread]: python path: C:\Users\USER\analytics-portofolio\venv\Scripts\python.exe
[0m13:48:31.904853 [info ] [MainThread]: os info: Windows-10-10.0.19045-SP0
[0m13:48:32.965590 [info ] [MainThread]: Using profiles dir at C:\Users\USER\.dbt
[0m13:48:32.966143 [info ] [MainThread]: Using profiles.yml file at C:\Users\USER\.dbt\profiles.yml
[0m13:48:32.966533 [info ] [MainThread]: Using dbt_project.yml file at C:\Users\USER\analytics-portofolio\olist_dbt\dbt_project.yml
[0m13:48:32.966965 [info ] [MainThread]: adapter type: bigquery
[0m13:48:32.967489 [info ] [MainThread]: adapter version: 1.12.0
[0m13:48:33.083251 [info ] [MainThread]: Configuration:
[0m13:48:33.083803 [info ] [MainThread]:   profiles.yml file [[32mOK found and valid[0m]
[0m13:48:33.084230 [info ] [MainThread]:   dbt_project.yml file [[32mOK found and valid[0m]
[0m13:48:33.084614 [info ] [MainThread]: Required dependencies:
[0m13:48:33.085038 [debug] [MainThread]: Executing "git --help"
[0m13:48:33.159937 [debug] [MainThread]: STDOUT: "b"usage: git [-v | --version] [-h | --help] [-C <path>] [-c <name>=<value>]\n           [--exec-path[=<path>]] [--html-path] [--man-path] [--info-path]\n           [-p | --paginate | -P | --no-pager] [--no-replace-objects] [--no-lazy-fetch]\n           [--no-optional-locks] [--no-advice] [--bare] [--git-dir=<path>]\n           [--work-tree=<path>] [--namespace=<name>] [--config-env=<name>=<envvar>]\n           <command> [<args>]\n\nThese are common Git commands used in various situations:\n\nstart a working area (see also: git help tutorial)\n   clone      Clone a repository into a new directory\n   init       Create an empty Git repository or reinitialize an existing one\n\nwork on the current change (see also: git help everyday)\n   add        Add file contents to the index\n   mv         Move or rename a file, a directory, or a symlink\n   restore    Restore working tree files\n   rm         Remove files from the working tree and from the index\n\nexamine the history and state (see also: git help revisions)\n   bisect     Use binary search to find the commit that introduced a bug\n   diff       Show changes between commits, commit and working tree, etc\n   grep       Print lines matching a pattern\n   log        Show commit logs\n   show       Show various types of objects\n   status     Show the working tree status\n\ngrow, mark and tweak your common history\n   backfill   Download missing objects in a partial clone\n   branch     List, create, or delete branches\n   commit     Record changes to the repository\n   history    EXPERIMENTAL: Rewrite history\n   merge      Join two or more development histories together\n   rebase     Reapply commits on top of another base tip\n   reset      Set `HEAD` or the index to a known state\n   switch     Switch branches\n   tag        Create, list, delete or verify tags\n\ncollaborate (see also: git help workflows)\n   fetch      Download objects and refs from another repository\n   pull       Fetch from and integrate with another repository or a local branch\n   push       Update remote refs along with associated objects\n\n'git help -a' and 'git help -g' list available subcommands and some\nconcept guides. See 'git help <command>' or 'git help <concept>'\nto read about a specific subcommand or concept.\nSee 'git help git' for an overview of the system.\n""
[0m13:48:33.160414 [debug] [MainThread]: STDERR: "b''"
[0m13:48:33.160693 [info ] [MainThread]:  - git [[32mOK found[0m]

[0m13:48:33.161113 [info ] [MainThread]: Connection:
[0m13:48:33.161528 [info ] [MainThread]:   method: service-account
[0m13:48:33.161911 [info ] [MainThread]:   database: latihan-data-505310
[0m13:48:33.162341 [info ] [MainThread]:   execution_project: latihan-data-505310
[0m13:48:33.162736 [info ] [MainThread]:   schema: olist_dataset
[0m13:48:33.163128 [info ] [MainThread]:   location: US
[0m13:48:33.163525 [info ] [MainThread]:   priority: interactive
[0m13:48:33.163927 [info ] [MainThread]:   maximum_bytes_billed: None
[0m13:48:33.164315 [info ] [MainThread]:   reservation: None
[0m13:48:33.164701 [info ] [MainThread]:   impersonate_service_account: None
[0m13:48:33.165087 [info ] [MainThread]:   job_retry_deadline_seconds: None
[0m13:48:33.165461 [info ] [MainThread]:   job_retries: 1
[0m13:48:33.165872 [info ] [MainThread]:   job_creation_timeout_seconds: None
[0m13:48:33.166471 [info ] [MainThread]:   job_execution_timeout_seconds: 300
[0m13:48:33.167373 [info ] [MainThread]:   job_link_info_level_log: False
[0m13:48:33.167994 [info ] [MainThread]:   timeout_seconds: 300
[0m13:48:33.168510 [info ] [MainThread]:   client_id: None
[0m13:48:33.168987 [info ] [MainThread]:   token_uri: None
[0m13:48:33.169521 [info ] [MainThread]:   compute_region: None
[0m13:48:33.169964 [info ] [MainThread]:   dataproc_cluster_name: None
[0m13:48:33.170366 [info ] [MainThread]:   gcs_bucket: None
[0m13:48:33.170887 [info ] [MainThread]:   dataproc_batch: None
[0m13:48:33.173268 [info ] [MainThread]: Registered adapter: bigquery=1.12.0
[0m13:48:33.772179 [debug] [MainThread]: Acquiring new bigquery connection 'debug'
[0m13:48:33.772545 [debug] [MainThread]: On debug: select 1 as id
[0m13:48:33.772873 [debug] [MainThread]: Opening a new connection, currently in state init
[0m13:48:33.773393 [debug] [MainThread]: BigQuery adapter: Got an error when attempting to create a bigquery " "client: '[Errno 13] Permission denied: 'C:\\Users\\USER\\analytics-portofolio''
[0m13:48:33.773731 [debug] [MainThread]: BigQuery adapter: Unhandled error while running:
select 1 as id
[0m13:48:33.774015 [debug] [MainThread]: BigQuery adapter: Database Error
  [Errno 13] Permission denied: 'C:\\Users\\USER\\analytics-portofolio'
[0m13:48:33.774292 [info ] [MainThread]:   Connection test: [[31mERROR[0m]

[0m13:48:33.774720 [info ] [MainThread]: [31m1 check failed:[0m
[0m13:48:33.775131 [info ] [MainThread]: dbt was unable to connect to the specified database.
The database returned the following error:

  >'NoneType' object has no attribute 'close'

Check your database credentials and try again. For more information, visit:
https://docs.getdbt.com/docs/configure-your-profile


[0m13:48:33.776396 [debug] [MainThread]: Command `dbt debug` failed at 13:48:33.776285 after 2.12 seconds
[0m13:48:33.776734 [debug] [MainThread]: Sending event: {'category': 'dbt', 'action': 'invocation', 'label': 'end', 'context': [<snowplow_tracker.self_describing_json.SelfDescribingJson object at 0x00000258B6FDF5C0>, <snowplow_tracker.self_describing_json.SelfDescribingJson object at 0x00000258B71AAD50>, <snowplow_tracker.self_describing_json.SelfDescribingJson object at 0x00000258B7175F20>]}
[0m13:48:33.777118 [debug] [MainThread]: Flushing usage events
[0m13:48:35.478488 [debug] [MainThread]: An error was encountered while trying to flush usage events
[0m13:55:32.094551 [debug] [MainThread]: Sending event: {'category': 'dbt', 'action': 'invocation', 'label': 'start', 'context': [<snowplow_tracker.self_describing_json.SelfDescribingJson object at 0x000001CCFF63A7B0>, <snowplow_tracker.self_describing_json.SelfDescribingJson object at 0x000001CCFD204E10>, <snowplow_tracker.self_describing_json.SelfDescribingJson object at 0x000001CC81FE3C50>]}


============================== 13:55:32.099443 | f54d019c-e7d8-4f3c-b271-f844716e17af ==============================
[0m13:55:32.099443 [info ] [MainThread]: Running with dbt=1.12.4
[0m13:55:32.100526 [debug] [MainThread]: running dbt with arguments {'version_check': 'True', 'no_print': 'None', 'maximum_seed_size_mib': '1', 'warn_error_options': 'WarnErrorOptionsV2(error=[], warn=[], silence=[])', 'target_path': 'None', 'static_parser': 'True', 'printer_width': '80', 'write_json': 'True', 'empty': 'None', 'log_cache_events': 'False', 'introspect': 'True', 'cache_selected_only': 'False', 'log_format': 'default', 'debug': 'False', 'fail_fast': 'False', 'partial_parse': 'True', 'send_anonymous_usage_stats': 'True', 'quiet': 'False', 'warn_error': 'None', 'profiles_dir': 'C:\\Users\\USER\\.dbt', 'invocation_command': 'dbt debug', 'hints_enabled': 'True', 'use_colors': 'True', 'use_experimental_parser': 'False', 'indirect_selection': 'eager', 'log_path': 'C:\\Users\\USER\\analytics-portofolio\\olist_dbt\\logs'}
[0m13:55:32.127044 [info ] [MainThread]: dbt version: 1.12.4
[0m13:55:32.127582 [info ] [MainThread]: python version: 3.14.7
[0m13:55:32.127995 [info ] [MainThread]: python path: C:\Users\USER\analytics-portofolio\venv\Scripts\python.exe
[0m13:55:32.128410 [info ] [MainThread]: os info: Windows-10-10.0.19045-SP0
[0m13:55:33.808195 [info ] [MainThread]: Using profiles dir at C:\Users\USER\.dbt
[0m13:55:33.808768 [info ] [MainThread]: Using profiles.yml file at C:\Users\USER\.dbt\profiles.yml
[0m13:55:33.809188 [info ] [MainThread]: Using dbt_project.yml file at C:\Users\USER\analytics-portofolio\olist_dbt\dbt_project.yml
[0m13:55:33.809601 [info ] [MainThread]: adapter type: bigquery
[0m13:55:33.810003 [info ] [MainThread]: adapter version: 1.12.0
[0m13:55:33.927905 [info ] [MainThread]: Configuration:
[0m13:55:33.928451 [info ] [MainThread]:   profiles.yml file [[32mOK found and valid[0m]
[0m13:55:33.928858 [info ] [MainThread]:   dbt_project.yml file [[32mOK found and valid[0m]
[0m13:55:33.929256 [info ] [MainThread]: Required dependencies:
[0m13:55:33.929675 [debug] [MainThread]: Executing "git --help"
[0m13:55:34.017212 [debug] [MainThread]: STDOUT: "b"usage: git [-v | --version] [-h | --help] [-C <path>] [-c <name>=<value>]\n           [--exec-path[=<path>]] [--html-path] [--man-path] [--info-path]\n           [-p | --paginate | -P | --no-pager] [--no-replace-objects] [--no-lazy-fetch]\n           [--no-optional-locks] [--no-advice] [--bare] [--git-dir=<path>]\n           [--work-tree=<path>] [--namespace=<name>] [--config-env=<name>=<envvar>]\n           <command> [<args>]\n\nThese are common Git commands used in various situations:\n\nstart a working area (see also: git help tutorial)\n   clone      Clone a repository into a new directory\n   init       Create an empty Git repository or reinitialize an existing one\n\nwork on the current change (see also: git help everyday)\n   add        Add file contents to the index\n   mv         Move or rename a file, a directory, or a symlink\n   restore    Restore working tree files\n   rm         Remove files from the working tree and from the index\n\nexamine the history and state (see also: git help revisions)\n   bisect     Use binary search to find the commit that introduced a bug\n   diff       Show changes between commits, commit and working tree, etc\n   grep       Print lines matching a pattern\n   log        Show commit logs\n   show       Show various types of objects\n   status     Show the working tree status\n\ngrow, mark and tweak your common history\n   backfill   Download missing objects in a partial clone\n   branch     List, create, or delete branches\n   commit     Record changes to the repository\n   history    EXPERIMENTAL: Rewrite history\n   merge      Join two or more development histories together\n   rebase     Reapply commits on top of another base tip\n   reset      Set `HEAD` or the index to a known state\n   switch     Switch branches\n   tag        Create, list, delete or verify tags\n\ncollaborate (see also: git help workflows)\n   fetch      Download objects and refs from another repository\n   pull       Fetch from and integrate with another repository or a local branch\n   push       Update remote refs along with associated objects\n\n'git help -a' and 'git help -g' list available subcommands and some\nconcept guides. See 'git help <command>' or 'git help <concept>'\nto read about a specific subcommand or concept.\nSee 'git help git' for an overview of the system.\n""
[0m13:55:34.017701 [debug] [MainThread]: STDERR: "b''"
[0m13:55:34.017982 [info ] [MainThread]:  - git [[32mOK found[0m]

[0m13:55:34.018428 [info ] [MainThread]: Connection:
[0m13:55:34.019154 [info ] [MainThread]:   method: service-account
[0m13:55:34.019793 [info ] [MainThread]:   database: latihan-data-505310
[0m13:55:34.020434 [info ] [MainThread]:   execution_project: latihan-data-505310
[0m13:55:34.020936 [info ] [MainThread]:   schema: olist_dataset
[0m13:55:34.021523 [info ] [MainThread]:   location: US
[0m13:55:34.021921 [info ] [MainThread]:   priority: interactive
[0m13:55:34.022316 [info ] [MainThread]:   maximum_bytes_billed: None
[0m13:55:34.022702 [info ] [MainThread]:   reservation: None
[0m13:55:34.023089 [info ] [MainThread]:   impersonate_service_account: None
[0m13:55:34.023478 [info ] [MainThread]:   job_retry_deadline_seconds: None
[0m13:55:34.023855 [info ] [MainThread]:   job_retries: 1
[0m13:55:34.024316 [info ] [MainThread]:   job_creation_timeout_seconds: None
[0m13:55:34.024803 [info ] [MainThread]:   job_execution_timeout_seconds: 300
[0m13:55:34.025221 [info ] [MainThread]:   job_link_info_level_log: False
[0m13:55:34.025613 [info ] [MainThread]:   timeout_seconds: 300
[0m13:55:34.026010 [info ] [MainThread]:   client_id: None
[0m13:55:34.026401 [info ] [MainThread]:   token_uri: None
[0m13:55:34.026790 [info ] [MainThread]:   compute_region: None
[0m13:55:34.027182 [info ] [MainThread]:   dataproc_cluster_name: None
[0m13:55:34.027570 [info ] [MainThread]:   gcs_bucket: None
[0m13:55:34.027912 [info ] [MainThread]:   dataproc_batch: None
[0m13:55:34.028569 [info ] [MainThread]: Registered adapter: bigquery=1.12.0
[0m13:55:34.649217 [debug] [MainThread]: Acquiring new bigquery connection 'debug'
[0m13:55:34.649578 [debug] [MainThread]: On debug: select 1 as id
[0m13:55:34.649904 [debug] [MainThread]: Opening a new connection, currently in state init
[0m13:55:34.650398 [debug] [MainThread]: BigQuery adapter: Got an error when attempting to create a bigquery " "client: '[Errno 13] Permission denied: 'C:/Users/USER/analytics-portofolio/olist_dbt''
[0m13:55:34.650730 [debug] [MainThread]: BigQuery adapter: Unhandled error while running:
select 1 as id
[0m13:55:34.651015 [debug] [MainThread]: BigQuery adapter: Database Error
  [Errno 13] Permission denied: 'C:/Users/USER/analytics-portofolio/olist_dbt'
[0m13:55:34.651381 [info ] [MainThread]:   Connection test: [[31mERROR[0m]

[0m13:55:34.651819 [info ] [MainThread]: [31m1 check failed:[0m
[0m13:55:34.652250 [info ] [MainThread]: dbt was unable to connect to the specified database.
The database returned the following error:

  >'NoneType' object has no attribute 'close'

Check your database credentials and try again. For more information, visit:
https://docs.getdbt.com/docs/configure-your-profile


[0m13:55:34.653843 [debug] [MainThread]: Command `dbt debug` failed at 13:55:34.653701 after 2.83 seconds
[0m13:55:34.654219 [debug] [MainThread]: Sending event: {'category': 'dbt', 'action': 'invocation', 'label': 'end', 'context': [<snowplow_tracker.self_describing_json.SelfDescribingJson object at 0x000001CC93FB35C0>, <snowplow_tracker.self_describing_json.SelfDescribingJson object at 0x000001CC9417AD50>, <snowplow_tracker.self_describing_json.SelfDescribingJson object at 0x000001CC94145F20>]}
[0m13:55:34.654576 [debug] [MainThread]: Flushing usage events
[0m13:55:35.771495 [debug] [MainThread]: An error was encountered while trying to flush usage events
[0m14:09:26.824058 [debug] [MainThread]: Sending event: {'category': 'dbt', 'action': 'invocation', 'label': 'start', 'context': [<snowplow_tracker.self_describing_json.SelfDescribingJson object at 0x000001ADC939A7B0>, <snowplow_tracker.self_describing_json.SelfDescribingJson object at 0x000001ADC6F64E10>, <snowplow_tracker.self_describing_json.SelfDescribingJson object at 0x000001ADCBD23C50>]}


============================== 14:09:26.831480 | 9b6cffb9-4c4f-4ae1-bbbd-7e072298fe61 ==============================
[0m14:09:26.831480 [info ] [MainThread]: Running with dbt=1.12.4
[0m14:09:26.832390 [debug] [MainThread]: running dbt with arguments {'version_check': 'True', 'no_print': 'None', 'static_parser': 'True', 'target_path': 'None', 'maximum_seed_size_mib': '1', 'warn_error_options': 'WarnErrorOptionsV2(error=[], warn=[], silence=[])', 'printer_width': '80', 'write_json': 'True', 'introspect': 'True', 'log_cache_events': 'False', 'empty': 'None', 'cache_selected_only': 'False', 'log_format': 'default', 'debug': 'False', 'fail_fast': 'False', 'profiles_dir': 'C:\\Users\\USER\\.dbt', 'send_anonymous_usage_stats': 'True', 'quiet': 'False', 'warn_error': 'None', 'partial_parse': 'True', 'indirect_selection': 'eager', 'hints_enabled': 'True', 'use_colors': 'True', 'use_experimental_parser': 'False', 'invocation_command': 'dbt debug', 'log_path': 'C:\\Users\\USER\\analytics-portofolio\\olist_dbt\\logs'}
[0m14:09:26.891085 [info ] [MainThread]: dbt version: 1.12.4
[0m14:09:26.891606 [info ] [MainThread]: python version: 3.14.7
[0m14:09:26.892012 [info ] [MainThread]: python path: C:\Users\USER\analytics-portofolio\venv\Scripts\python.exe
[0m14:09:26.892401 [info ] [MainThread]: os info: Windows-10-10.0.19045-SP0
[0m14:09:28.947422 [info ] [MainThread]: Using profiles dir at C:\Users\USER\.dbt
[0m14:09:28.947931 [info ] [MainThread]: Using profiles.yml file at C:\Users\USER\.dbt\profiles.yml
[0m14:09:28.948256 [info ] [MainThread]: Using dbt_project.yml file at C:\Users\USER\analytics-portofolio\olist_dbt\dbt_project.yml
[0m14:09:28.948567 [info ] [MainThread]: adapter type: bigquery
[0m14:09:28.948867 [info ] [MainThread]: adapter version: 1.12.0
[0m14:09:29.057317 [info ] [MainThread]: Configuration:
[0m14:09:29.057852 [info ] [MainThread]:   profiles.yml file [[32mOK found and valid[0m]
[0m14:09:29.058276 [info ] [MainThread]:   dbt_project.yml file [[32mOK found and valid[0m]
[0m14:09:29.058675 [info ] [MainThread]: Required dependencies:
[0m14:09:29.059089 [debug] [MainThread]: Executing "git --help"
[0m14:09:29.168154 [debug] [MainThread]: STDOUT: "b"usage: git [-v | --version] [-h | --help] [-C <path>] [-c <name>=<value>]\n           [--exec-path[=<path>]] [--html-path] [--man-path] [--info-path]\n           [-p | --paginate | -P | --no-pager] [--no-replace-objects] [--no-lazy-fetch]\n           [--no-optional-locks] [--no-advice] [--bare] [--git-dir=<path>]\n           [--work-tree=<path>] [--namespace=<name>] [--config-env=<name>=<envvar>]\n           <command> [<args>]\n\nThese are common Git commands used in various situations:\n\nstart a working area (see also: git help tutorial)\n   clone      Clone a repository into a new directory\n   init       Create an empty Git repository or reinitialize an existing one\n\nwork on the current change (see also: git help everyday)\n   add        Add file contents to the index\n   mv         Move or rename a file, a directory, or a symlink\n   restore    Restore working tree files\n   rm         Remove files from the working tree and from the index\n\nexamine the history and state (see also: git help revisions)\n   bisect     Use binary search to find the commit that introduced a bug\n   diff       Show changes between commits, commit and working tree, etc\n   grep       Print lines matching a pattern\n   log        Show commit logs\n   show       Show various types of objects\n   status     Show the working tree status\n\ngrow, mark and tweak your common history\n   backfill   Download missing objects in a partial clone\n   branch     List, create, or delete branches\n   commit     Record changes to the repository\n   history    EXPERIMENTAL: Rewrite history\n   merge      Join two or more development histories together\n   rebase     Reapply commits on top of another base tip\n   reset      Set `HEAD` or the index to a known state\n   switch     Switch branches\n   tag        Create, list, delete or verify tags\n\ncollaborate (see also: git help workflows)\n   fetch      Download objects and refs from another repository\n   pull       Fetch from and integrate with another repository or a local branch\n   push       Update remote refs along with associated objects\n\n'git help -a' and 'git help -g' list available subcommands and some\nconcept guides. See 'git help <command>' or 'git help <concept>'\nto read about a specific subcommand or concept.\nSee 'git help git' for an overview of the system.\n""
[0m14:09:29.168633 [debug] [MainThread]: STDERR: "b''"
[0m14:09:29.168935 [info ] [MainThread]:  - git [[32mOK found[0m]

[0m14:09:29.169364 [info ] [MainThread]: Connection:
[0m14:09:29.169797 [info ] [MainThread]:   method: service-account
[0m14:09:29.170245 [info ] [MainThread]:   database: latihan-data-505310
[0m14:09:29.170640 [info ] [MainThread]:   execution_project: latihan-data-505310
[0m14:09:29.171011 [info ] [MainThread]:   schema: olist_dataset
[0m14:09:29.171400 [info ] [MainThread]:   location: US
[0m14:09:29.171776 [info ] [MainThread]:   priority: interactive
[0m14:09:29.172151 [info ] [MainThread]:   maximum_bytes_billed: None
[0m14:09:29.172513 [info ] [MainThread]:   reservation: None
[0m14:09:29.172874 [info ] [MainThread]:   impersonate_service_account: None
[0m14:09:29.173236 [info ] [MainThread]:   job_retry_deadline_seconds: None
[0m14:09:29.173602 [info ] [MainThread]:   job_retries: 1
[0m14:09:29.173977 [info ] [MainThread]:   job_creation_timeout_seconds: None
[0m14:09:29.175029 [info ] [MainThread]:   job_execution_timeout_seconds: 300
[0m14:09:29.175605 [info ] [MainThread]:   job_link_info_level_log: False
[0m14:09:29.176321 [info ] [MainThread]:   timeout_seconds: 300
[0m14:09:29.176883 [info ] [MainThread]:   client_id: None
[0m14:09:29.177354 [info ] [MainThread]:   token_uri: None
[0m14:09:29.178083 [info ] [MainThread]:   compute_region: None
[0m14:09:29.178410 [info ] [MainThread]:   dataproc_cluster_name: None
[0m14:09:29.178763 [info ] [MainThread]:   gcs_bucket: None
[0m14:09:29.179258 [info ] [MainThread]:   dataproc_batch: None
[0m14:09:29.180013 [info ] [MainThread]: Registered adapter: bigquery=1.12.0
[0m14:09:29.791790 [debug] [MainThread]: Acquiring new bigquery connection 'debug'
[0m14:09:29.792193 [debug] [MainThread]: On debug: select 1 as id
[0m14:09:29.792526 [debug] [MainThread]: Opening a new connection, currently in state init
[0m14:09:29.793081 [debug] [MainThread]: BigQuery adapter: Got an error when attempting to create a bigquery " "client: '[Errno 13] Permission denied: 'C:/Users/USER/analytics-portofolio/olist_dbt''
[0m14:09:29.793424 [debug] [MainThread]: BigQuery adapter: Unhandled error while running:
select 1 as id
[0m14:09:29.793707 [debug] [MainThread]: BigQuery adapter: Database Error
  [Errno 13] Permission denied: 'C:/Users/USER/analytics-portofolio/olist_dbt'
[0m14:09:29.793991 [info ] [MainThread]:   Connection test: [[31mERROR[0m]

[0m14:09:29.794536 [info ] [MainThread]: [31m1 check failed:[0m
[0m14:09:29.795104 [info ] [MainThread]: dbt was unable to connect to the specified database.
The database returned the following error:

  >'NoneType' object has no attribute 'close'

Check your database credentials and try again. For more information, visit:
https://docs.getdbt.com/docs/configure-your-profile


[0m14:09:29.796668 [debug] [MainThread]: Command `dbt debug` failed at 14:09:29.796549 after 3.19 seconds
[0m14:09:29.797029 [debug] [MainThread]: Sending event: {'category': 'dbt', 'action': 'invocation', 'label': 'end', 'context': [<snowplow_tracker.self_describing_json.SelfDescribingJson object at 0x000001ADDDBE35C0>, <snowplow_tracker.self_describing_json.SelfDescribingJson object at 0x000001ADDDDAAD50>, <snowplow_tracker.self_describing_json.SelfDescribingJson object at 0x000001ADDDD75F20>]}
[0m14:09:29.797397 [debug] [MainThread]: Flushing usage events
[0m14:09:30.967988 [debug] [MainThread]: An error was encountered while trying to flush usage events
[0m14:10:21.449943 [debug] [MainThread]: Sending event: {'category': 'dbt', 'action': 'invocation', 'label': 'start', 'context': [<snowplow_tracker.self_describing_json.SelfDescribingJson object at 0x0000021B9716A7B0>, <snowplow_tracker.self_describing_json.SelfDescribingJson object at 0x0000021B94D34E10>, <snowplow_tracker.self_describing_json.SelfDescribingJson object at 0x0000021B99AF3C50>]}


============================== 14:10:21.454049 | 6acd1acf-4c76-4b12-90aa-06be0322f85b ==============================
[0m14:10:21.454049 [info ] [MainThread]: Running with dbt=1.12.4
[0m14:10:21.454736 [debug] [MainThread]: running dbt with arguments {'maximum_seed_size_mib': '1', 'no_print': 'None', 'version_check': 'True', 'target_path': 'None', 'warn_error_options': 'WarnErrorOptionsV2(error=[], warn=[], silence=[])', 'static_parser': 'True', 'printer_width': '80', 'write_json': 'True', 'introspect': 'True', 'log_cache_events': 'False', 'empty': 'None', 'cache_selected_only': 'False', 'log_format': 'default', 'debug': 'False', 'fail_fast': 'False', 'partial_parse': 'True', 'send_anonymous_usage_stats': 'True', 'quiet': 'False', 'warn_error': 'None', 'profiles_dir': 'C:\\Users\\USER\\.dbt', 'use_colors': 'True', 'hints_enabled': 'True', 'invocation_command': 'dbt debug', 'use_experimental_parser': 'False', 'indirect_selection': 'eager', 'log_path': 'C:\\Users\\USER\\analytics-portofolio\\olist_dbt\\logs'}
[0m14:10:21.476517 [info ] [MainThread]: dbt version: 1.12.4
[0m14:10:21.477079 [info ] [MainThread]: python version: 3.14.7
[0m14:10:21.477480 [info ] [MainThread]: python path: C:\Users\USER\analytics-portofolio\venv\Scripts\python.exe
[0m14:10:21.477864 [info ] [MainThread]: os info: Windows-10-10.0.19045-SP0
[0m14:10:22.475370 [info ] [MainThread]: Using profiles dir at C:\Users\USER\.dbt
[0m14:10:22.475928 [info ] [MainThread]: Using profiles.yml file at C:\Users\USER\.dbt\profiles.yml
[0m14:10:22.476425 [info ] [MainThread]: Using dbt_project.yml file at C:\Users\USER\analytics-portofolio\olist_dbt\dbt_project.yml
[0m14:10:22.476952 [info ] [MainThread]: adapter type: bigquery
[0m14:10:22.477352 [info ] [MainThread]: adapter version: 1.12.0
[0m14:10:22.588235 [info ] [MainThread]: Configuration:
[0m14:10:22.588737 [info ] [MainThread]:   profiles.yml file [[32mOK found and valid[0m]
[0m14:10:22.589234 [info ] [MainThread]:   dbt_project.yml file [[32mOK found and valid[0m]
[0m14:10:22.589742 [info ] [MainThread]: Required dependencies:
[0m14:10:22.590302 [debug] [MainThread]: Executing "git --help"
[0m14:10:22.673276 [debug] [MainThread]: STDOUT: "b"usage: git [-v | --version] [-h | --help] [-C <path>] [-c <name>=<value>]\n           [--exec-path[=<path>]] [--html-path] [--man-path] [--info-path]\n           [-p | --paginate | -P | --no-pager] [--no-replace-objects] [--no-lazy-fetch]\n           [--no-optional-locks] [--no-advice] [--bare] [--git-dir=<path>]\n           [--work-tree=<path>] [--namespace=<name>] [--config-env=<name>=<envvar>]\n           <command> [<args>]\n\nThese are common Git commands used in various situations:\n\nstart a working area (see also: git help tutorial)\n   clone      Clone a repository into a new directory\n   init       Create an empty Git repository or reinitialize an existing one\n\nwork on the current change (see also: git help everyday)\n   add        Add file contents to the index\n   mv         Move or rename a file, a directory, or a symlink\n   restore    Restore working tree files\n   rm         Remove files from the working tree and from the index\n\nexamine the history and state (see also: git help revisions)\n   bisect     Use binary search to find the commit that introduced a bug\n   diff       Show changes between commits, commit and working tree, etc\n   grep       Print lines matching a pattern\n   log        Show commit logs\n   show       Show various types of objects\n   status     Show the working tree status\n\ngrow, mark and tweak your common history\n   backfill   Download missing objects in a partial clone\n   branch     List, create, or delete branches\n   commit     Record changes to the repository\n   history    EXPERIMENTAL: Rewrite history\n   merge      Join two or more development histories together\n   rebase     Reapply commits on top of another base tip\n   reset      Set `HEAD` or the index to a known state\n   switch     Switch branches\n   tag        Create, list, delete or verify tags\n\ncollaborate (see also: git help workflows)\n   fetch      Download objects and refs from another repository\n   pull       Fetch from and integrate with another repository or a local branch\n   push       Update remote refs along with associated objects\n\n'git help -a' and 'git help -g' list available subcommands and some\nconcept guides. See 'git help <command>' or 'git help <concept>'\nto read about a specific subcommand or concept.\nSee 'git help git' for an overview of the system.\n""
[0m14:10:22.673732 [debug] [MainThread]: STDERR: "b''"
[0m14:10:22.674012 [info ] [MainThread]:  - git [[32mOK found[0m]

[0m14:10:22.674415 [info ] [MainThread]: Connection:
[0m14:10:22.674831 [info ] [MainThread]:   method: service-account
[0m14:10:22.675215 [info ] [MainThread]:   database: latihan-data-505310
[0m14:10:22.675630 [info ] [MainThread]:   execution_project: latihan-data-505310
[0m14:10:22.676014 [info ] [MainThread]:   schema: olist_dataset
[0m14:10:22.676396 [info ] [MainThread]:   location: US
[0m14:10:22.676779 [info ] [MainThread]:   priority: interactive
[0m14:10:22.677167 [info ] [MainThread]:   maximum_bytes_billed: None
[0m14:10:22.677549 [info ] [MainThread]:   reservation: None
[0m14:10:22.677932 [info ] [MainThread]:   impersonate_service_account: None
[0m14:10:22.678318 [info ] [MainThread]:   job_retry_deadline_seconds: None
[0m14:10:22.678702 [info ] [MainThread]:   job_retries: 1
[0m14:10:22.679087 [info ] [MainThread]:   job_creation_timeout_seconds: None
[0m14:10:22.679458 [info ] [MainThread]:   job_execution_timeout_seconds: 300
[0m14:10:22.679847 [info ] [MainThread]:   job_link_info_level_log: False
[0m14:10:22.680324 [info ] [MainThread]:   timeout_seconds: 300
[0m14:10:22.680821 [info ] [MainThread]:   client_id: None
[0m14:10:22.681385 [info ] [MainThread]:   token_uri: None
[0m14:10:22.682021 [info ] [MainThread]:   compute_region: None
[0m14:10:22.682759 [info ] [MainThread]:   dataproc_cluster_name: None
[0m14:10:22.683353 [info ] [MainThread]:   gcs_bucket: None
[0m14:10:22.684088 [info ] [MainThread]:   dataproc_batch: None
[0m14:10:22.684725 [info ] [MainThread]: Registered adapter: bigquery=1.12.0
[0m14:10:23.285198 [debug] [MainThread]: Acquiring new bigquery connection 'debug'
[0m14:10:23.285554 [debug] [MainThread]: On debug: select 1 as id
[0m14:10:23.285876 [debug] [MainThread]: Opening a new connection, currently in state init
[0m14:10:26.578254 [debug] [MainThread]: BigQuery adapter: https://console.cloud.google.com/bigquery?project=latihan-data-505310&j=bq:US:1bb773dd-4102-4e36-ba64-209ed23e53d8&page=queryresults
[0m14:10:27.254507 [debug] [MainThread]: SQL status: OK in 0.675 seconds
[0m14:10:28.372741 [info ] [MainThread]:   Connection test: [[32mOK connection ok[0m]

[0m14:10:28.373310 [info ] [MainThread]: [32mAll checks passed![0m
[0m14:10:28.374586 [debug] [MainThread]: Command `dbt debug` succeeded at 14:10:28.374476 after 7.14 seconds
[0m14:10:28.374880 [debug] [MainThread]: Connection 'debug' was properly closed.
[0m14:10:28.375191 [debug] [MainThread]: Sending event: {'category': 'dbt', 'action': 'invocation', 'label': 'end', 'context': [<snowplow_tracker.self_describing_json.SelfDescribingJson object at 0x0000021BAB97EB10>, <snowplow_tracker.self_describing_json.SelfDescribingJson object at 0x0000021BABB4BAD0>, <snowplow_tracker.self_describing_json.SelfDescribingJson object at 0x0000021BAB9F2250>]}
[0m14:10:28.375530 [debug] [MainThread]: Flushing usage events
[0m14:10:29.507386 [debug] [MainThread]: An error was encountered while trying to flush usage events
[0m14:19:12.700704 [debug] [MainThread]: Sending event: {'category': 'dbt', 'action': 'invocation', 'label': 'start', 'context': [<snowplow_tracker.self_describing_json.SelfDescribingJson object at 0x000002018005E7B0>, <snowplow_tracker.self_describing_json.SelfDescribingJson object at 0x00000201FDB70E10>, <snowplow_tracker.self_describing_json.SelfDescribingJson object at 0x0000020182A379D0>]}


============================== 14:19:12.708611 | 44a8ca3e-d438-40e8-8ffa-fda418819ba6 ==============================
[0m14:19:12.708611 [info ] [MainThread]: Running with dbt=1.12.4
[0m14:19:12.709570 [debug] [MainThread]: running dbt with arguments {'static_parser': 'True', 'no_print': 'None', 'maximum_seed_size_mib': '1', 'target_path': 'None', 'warn_error_options': 'WarnErrorOptionsV2(error=[], warn=[], silence=[])', 'version_check': 'True', 'printer_width': '80', 'write_json': 'True', 'empty': 'False', 'log_cache_events': 'False', 'introspect': 'True', 'cache_selected_only': 'False', 'log_format': 'default', 'debug': 'False', 'fail_fast': 'False', 'profiles_dir': 'C:\\Users\\USER\\.dbt', 'send_anonymous_usage_stats': 'True', 'quiet': 'False', 'warn_error': 'None', 'partial_parse': 'True', 'indirect_selection': 'eager', 'hints_enabled': 'True', 'use_colors': 'True', 'use_experimental_parser': 'False', 'invocation_command': 'dbt run --select stg_orders', 'log_path': 'C:\\Users\\USER\\analytics-portofolio\\olist_dbt\\logs'}
[0m14:19:14.856079 [debug] [MainThread]: Sending event: {'category': 'dbt', 'action': 'project_id', 'label': '44a8ca3e-d438-40e8-8ffa-fda418819ba6', 'context': [<snowplow_tracker.self_describing_json.SelfDescribingJson object at 0x00000201949A2060>]}
[0m14:19:14.921922 [debug] [MainThread]: Sending event: {'category': 'dbt', 'action': 'adapter_info', 'label': '44a8ca3e-d438-40e8-8ffa-fda418819ba6', 'context': [<snowplow_tracker.self_describing_json.SelfDescribingJson object at 0x0000020194A9B680>]}
[0m14:19:14.922810 [info ] [MainThread]: Registered adapter: bigquery=1.12.0
[0m14:19:15.597852 [debug] [MainThread]: checksum: 3326a0a5e08c0e49abdf21ef4bcbbe25e27dc0caf425e068257066cc97e24815, vars: {}, profile: olist_dbt, target: dev, version: 1.12.4
[0m14:19:15.599289 [info ] [MainThread]: Unable to do partial parsing because saved manifest not found. Starting full parse.
[0m14:19:15.599881 [debug] [MainThread]: Sending event: {'category': 'dbt', 'action': 'partial_parser', 'label': '44a8ca3e-d438-40e8-8ffa-fda418819ba6', 'context': [<snowplow_tracker.self_describing_json.SelfDescribingJson object at 0x000002019498CC50>]}
[0m14:19:17.443033 [debug] [MainThread]: Sending event: {'category': 'dbt', 'action': 'load_project', 'label': '44a8ca3e-d438-40e8-8ffa-fda418819ba6', 'context': [<snowplow_tracker.self_describing_json.SelfDescribingJson object at 0x0000020182A5CAA0>]}
[0m14:19:17.551685 [debug] [MainThread]: Wrote artifact WritableManifest to C:\Users\USER\analytics-portofolio\olist_dbt\target\manifest.json
[0m14:19:17.558069 [debug] [MainThread]: Wrote artifact SemanticManifest to C:\Users\USER\analytics-portofolio\olist_dbt\target\semantic_manifest.json
[0m14:19:17.631593 [debug] [MainThread]: Wrote artifact OsiDocument to C:\Users\USER\analytics-portofolio\olist_dbt\target\osi_document.json
[0m14:19:17.667467 [debug] [MainThread]: Sending event: {'category': 'dbt', 'action': 'resource_counts', 'label': '44a8ca3e-d438-40e8-8ffa-fda418819ba6', 'context': [<snowplow_tracker.self_describing_json.SelfDescribingJson object at 0x0000020196269B70>]}
[0m14:19:17.667916 [info ] [MainThread]: Found 3 models, 6 data tests, 1 source, 561 macros
[0m14:19:17.668320 [debug] [MainThread]: Sending event: {'category': 'dbt', 'action': 'runnable_timing', 'label': '44a8ca3e-d438-40e8-8ffa-fda418819ba6', 'context': [<snowplow_tracker.self_describing_json.SelfDescribingJson object at 0x00000201964CCC80>]}
[0m14:19:17.670249 [warn ] [MainThread]: [[33mWARNING[0m]: Nothing to do. Try checking your model configs and model specification args
[0m14:19:17.670837 [debug] [MainThread]: Command end result
[0m14:19:17.713648 [debug] [MainThread]: Wrote artifact WritableManifest to C:\Users\USER\analytics-portofolio\olist_dbt\target\manifest.json
[0m14:19:17.717774 [debug] [MainThread]: Wrote artifact SemanticManifest to C:\Users\USER\analytics-portofolio\olist_dbt\target\semantic_manifest.json
[0m14:19:17.722624 [debug] [MainThread]: Wrote artifact OsiDocument to C:\Users\USER\analytics-portofolio\olist_dbt\target\osi_document.json
[0m14:19:17.726760 [debug] [MainThread]: Wrote artifact RunExecutionResult to C:\Users\USER\analytics-portofolio\olist_dbt\target\run_results.json
[0m14:19:17.727870 [debug] [MainThread]: Command `dbt run` succeeded at 14:19:17.727761 after 5.24 seconds
[0m14:19:17.728208 [debug] [MainThread]: Sending event: {'category': 'dbt', 'action': 'invocation', 'label': 'end', 'context': [<snowplow_tracker.self_describing_json.SelfDescribingJson object at 0x00000201964AABD0>, <snowplow_tracker.self_describing_json.SelfDescribingJson object at 0x0000020182A0B750>, <snowplow_tracker.self_describing_json.SelfDescribingJson object at 0x0000020182A0BAC0>]}
[0m14:19:17.728528 [debug] [MainThread]: Flushing usage events
[0m14:19:19.030140 [debug] [MainThread]: An error was encountered while trying to flush usage events
[0m14:30:52.988057 [debug] [MainThread]: Sending event: {'category': 'dbt', 'action': 'invocation', 'label': 'start', 'context': [<snowplow_tracker.self_describing_json.SelfDescribingJson object at 0x0000018AF28DA7B0>, <snowplow_tracker.self_describing_json.SelfDescribingJson object at 0x0000018AF0490E10>, <snowplow_tracker.self_describing_json.SelfDescribingJson object at 0x0000018AF52AF9D0>]}


============================== 14:30:52.994717 | e9a0ff4a-c08e-4126-bee5-425d354d3fa6 ==============================
[0m14:30:52.994717 [info ] [MainThread]: Running with dbt=1.12.4
[0m14:30:52.995356 [debug] [MainThread]: running dbt with arguments {'maximum_seed_size_mib': '1', 'no_print': 'None', 'version_check': 'True', 'target_path': 'None', 'static_parser': 'True', 'warn_error_options': 'WarnErrorOptionsV2(error=[], warn=[], silence=[])', 'printer_width': '80', 'write_json': 'True', 'introspect': 'True', 'log_cache_events': 'False', 'empty': 'False', 'cache_selected_only': 'False', 'log_format': 'default', 'debug': 'False', 'fail_fast': 'False', 'partial_parse': 'True', 'send_anonymous_usage_stats': 'True', 'quiet': 'False', 'warn_error': 'None', 'profiles_dir': 'C:\\Users\\USER\\.dbt', 'invocation_command': 'dbt run --select stg_orders', 'hints_enabled': 'True', 'indirect_selection': 'eager', 'use_experimental_parser': 'False', 'use_colors': 'True', 'log_path': 'C:\\Users\\USER\\analytics-portofolio\\olist_dbt\\logs'}
[0m14:30:54.989973 [debug] [MainThread]: Sending event: {'category': 'dbt', 'action': 'project_id', 'label': 'e9a0ff4a-c08e-4126-bee5-425d354d3fa6', 'context': [<snowplow_tracker.self_describing_json.SelfDescribingJson object at 0x0000018A87272060>]}
[0m14:30:55.054943 [debug] [MainThread]: Sending event: {'category': 'dbt', 'action': 'adapter_info', 'label': 'e9a0ff4a-c08e-4126-bee5-425d354d3fa6', 'context': [<snowplow_tracker.self_describing_json.SelfDescribingJson object at 0x0000018A8736B680>]}
[0m14:30:55.055831 [info ] [MainThread]: Registered adapter: bigquery=1.12.0
[0m14:30:55.656965 [debug] [MainThread]: checksum: 3326a0a5e08c0e49abdf21ef4bcbbe25e27dc0caf425e068257066cc97e24815, vars: {}, profile: olist_dbt, target: dev, version: 1.12.4
[0m14:30:55.910491 [debug] [MainThread]: Partial parsing enabled: 0 files deleted, 0 files added, 1 files changed.
[0m14:30:55.911067 [debug] [MainThread]: Partial parsing: updated file: olist_dbt://models\example\sources.yml
[0m14:30:56.237869 [debug] [MainThread]: Sending event: {'category': 'dbt', 'action': 'load_project', 'label': 'e9a0ff4a-c08e-4126-bee5-425d354d3fa6', 'context': [<snowplow_tracker.self_describing_json.SelfDescribingJson object at 0x0000018A88A84250>]}
[0m14:30:56.337233 [debug] [MainThread]: Wrote artifact WritableManifest to C:\Users\USER\analytics-portofolio\olist_dbt\target\manifest.json
[0m14:30:56.344200 [debug] [MainThread]: Wrote artifact SemanticManifest to C:\Users\USER\analytics-portofolio\olist_dbt\target\semantic_manifest.json
[0m14:30:56.398724 [debug] [MainThread]: Wrote artifact OsiDocument to C:\Users\USER\analytics-portofolio\olist_dbt\target\osi_document.json
[0m14:30:56.423335 [debug] [MainThread]: Sending event: {'category': 'dbt', 'action': 'resource_counts', 'label': 'e9a0ff4a-c08e-4126-bee5-425d354d3fa6', 'context': [<snowplow_tracker.self_describing_json.SelfDescribingJson object at 0x0000018A88BF3D40>]}
[0m14:30:56.423800 [info ] [MainThread]: Found 3 models, 6 data tests, 1 source, 561 macros
[0m14:30:56.424245 [debug] [MainThread]: Sending event: {'category': 'dbt', 'action': 'runnable_timing', 'label': 'e9a0ff4a-c08e-4126-bee5-425d354d3fa6', 'context': [<snowplow_tracker.self_describing_json.SelfDescribingJson object at 0x0000018A88C357F0>]}
[0m14:30:56.425694 [warn ] [MainThread]: [[33mWARNING[0m]: Nothing to do. Try checking your model configs and model specification args
[0m14:30:56.426309 [debug] [MainThread]: Command end result
[0m14:30:56.464605 [debug] [MainThread]: Wrote artifact WritableManifest to C:\Users\USER\analytics-portofolio\olist_dbt\target\manifest.json
[0m14:30:56.468517 [debug] [MainThread]: Wrote artifact SemanticManifest to C:\Users\USER\analytics-portofolio\olist_dbt\target\semantic_manifest.json
[0m14:30:56.472530 [debug] [MainThread]: Wrote artifact OsiDocument to C:\Users\USER\analytics-portofolio\olist_dbt\target\osi_document.json
[0m14:30:56.476375 [debug] [MainThread]: Wrote artifact RunExecutionResult to C:\Users\USER\analytics-portofolio\olist_dbt\target\run_results.json
[0m14:30:56.477499 [debug] [MainThread]: Command `dbt run` succeeded at 14:30:56.477388 after 3.71 seconds
[0m14:30:56.477837 [debug] [MainThread]: Sending event: {'category': 'dbt', 'action': 'invocation', 'label': 'end', 'context': [<snowplow_tracker.self_describing_json.SelfDescribingJson object at 0x0000018AF35B3110>, <snowplow_tracker.self_describing_json.SelfDescribingJson object at 0x0000018A8777EED0>, <snowplow_tracker.self_describing_json.SelfDescribingJson object at 0x0000018A8777F1D0>]}
[0m14:30:56.478160 [debug] [MainThread]: Flushing usage events
[0m14:30:57.658085 [debug] [MainThread]: An error was encountered while trying to flush usage events
[0m14:31:27.726781 [debug] [MainThread]: Sending event: {'category': 'dbt', 'action': 'invocation', 'label': 'start', 'context': [<snowplow_tracker.self_describing_json.SelfDescribingJson object at 0x000001DE4A00E7B0>, <snowplow_tracker.self_describing_json.SelfDescribingJson object at 0x000001DE47BC4E10>, <snowplow_tracker.self_describing_json.SelfDescribingJson object at 0x000001DE4C9E79D0>]}


============================== 14:31:27.732731 | e5f65a63-a0f1-4899-889b-98b05e6124da ==============================
[0m14:31:27.732731 [info ] [MainThread]: Running with dbt=1.12.4
[0m14:31:27.733395 [debug] [MainThread]: running dbt with arguments {'maximum_seed_size_mib': '1', 'no_print': 'None', 'version_check': 'True', 'target_path': 'None', 'warn_error_options': 'WarnErrorOptionsV2(error=[], warn=[], silence=[])', 'static_parser': 'True', 'printer_width': '80', 'write_json': 'True', 'empty': 'False', 'log_cache_events': 'False', 'introspect': 'True', 'cache_selected_only': 'False', 'log_format': 'default', 'debug': 'False', 'fail_fast': 'False', 'partial_parse': 'True', 'send_anonymous_usage_stats': 'True', 'quiet': 'False', 'warn_error': 'None', 'profiles_dir': 'C:\\Users\\USER\\.dbt', 'indirect_selection': 'eager', 'hints_enabled': 'True', 'use_colors': 'True', 'use_experimental_parser': 'False', 'invocation_command': 'dbt run --select stg_orders', 'log_path': 'C:\\Users\\USER\\analytics-portofolio\\olist_dbt\\logs'}
[0m14:31:28.945995 [debug] [MainThread]: Sending event: {'category': 'dbt', 'action': 'project_id', 'label': 'e5f65a63-a0f1-4899-889b-98b05e6124da', 'context': [<snowplow_tracker.self_describing_json.SelfDescribingJson object at 0x000001DE5E812060>]}
[0m14:31:29.011748 [debug] [MainThread]: Sending event: {'category': 'dbt', 'action': 'adapter_info', 'label': 'e5f65a63-a0f1-4899-889b-98b05e6124da', 'context': [<snowplow_tracker.self_describing_json.SelfDescribingJson object at 0x000001DE5E90B680>]}
[0m14:31:29.012571 [info ] [MainThread]: Registered adapter: bigquery=1.12.0
[0m14:31:29.611484 [debug] [MainThread]: checksum: 3326a0a5e08c0e49abdf21ef4bcbbe25e27dc0caf425e068257066cc97e24815, vars: {}, profile: olist_dbt, target: dev, version: 1.12.4
[0m14:31:29.824211 [debug] [MainThread]: Partial parsing enabled: 0 files deleted, 0 files added, 0 files changed.
[0m14:31:29.824576 [debug] [MainThread]: Nothing changed, skipping partial parsing.
[0m14:31:29.824832 [debug] [MainThread]: Partial parsing enabled, no changes found, skipping parsing
[0m14:31:29.833680 [debug] [MainThread]: Sending event: {'category': 'dbt', 'action': 'load_project', 'label': 'e5f65a63-a0f1-4899-889b-98b05e6124da', 'context': [<snowplow_tracker.self_describing_json.SelfDescribingJson object at 0x000001DE5FDBC050>]}
[0m14:31:29.971960 [debug] [MainThread]: Wrote artifact WritableManifest to C:\Users\USER\analytics-portofolio\olist_dbt\target\manifest.json
[0m14:31:29.976031 [debug] [MainThread]: Wrote artifact SemanticManifest to C:\Users\USER\analytics-portofolio\olist_dbt\target\semantic_manifest.json
[0m14:31:30.003613 [debug] [MainThread]: Wrote artifact OsiDocument to C:\Users\USER\analytics-portofolio\olist_dbt\target\osi_document.json
[0m14:31:30.015704 [debug] [MainThread]: Sending event: {'category': 'dbt', 'action': 'resource_counts', 'label': 'e5f65a63-a0f1-4899-889b-98b05e6124da', 'context': [<snowplow_tracker.self_describing_json.SelfDescribingJson object at 0x000001DE5FFEC6E0>]}
[0m14:31:30.016130 [info ] [MainThread]: Found 3 models, 6 data tests, 1 source, 561 macros
[0m14:31:30.016587 [debug] [MainThread]: Sending event: {'category': 'dbt', 'action': 'runnable_timing', 'label': 'e5f65a63-a0f1-4899-889b-98b05e6124da', 'context': [<snowplow_tracker.self_describing_json.SelfDescribingJson object at 0x000001DE600175B0>]}
[0m14:31:30.018201 [warn ] [MainThread]: [[33mWARNING[0m]: Nothing to do. Try checking your model configs and model specification args
[0m14:31:30.020296 [debug] [MainThread]: Command end result
[0m14:31:30.058970 [debug] [MainThread]: Wrote artifact WritableManifest to C:\Users\USER\analytics-portofolio\olist_dbt\target\manifest.json
[0m14:31:30.062908 [debug] [MainThread]: Wrote artifact SemanticManifest to C:\Users\USER\analytics-portofolio\olist_dbt\target\semantic_manifest.json
[0m14:31:30.066722 [debug] [MainThread]: Wrote artifact OsiDocument to C:\Users\USER\analytics-portofolio\olist_dbt\target\osi_document.json
[0m14:31:30.070182 [debug] [MainThread]: Wrote artifact RunExecutionResult to C:\Users\USER\analytics-portofolio\olist_dbt\target\run_results.json
[0m14:31:30.071292 [debug] [MainThread]: Command `dbt run` succeeded at 14:31:30.071187 after 2.55 seconds
[0m14:31:30.071944 [debug] [MainThread]: Sending event: {'category': 'dbt', 'action': 'invocation', 'label': 'end', 'context': [<snowplow_tracker.self_describing_json.SelfDescribingJson object at 0x000001DE4ACE3110>, <snowplow_tracker.self_describing_json.SelfDescribingJson object at 0x000001DE600253D0>, <snowplow_tracker.self_describing_json.SelfDescribingJson object at 0x000001DE600256D0>]}
[0m14:31:30.073008 [debug] [MainThread]: Flushing usage events
[0m14:31:31.155688 [debug] [MainThread]: An error was encountered while trying to flush usage events
[0m14:58:04.185251 [debug] [MainThread]: Sending event: {'category': 'dbt', 'action': 'invocation', 'label': 'start', 'context': [<snowplow_tracker.self_describing_json.SelfDescribingJson object at 0x000002CAEC99E7B0>, <snowplow_tracker.self_describing_json.SelfDescribingJson object at 0x000002CAEA560E10>, <snowplow_tracker.self_describing_json.SelfDescribingJson object at 0x000002CAEF36F9D0>]}


============================== 14:58:04.192990 | 7c887503-36e0-4d7e-a878-a71e6b4ddc93 ==============================
[0m14:58:04.192990 [info ] [MainThread]: Running with dbt=1.12.4
[0m14:58:04.194232 [debug] [MainThread]: running dbt with arguments {'static_parser': 'True', 'no_print': 'None', 'version_check': 'True', 'target_path': 'None', 'maximum_seed_size_mib': '1', 'warn_error_options': 'WarnErrorOptionsV2(error=[], warn=[], silence=[])', 'printer_width': '80', 'write_json': 'True', 'empty': 'False', 'log_cache_events': 'False', 'introspect': 'True', 'cache_selected_only': 'False', 'log_format': 'default', 'debug': 'False', 'fail_fast': 'False', 'profiles_dir': 'C:\\Users\\USER\\.dbt', 'send_anonymous_usage_stats': 'True', 'quiet': 'False', 'warn_error': 'None', 'partial_parse': 'True', 'indirect_selection': 'eager', 'hints_enabled': 'True', 'invocation_command': 'dbt run --select staging', 'use_experimental_parser': 'False', 'use_colors': 'True', 'log_path': 'C:\\Users\\USER\\analytics-portofolio\\olist_dbt\\logs'}
[0m14:58:06.279242 [debug] [MainThread]: Sending event: {'category': 'dbt', 'action': 'project_id', 'label': '7c887503-36e0-4d7e-a878-a71e6b4ddc93', 'context': [<snowplow_tracker.self_describing_json.SelfDescribingJson object at 0x000002CA811A2060>]}
[0m14:58:06.350869 [debug] [MainThread]: Sending event: {'category': 'dbt', 'action': 'adapter_info', 'label': '7c887503-36e0-4d7e-a878-a71e6b4ddc93', 'context': [<snowplow_tracker.self_describing_json.SelfDescribingJson object at 0x000002CA8129B680>]}
[0m14:58:06.351787 [info ] [MainThread]: Registered adapter: bigquery=1.12.0
[0m14:58:07.048829 [debug] [MainThread]: checksum: 3326a0a5e08c0e49abdf21ef4bcbbe25e27dc0caf425e068257066cc97e24815, vars: {}, profile: olist_dbt, target: dev, version: 1.12.4
[0m14:58:07.326805 [debug] [MainThread]: Partial parsing enabled: 0 files deleted, 0 files added, 1 files changed.
[0m14:58:07.327433 [debug] [MainThread]: Partial parsing: updated file: olist_dbt://models\example\sources.yml
[0m14:58:07.682350 [debug] [MainThread]: Sending event: {'category': 'dbt', 'action': 'load_project', 'label': '7c887503-36e0-4d7e-a878-a71e6b4ddc93', 'context': [<snowplow_tracker.self_describing_json.SelfDescribingJson object at 0x000002CA829A0650>]}
[0m14:58:07.786354 [debug] [MainThread]: Wrote artifact WritableManifest to C:\Users\USER\analytics-portofolio\olist_dbt\target\manifest.json
[0m14:58:07.791248 [debug] [MainThread]: Wrote artifact SemanticManifest to C:\Users\USER\analytics-portofolio\olist_dbt\target\semantic_manifest.json
[0m14:58:07.833469 [debug] [MainThread]: Wrote artifact OsiDocument to C:\Users\USER\analytics-portofolio\olist_dbt\target\osi_document.json
[0m14:58:07.861856 [debug] [MainThread]: Sending event: {'category': 'dbt', 'action': 'resource_counts', 'label': '7c887503-36e0-4d7e-a878-a71e6b4ddc93', 'context': [<snowplow_tracker.self_describing_json.SelfDescribingJson object at 0x000002CA82B3C230>]}
[0m14:58:07.862304 [info ] [MainThread]: Found 3 models, 6 data tests, 6 sources, 561 macros
[0m14:58:07.862819 [debug] [MainThread]: Sending event: {'category': 'dbt', 'action': 'runnable_timing', 'label': '7c887503-36e0-4d7e-a878-a71e6b4ddc93', 'context': [<snowplow_tracker.self_describing_json.SelfDescribingJson object at 0x000002CA82B59710>]}
[0m14:58:07.863440 [warn ] [MainThread]: [[33mWARNING[0m]: The selection criterion 'staging' does not match any enabled nodes
[0m14:58:07.864831 [warn ] [MainThread]: [[33mWARNING[0m]: Nothing to do. Try checking your model configs and model specification args
[0m14:58:07.865490 [debug] [MainThread]: Command end result
[0m14:58:07.902720 [debug] [MainThread]: Wrote artifact WritableManifest to C:\Users\USER\analytics-portofolio\olist_dbt\target\manifest.json
[0m14:58:07.906625 [debug] [MainThread]: Wrote artifact SemanticManifest to C:\Users\USER\analytics-portofolio\olist_dbt\target\semantic_manifest.json
[0m14:58:07.912338 [debug] [MainThread]: Wrote artifact OsiDocument to C:\Users\USER\analytics-portofolio\olist_dbt\target\osi_document.json
[0m14:58:07.915709 [debug] [MainThread]: Wrote artifact RunExecutionResult to C:\Users\USER\analytics-portofolio\olist_dbt\target\run_results.json
[0m14:58:07.916799 [debug] [MainThread]: Command `dbt run` succeeded at 14:58:07.916690 after 4.00 seconds
[0m14:58:07.917143 [debug] [MainThread]: Sending event: {'category': 'dbt', 'action': 'invocation', 'label': 'end', 'context': [<snowplow_tracker.self_describing_json.SelfDescribingJson object at 0x000002CAED673110>, <snowplow_tracker.self_describing_json.SelfDescribingJson object at 0x000002CA81667290>, <snowplow_tracker.self_describing_json.SelfDescribingJson object at 0x000002CA81667590>]}
[0m14:58:07.917463 [debug] [MainThread]: Flushing usage events
[0m14:58:09.179406 [debug] [MainThread]: An error was encountered while trying to flush usage events
[0m14:58:53.400618 [debug] [MainThread]: Sending event: {'category': 'dbt', 'action': 'invocation', 'label': 'start', 'context': [<snowplow_tracker.self_describing_json.SelfDescribingJson object at 0x00000167E986E7B0>, <snowplow_tracker.self_describing_json.SelfDescribingJson object at 0x00000167E7434E10>, <snowplow_tracker.self_describing_json.SelfDescribingJson object at 0x00000167EC2479D0>]}


============================== 14:58:53.404802 | 90608a2d-9d45-4099-b9c1-945c56a776ed ==============================
[0m14:58:53.404802 [info ] [MainThread]: Running with dbt=1.12.4
[0m14:58:53.405449 [debug] [MainThread]: running dbt with arguments {'static_parser': 'True', 'no_print': 'None', 'version_check': 'True', 'warn_error_options': 'WarnErrorOptionsV2(error=[], warn=[], silence=[])', 'target_path': 'None', 'maximum_seed_size_mib': '1', 'printer_width': '80', 'write_json': 'True', 'introspect': 'True', 'log_cache_events': 'False', 'empty': 'False', 'cache_selected_only': 'False', 'fail_fast': 'False', 'debug': 'False', 'log_format': 'default', 'partial_parse': 'True', 'send_anonymous_usage_stats': 'True', 'quiet': 'False', 'warn_error': 'None', 'profiles_dir': 'C:\\Users\\USER\\.dbt', 'invocation_command': 'dbt run --select staging', 'hints_enabled': 'True', 'use_colors': 'True', 'use_experimental_parser': 'False', 'indirect_selection': 'eager', 'log_path': 'C:\\Users\\USER\\analytics-portofolio\\olist_dbt\\logs'}
[0m14:58:54.642403 [debug] [MainThread]: Sending event: {'category': 'dbt', 'action': 'project_id', 'label': '90608a2d-9d45-4099-b9c1-945c56a776ed', 'context': [<snowplow_tracker.self_describing_json.SelfDescribingJson object at 0x00000167FE072060>]}
[0m14:58:54.708684 [debug] [MainThread]: Sending event: {'category': 'dbt', 'action': 'adapter_info', 'label': '90608a2d-9d45-4099-b9c1-945c56a776ed', 'context': [<snowplow_tracker.self_describing_json.SelfDescribingJson object at 0x00000167FE16B680>]}
[0m14:58:54.709808 [info ] [MainThread]: Registered adapter: bigquery=1.12.0
[0m14:58:55.353968 [debug] [MainThread]: checksum: 3326a0a5e08c0e49abdf21ef4bcbbe25e27dc0caf425e068257066cc97e24815, vars: {}, profile: olist_dbt, target: dev, version: 1.12.4
[0m14:58:55.576043 [debug] [MainThread]: Partial parsing enabled: 0 files deleted, 0 files added, 1 files changed.
[0m14:58:55.576641 [debug] [MainThread]: Partial parsing: updated file: olist_dbt://models\example\staging\stg_orders.sql
[0m14:58:55.899370 [debug] [MainThread]: Sending event: {'category': 'dbt', 'action': 'load_project', 'label': '90608a2d-9d45-4099-b9c1-945c56a776ed', 'context': [<snowplow_tracker.self_describing_json.SelfDescribingJson object at 0x00000167FF53A850>]}
[0m14:58:56.011376 [debug] [MainThread]: Wrote artifact WritableManifest to C:\Users\USER\analytics-portofolio\olist_dbt\target\manifest.json
[0m14:58:56.015432 [debug] [MainThread]: Wrote artifact SemanticManifest to C:\Users\USER\analytics-portofolio\olist_dbt\target\semantic_manifest.json
[0m14:58:56.046675 [debug] [MainThread]: Wrote artifact OsiDocument to C:\Users\USER\analytics-portofolio\olist_dbt\target\osi_document.json
[0m14:58:56.060472 [debug] [MainThread]: Sending event: {'category': 'dbt', 'action': 'resource_counts', 'label': '90608a2d-9d45-4099-b9c1-945c56a776ed', 'context': [<snowplow_tracker.self_describing_json.SelfDescribingJson object at 0x00000167FF9CBB60>]}
[0m14:58:56.060946 [info ] [MainThread]: Found 3 models, 6 data tests, 6 sources, 561 macros
[0m14:58:56.061446 [debug] [MainThread]: Sending event: {'category': 'dbt', 'action': 'runnable_timing', 'label': '90608a2d-9d45-4099-b9c1-945c56a776ed', 'context': [<snowplow_tracker.self_describing_json.SelfDescribingJson object at 0x00000167FFA09D30>]}
[0m14:58:56.062140 [warn ] [MainThread]: [[33mWARNING[0m]: The selection criterion 'staging' does not match any enabled nodes
[0m14:58:56.063608 [warn ] [MainThread]: [[33mWARNING[0m]: Nothing to do. Try checking your model configs and model specification args
[0m14:58:56.064242 [debug] [MainThread]: Command end result
[0m14:58:56.102019 [debug] [MainThread]: Wrote artifact WritableManifest to C:\Users\USER\analytics-portofolio\olist_dbt\target\manifest.json
[0m14:58:56.105935 [debug] [MainThread]: Wrote artifact SemanticManifest to C:\Users\USER\analytics-portofolio\olist_dbt\target\semantic_manifest.json
[0m14:58:56.111805 [debug] [MainThread]: Wrote artifact OsiDocument to C:\Users\USER\analytics-portofolio\olist_dbt\target\osi_document.json
[0m14:58:56.115416 [debug] [MainThread]: Wrote artifact RunExecutionResult to C:\Users\USER\analytics-portofolio\olist_dbt\target\run_results.json
[0m14:58:56.116551 [debug] [MainThread]: Command `dbt run` succeeded at 14:58:56.116440 after 2.96 seconds
[0m14:58:56.116888 [debug] [MainThread]: Sending event: {'category': 'dbt', 'action': 'invocation', 'label': 'end', 'context': [<snowplow_tracker.self_describing_json.SelfDescribingJson object at 0x00000167EA543110>, <snowplow_tracker.self_describing_json.SelfDescribingJson object at 0x00000167FF54E450>, <snowplow_tracker.self_describing_json.SelfDescribingJson object at 0x00000167FF54E750>]}
[0m14:58:56.117211 [debug] [MainThread]: Flushing usage events
[0m14:58:57.266647 [debug] [MainThread]: An error was encountered while trying to flush usage events
[0m15:03:39.163789 [debug] [MainThread]: Sending event: {'category': 'dbt', 'action': 'invocation', 'label': 'start', 'context': [<snowplow_tracker.self_describing_json.SelfDescribingJson object at 0x000001292329A7B0>, <snowplow_tracker.self_describing_json.SelfDescribingJson object at 0x0000012920E64E10>, <snowplow_tracker.self_describing_json.SelfDescribingJson object at 0x0000012925C779D0>]}


============================== 15:03:39.170613 | a0990c04-55ab-421c-90d3-10b0e3bae7ab ==============================
[0m15:03:39.170613 [info ] [MainThread]: Running with dbt=1.12.4
[0m15:03:39.171539 [debug] [MainThread]: running dbt with arguments {'version_check': 'True', 'no_print': 'None', 'maximum_seed_size_mib': '1', 'warn_error_options': 'WarnErrorOptionsV2(error=[], warn=[], silence=[])', 'static_parser': 'True', 'target_path': 'None', 'printer_width': '80', 'write_json': 'True', 'empty': 'False', 'log_cache_events': 'False', 'introspect': 'True', 'cache_selected_only': 'False', 'fail_fast': 'False', 'debug': 'False', 'log_format': 'default', 'profiles_dir': 'C:\\Users\\USER\\.dbt', 'send_anonymous_usage_stats': 'True', 'quiet': 'False', 'warn_error': 'None', 'partial_parse': 'True', 'invocation_command': 'dbt run --select staging', 'hints_enabled': 'True', 'indirect_selection': 'eager', 'use_experimental_parser': 'False', 'use_colors': 'True', 'log_path': 'C:\\Users\\USER\\analytics-portofolio\\olist_dbt\\logs'}
[0m15:03:41.065505 [debug] [MainThread]: Sending event: {'category': 'dbt', 'action': 'project_id', 'label': 'a0990c04-55ab-421c-90d3-10b0e3bae7ab', 'context': [<snowplow_tracker.self_describing_json.SelfDescribingJson object at 0x0000012937AA2060>]}
[0m15:03:41.132022 [debug] [MainThread]: Sending event: {'category': 'dbt', 'action': 'adapter_info', 'label': 'a0990c04-55ab-421c-90d3-10b0e3bae7ab', 'context': [<snowplow_tracker.self_describing_json.SelfDescribingJson object at 0x0000012937B9B680>]}
[0m15:03:41.132871 [info ] [MainThread]: Registered adapter: bigquery=1.12.0
[0m15:03:41.776283 [debug] [MainThread]: checksum: 3326a0a5e08c0e49abdf21ef4bcbbe25e27dc0caf425e068257066cc97e24815, vars: {}, profile: olist_dbt, target: dev, version: 1.12.4
[0m15:03:42.039739 [debug] [MainThread]: Partial parsing enabled: 1 files deleted, 1 files added, 0 files changed.
[0m15:03:42.040225 [debug] [MainThread]: Partial parsing: added file: olist_dbt://models\staging\stg_orders.sql
[0m15:03:42.040501 [debug] [MainThread]: Partial parsing: deleted file: olist_dbt://models\example\staging\stg_orders.sql
[0m15:03:42.344731 [debug] [MainThread]: Sending event: {'category': 'dbt', 'action': 'load_project', 'label': 'a0990c04-55ab-421c-90d3-10b0e3bae7ab', 'context': [<snowplow_tracker.self_describing_json.SelfDescribingJson object at 0x0000012938F6A850>]}
[0m15:03:42.452989 [debug] [MainThread]: Wrote artifact WritableManifest to C:\Users\USER\analytics-portofolio\olist_dbt\target\manifest.json
[0m15:03:42.459812 [debug] [MainThread]: Wrote artifact SemanticManifest to C:\Users\USER\analytics-portofolio\olist_dbt\target\semantic_manifest.json
[0m15:03:42.523024 [debug] [MainThread]: Wrote artifact OsiDocument to C:\Users\USER\analytics-portofolio\olist_dbt\target\osi_document.json
[0m15:03:42.539575 [debug] [MainThread]: Sending event: {'category': 'dbt', 'action': 'resource_counts', 'label': 'a0990c04-55ab-421c-90d3-10b0e3bae7ab', 'context': [<snowplow_tracker.self_describing_json.SelfDescribingJson object at 0x00000129393EF980>]}
[0m15:03:42.540007 [info ] [MainThread]: Found 3 models, 6 data tests, 6 sources, 561 macros
[0m15:03:42.540407 [debug] [MainThread]: Sending event: {'category': 'dbt', 'action': 'runnable_timing', 'label': 'a0990c04-55ab-421c-90d3-10b0e3bae7ab', 'context': [<snowplow_tracker.self_describing_json.SelfDescribingJson object at 0x0000012939431E10>]}
[0m15:03:42.542509 [info ] [MainThread]: 
[0m15:03:42.542938 [info ] [MainThread]: Concurrency: 4 threads (target='dev')
[0m15:03:42.543278 [info ] [MainThread]: 
[0m15:03:42.543782 [debug] [MainThread]: Acquiring new bigquery connection 'master'
[0m15:03:42.545404 [debug] [ThreadPool]: Acquiring new bigquery connection 'list_latihan-data-505310'
[0m15:03:42.545824 [debug] [ThreadPool]: Opening a new connection, currently in state init
[0m15:03:44.952444 [debug] [ThreadPool]: Acquiring new bigquery connection 'list_latihan-data-505310_olist_dataset'
[0m15:03:44.952911 [debug] [ThreadPool]: Opening a new connection, currently in state init
[0m15:03:47.928397 [debug] [MainThread]: Sending event: {'category': 'dbt', 'action': 'runnable_timing', 'label': 'a0990c04-55ab-421c-90d3-10b0e3bae7ab', 'context': [<snowplow_tracker.self_describing_json.SelfDescribingJson object at 0x0000012925CFCAE0>]}
[0m15:03:47.928871 [debug] [MainThread]: Opening a new connection, currently in state init
[0m15:03:47.976231 [debug] [Thread-3 (]: Began running node model.olist_dbt.stg_orders
[0m15:03:47.976836 [info ] [Thread-3 (]: 1 of 1 START sql view model olist_dataset.stg_orders ........................... [RUN]
[0m15:03:47.977502 [debug] [Thread-3 (]: Acquiring new bigquery connection 'model.olist_dbt.stg_orders'
[0m15:03:47.977874 [debug] [Thread-3 (]: Began compiling node model.olist_dbt.stg_orders
[0m15:03:47.983346 [debug] [Thread-3 (]: Writing injected SQL for node "model.olist_dbt.stg_orders"
[0m15:03:47.985498 [debug] [Thread-3 (]: Began executing node model.olist_dbt.stg_orders
[0m15:03:48.015641 [debug] [Thread-3 (]: Writing runtime sql for node "model.olist_dbt.stg_orders"
[0m15:03:48.018476 [debug] [Thread-3 (]: On model.olist_dbt.stg_orders: /* {"app": "dbt", "dbt_version": "1.12.4", "profile_name": "olist_dbt", "target_name": "dev", "node_id": "model.olist_dbt.stg_orders"} */


  create or replace view `latihan-data-505310`.`olist_dataset`.`stg_orders`
  OPTIONS()
  as -- models/staging/stg_orders.sql
with source as (
    select * from `latihan-data-505310`.`olist_raw`.`olist_orders_dataset`
),

renamed as (
    select
        order_id,
        customer_id,
        lower(order_status) as order_status,
        cast(order_purchase_timestamp as timestamp) as purchased_at,
        cast(order_approved_at as timestamp) as approved_at,
        cast(order_delivered_customer_date as timestamp) as delivered_at,
        cast(order_estimated_delivery_date as timestamp) as estimated_delivery_at
    from source
)

select * from renamed;


[0m15:03:48.018957 [debug] [Thread-3 (]: Opening a new connection, currently in state init
[0m15:03:50.239803 [debug] [Thread-3 (]: BigQuery adapter: https://console.cloud.google.com/bigquery?project=latihan-data-505310&j=bq:US:e8a3845b-808e-4f09-a994-c778e829cf0f&page=queryresults
[0m15:03:51.052960 [debug] [Thread-3 (]: SQL status: OK in 0.813 seconds
[0m15:03:51.311033 [debug] [Thread-3 (]: Sending event: {'category': 'dbt', 'action': 'run_model', 'label': 'a0990c04-55ab-421c-90d3-10b0e3bae7ab', 'context': [<snowplow_tracker.self_describing_json.SelfDescribingJson object at 0x00000129393CB290>]}
[0m15:03:51.311676 [info ] [Thread-3 (]: 1 of 1 OK created sql view model olist_dataset.stg_orders ...................... [[32mCREATE VIEW (0 processed)[0m in 3.33s]
[0m15:03:51.312446 [debug] [Thread-3 (]: Finished running node model.olist_dbt.stg_orders
[0m15:03:51.314471 [debug] [MainThread]: Opening a new connection, currently in state closed
[0m15:03:51.347439 [debug] [MainThread]: Connection 'master' was properly closed.
[0m15:03:51.347778 [debug] [MainThread]: Connection 'list_latihan-data-505310' was properly closed.
[0m15:03:51.348029 [debug] [MainThread]: Connection 'list_latihan-data-505310_olist_dataset' was properly closed.
[0m15:03:51.348272 [debug] [MainThread]: Connection 'model.olist_dbt.stg_orders' was properly closed.
[0m15:03:51.348550 [info ] [MainThread]: 
[0m15:03:51.349024 [info ] [MainThread]: Finished running 1 view model in 0 hours 0 minutes and 8.80 seconds (8.80s).
[0m15:03:51.349822 [debug] [MainThread]: Command end result
[0m15:03:51.397954 [debug] [MainThread]: Wrote artifact WritableManifest to C:\Users\USER\analytics-portofolio\olist_dbt\target\manifest.json
[0m15:03:51.401974 [debug] [MainThread]: Wrote artifact SemanticManifest to C:\Users\USER\analytics-portofolio\olist_dbt\target\semantic_manifest.json
[0m15:03:51.405955 [debug] [MainThread]: Wrote artifact OsiDocument to C:\Users\USER\analytics-portofolio\olist_dbt\target\osi_document.json
[0m15:03:51.413709 [debug] [MainThread]: Wrote artifact RunExecutionResult to C:\Users\USER\analytics-portofolio\olist_dbt\target\run_results.json
[0m15:03:51.414046 [info ] [MainThread]: 
[0m15:03:51.414531 [info ] [MainThread]: [32mCompleted successfully[0m
[0m15:03:51.414996 [info ] [MainThread]: 
[0m15:03:51.415494 [info ] [MainThread]: Done. PASS=1 WARN=0 ERROR=0 SKIP=0 NO-OP=0 REUSED=0 TOTAL=1
[0m15:03:51.416690 [debug] [MainThread]: Command `dbt run` succeeded at 15:03:51.416586 after 12.47 seconds
[0m15:03:51.417028 [debug] [MainThread]: Sending event: {'category': 'dbt', 'action': 'invocation', 'label': 'end', 'context': [<snowplow_tracker.self_describing_json.SelfDescribingJson object at 0x000001293944A8E0>, <snowplow_tracker.self_describing_json.SelfDescribingJson object at 0x0000012939475630>, <snowplow_tracker.self_describing_json.SelfDescribingJson object at 0x0000012939475590>]}
[0m15:03:51.417354 [debug] [MainThread]: Flushing usage events
[0m15:03:52.553811 [debug] [MainThread]: An error was encountered while trying to flush usage events
[0m15:08:18.791898 [debug] [MainThread]: Sending event: {'category': 'dbt', 'action': 'invocation', 'label': 'start', 'context': [<snowplow_tracker.self_describing_json.SelfDescribingJson object at 0x000002CF39FEA7B0>, <snowplow_tracker.self_describing_json.SelfDescribingJson object at 0x000002CF37BB0E10>, <snowplow_tracker.self_describing_json.SelfDescribingJson object at 0x000002CF3C9BB9D0>]}


============================== 15:08:18.797328 | ddf7fe2e-0881-4304-a37e-a16ffa026811 ==============================
[0m15:08:18.797328 [info ] [MainThread]: Running with dbt=1.12.4
[0m15:08:18.797956 [debug] [MainThread]: running dbt with arguments {'version_check': 'True', 'no_print': 'None', 'maximum_seed_size_mib': '1', 'warn_error_options': 'WarnErrorOptionsV2(error=[], warn=[], silence=[])', 'static_parser': 'True', 'target_path': 'None', 'printer_width': '80', 'write_json': 'True', 'empty': 'False', 'log_cache_events': 'False', 'introspect': 'True', 'cache_selected_only': 'False', 'log_format': 'default', 'debug': 'False', 'fail_fast': 'False', 'partial_parse': 'True', 'send_anonymous_usage_stats': 'True', 'quiet': 'False', 'warn_error': 'None', 'profiles_dir': 'C:\\Users\\USER\\.dbt', 'use_colors': 'True', 'hints_enabled': 'True', 'invocation_command': 'dbt run', 'use_experimental_parser': 'False', 'indirect_selection': 'eager', 'log_path': 'C:\\Users\\USER\\analytics-portofolio\\olist_dbt\\logs'}
[0m15:08:20.044531 [debug] [MainThread]: Sending event: {'category': 'dbt', 'action': 'project_id', 'label': 'ddf7fe2e-0881-4304-a37e-a16ffa026811', 'context': [<snowplow_tracker.self_describing_json.SelfDescribingJson object at 0x000002CF4E7F2060>]}
[0m15:08:20.111883 [debug] [MainThread]: Sending event: {'category': 'dbt', 'action': 'adapter_info', 'label': 'ddf7fe2e-0881-4304-a37e-a16ffa026811', 'context': [<snowplow_tracker.self_describing_json.SelfDescribingJson object at 0x000002CF4E8EB680>]}
[0m15:08:20.112728 [info ] [MainThread]: Registered adapter: bigquery=1.12.0
[0m15:08:20.715378 [debug] [MainThread]: checksum: 3326a0a5e08c0e49abdf21ef4bcbbe25e27dc0caf425e068257066cc97e24815, vars: {}, profile: olist_dbt, target: dev, version: 1.12.4
[0m15:08:20.934471 [debug] [MainThread]: Partial parsing enabled: 4 files deleted, 9 files added, 0 files changed.
[0m15:08:20.935038 [debug] [MainThread]: Partial parsing: added file: olist_dbt://models\staging\stg_order_reviews.sql
[0m15:08:20.935375 [debug] [MainThread]: Partial parsing: added file: olist_dbt://models\staging\stg_order_items.sql
[0m15:08:20.935693 [debug] [MainThread]: Partial parsing: added file: olist_dbt://models\my_first_dbt_model.sql
[0m15:08:20.936051 [debug] [MainThread]: Partial parsing: added file: olist_dbt://models\schema.yml
[0m15:08:20.936360 [debug] [MainThread]: Partial parsing: added file: olist_dbt://models\staging\stg_products.sql
[0m15:08:20.936658 [debug] [MainThread]: Partial parsing: added file: olist_dbt://models\staging\stg_customers.sql
[0m15:08:20.936997 [debug] [MainThread]: Partial parsing: added file: olist_dbt://models\sources.yml
[0m15:08:20.937291 [debug] [MainThread]: Partial parsing: added file: olist_dbt://models\staging\stg_order_payments.sql
[0m15:08:20.937582 [debug] [MainThread]: Partial parsing: added file: olist_dbt://models\my_second_dbt_model.sql
[0m15:08:20.938098 [debug] [MainThread]: Partial parsing: deleted file: olist_dbt://models\example\my_first_dbt_model.sql
[0m15:08:20.938367 [debug] [MainThread]: Partial parsing: deleted file: olist_dbt://models\example\my_second_dbt_model.sql
[0m15:08:21.767988 [warn ] [MainThread]: [[33mWARNING[0m]: Configuration paths exist in your dbt_project.yml file which do not apply to any resources.
There are 1 unused configuration paths:
- models.olist_dbt.example
[0m15:08:21.771860 [debug] [MainThread]: Sending event: {'category': 'dbt', 'action': 'load_project', 'label': 'ddf7fe2e-0881-4304-a37e-a16ffa026811', 'context': [<snowplow_tracker.self_describing_json.SelfDescribingJson object at 0x000002CF4FF61950>]}
[0m15:08:21.881057 [debug] [MainThread]: Wrote artifact WritableManifest to C:\Users\USER\analytics-portofolio\olist_dbt\target\manifest.json
[0m15:08:21.885124 [debug] [MainThread]: Wrote artifact SemanticManifest to C:\Users\USER\analytics-portofolio\olist_dbt\target\semantic_manifest.json
[0m15:08:21.913825 [debug] [MainThread]: Wrote artifact OsiDocument to C:\Users\USER\analytics-portofolio\olist_dbt\target\osi_document.json
[0m15:08:21.927403 [debug] [MainThread]: Sending event: {'category': 'dbt', 'action': 'resource_counts', 'label': 'ddf7fe2e-0881-4304-a37e-a16ffa026811', 'context': [<snowplow_tracker.self_describing_json.SelfDescribingJson object at 0x000002CF503B45F0>]}
[0m15:08:21.927852 [info ] [MainThread]: Found 8 models, 6 data tests, 6 sources, 561 macros
[0m15:08:21.928316 [debug] [MainThread]: Sending event: {'category': 'dbt', 'action': 'runnable_timing', 'label': 'ddf7fe2e-0881-4304-a37e-a16ffa026811', 'context': [<snowplow_tracker.self_describing_json.SelfDescribingJson object at 0x000002CF50363D90>]}
[0m15:08:21.930512 [info ] [MainThread]: 
[0m15:08:21.930957 [info ] [MainThread]: Concurrency: 4 threads (target='dev')
[0m15:08:21.931353 [info ] [MainThread]: 
[0m15:08:21.931927 [debug] [MainThread]: Acquiring new bigquery connection 'master'
[0m15:08:21.936281 [debug] [ThreadPool]: Acquiring new bigquery connection 'list_latihan-data-505310'
[0m15:08:21.936709 [debug] [ThreadPool]: Opening a new connection, currently in state init
[0m15:08:24.318920 [debug] [ThreadPool]: Acquiring new bigquery connection 'list_latihan-data-505310_olist_dataset'
[0m15:08:24.319377 [debug] [ThreadPool]: Opening a new connection, currently in state init
[0m15:08:26.432634 [debug] [MainThread]: Sending event: {'category': 'dbt', 'action': 'runnable_timing', 'label': 'ddf7fe2e-0881-4304-a37e-a16ffa026811', 'context': [<snowplow_tracker.self_describing_json.SelfDescribingJson object at 0x000002CF3CA5CAE0>]}
[0m15:08:26.434957 [debug] [MainThread]: Opening a new connection, currently in state init
[0m15:08:26.470255 [debug] [Thread-3 (]: Began running node model.olist_dbt.my_first_dbt_model
[0m15:08:26.471832 [debug] [Thread-4 (]: Began running node model.olist_dbt.stg_customers
[0m15:08:26.470674 [debug] [Thread-5 (]: Began running node model.olist_dbt.stg_order_items
[0m15:08:26.471498 [info ] [Thread-3 (]: 1 of 8 START sql table model olist_dataset.my_first_dbt_model .................. [RUN]
[0m15:08:26.473263 [debug] [Thread-3 (]: Acquiring new bigquery connection 'model.olist_dbt.my_first_dbt_model'
[0m15:08:26.473587 [debug] [Thread-3 (]: Began compiling node model.olist_dbt.my_first_dbt_model
[0m15:08:26.479148 [debug] [Thread-3 (]: Writing injected SQL for node "model.olist_dbt.my_first_dbt_model"
[0m15:08:26.471038 [debug] [Thread-6 (]: Began running node model.olist_dbt.stg_order_payments
[0m15:08:26.472295 [info ] [Thread-4 (]: 2 of 8 START sql view model olist_dataset.stg_customers ........................ [RUN]
[0m15:08:26.480644 [debug] [Thread-4 (]: Acquiring new bigquery connection 'model.olist_dbt.stg_customers'
[0m15:08:26.482087 [debug] [Thread-4 (]: Began compiling node model.olist_dbt.stg_customers
[0m15:08:26.485808 [debug] [Thread-4 (]: Writing injected SQL for node "model.olist_dbt.stg_customers"
[0m15:08:26.472698 [info ] [Thread-5 (]: 3 of 8 START sql view model olist_dataset.stg_order_items ...................... [RUN]
[0m15:08:26.488208 [debug] [Thread-5 (]: Acquiring new bigquery connection 'model.olist_dbt.stg_order_items'
[0m15:08:26.481391 [info ] [Thread-6 (]: 4 of 8 START sql view model olist_dataset.stg_order_payments ................... [RUN]
[0m15:08:26.486684 [debug] [Thread-3 (]: Began executing node model.olist_dbt.my_first_dbt_model
[0m15:08:26.510948 [debug] [Thread-4 (]: Began executing node model.olist_dbt.stg_customers
[0m15:08:26.489704 [debug] [Thread-6 (]: Acquiring new bigquery connection 'model.olist_dbt.stg_order_payments'
[0m15:08:26.489071 [debug] [Thread-5 (]: Began compiling node model.olist_dbt.stg_order_items
[0m15:08:26.532921 [debug] [Thread-3 (]: Writing runtime sql for node "model.olist_dbt.my_first_dbt_model"
[0m15:08:26.550975 [debug] [Thread-4 (]: Writing runtime sql for node "model.olist_dbt.stg_customers"
[0m15:08:26.551455 [debug] [Thread-6 (]: Began compiling node model.olist_dbt.stg_order_payments
[0m15:08:26.555309 [debug] [Thread-6 (]: Writing injected SQL for node "model.olist_dbt.stg_order_payments"
[0m15:08:26.553128 [debug] [Thread-5 (]: Writing injected SQL for node "model.olist_dbt.stg_order_items"
[0m15:08:26.556163 [debug] [Thread-4 (]: On model.olist_dbt.stg_customers: /* {"app": "dbt", "dbt_version": "1.12.4", "profile_name": "olist_dbt", "target_name": "dev", "node_id": "model.olist_dbt.stg_customers"} */


  create or replace view `latihan-data-505310`.`olist_dataset`.`stg_customers`
  OPTIONS()
  as -- models/staging/stg_customers.sql
with source as (
    select * from `latihan-data-505310`.`olist_raw`.`olist_customers_dataset`
),

renamed as (
    select
        customer_id,
        customer_unique_id,
        lower(customer_city) as city,
        customer_state as state,
        customer_zip_code_prefix as zip_code
    from source
)

select * from renamed;


[0m15:08:26.556656 [debug] [Thread-4 (]: Opening a new connection, currently in state init
[0m15:08:26.557150 [debug] [Thread-3 (]: On model.olist_dbt.my_first_dbt_model: /* {"app": "dbt", "dbt_version": "1.12.4", "profile_name": "olist_dbt", "target_name": "dev", "node_id": "model.olist_dbt.my_first_dbt_model"} */

  
    

    create or replace table `latihan-data-505310`.`olist_dataset`.`my_first_dbt_model`
      
    
    

    
    OPTIONS()
    as (
      /*
    Welcome to your first dbt model!
    Did you know that you can also configure models directly within SQL files?
    This will override configurations stated in dbt_project.yml

    Try changing "table" to "view" below
*/



with source_data as (

    select 1 as id
    union all
    select null as id

)

select *
from source_data

/*
    Uncomment the line below to remove records with null `id` values
*/

-- where id is not null
    );
  
[0m15:08:26.557646 [debug] [Thread-3 (]: Opening a new connection, currently in state init
[0m15:08:26.619972 [debug] [Thread-6 (]: Began executing node model.olist_dbt.stg_order_payments
[0m15:08:26.621911 [debug] [Thread-6 (]: Writing runtime sql for node "model.olist_dbt.stg_order_payments"
[0m15:08:26.623287 [debug] [Thread-5 (]: Began executing node model.olist_dbt.stg_order_items
[0m15:08:26.625836 [debug] [Thread-5 (]: Writing runtime sql for node "model.olist_dbt.stg_order_items"
[0m15:08:26.628826 [debug] [Thread-6 (]: On model.olist_dbt.stg_order_payments: /* {"app": "dbt", "dbt_version": "1.12.4", "profile_name": "olist_dbt", "target_name": "dev", "node_id": "model.olist_dbt.stg_order_payments"} */


  create or replace view `latihan-data-505310`.`olist_dataset`.`stg_order_payments`
  OPTIONS()
  as -- models/staging/stg_order_payments.sql
with source as (
    select * from `latihan-data-505310`.`olist_raw`.`olist_order_payments_dataset`
),

renamed as (
    select
        order_id,
        payment_sequential,
        payment_type,
        cast(payment_installments as integer) as installments,
        cast(payment_value as numeric) as payment_value
    from source
)

select * from renamed;


[0m15:08:26.629786 [debug] [Thread-6 (]: Opening a new connection, currently in state init
[0m15:08:26.629290 [debug] [Thread-5 (]: On model.olist_dbt.stg_order_items: /* {"app": "dbt", "dbt_version": "1.12.4", "profile_name": "olist_dbt", "target_name": "dev", "node_id": "model.olist_dbt.stg_order_items"} */


  create or replace view `latihan-data-505310`.`olist_dataset`.`stg_order_items`
  OPTIONS()
  as -- models/staging/stg_order_items.sql
with source as (
    select * from `latihan-data-505310`.`olist_raw`.`olist_order_items_dataset`
),

renamed as (
    select
        order_id,
        order_item_id,
        product_id,
        seller_id,
        cast(shipping_limit_date as timestamp) as shipping_limit_at,
        cast(price as numeric) as price,
        cast(freight_value as numeric) as freight_value
    from source
)

select * from renamed;


[0m15:08:26.630318 [debug] [Thread-5 (]: Opening a new connection, currently in state init
[0m15:08:28.652112 [debug] [Thread-4 (]: BigQuery adapter: https://console.cloud.google.com/bigquery?project=latihan-data-505310&j=bq:US:14382595-2d2d-47b4-bb59-1f272959e038&page=queryresults
[0m15:08:28.665696 [debug] [Thread-3 (]: BigQuery adapter: https://console.cloud.google.com/bigquery?project=latihan-data-505310&j=bq:US:f73c2b1a-f94f-457e-857d-ff7681d587f2&page=queryresults
[0m15:08:28.751746 [debug] [Thread-5 (]: BigQuery adapter: https://console.cloud.google.com/bigquery?project=latihan-data-505310&j=bq:US:1c6ad827-a370-4094-96ae-cd63370e9074&page=queryresults
[0m15:08:28.833202 [debug] [Thread-6 (]: BigQuery adapter: https://console.cloud.google.com/bigquery?project=latihan-data-505310&j=bq:US:90beae61-186c-4987-9afb-9925e28d3699&page=queryresults
[0m15:08:29.421563 [debug] [Thread-4 (]: SQL status: OK in 0.769 seconds
[0m15:08:29.511597 [debug] [Thread-5 (]: SQL status: OK in 0.759 seconds
[0m15:08:29.606170 [debug] [Thread-6 (]: SQL status: OK in 0.772 seconds
[0m15:08:29.613580 [debug] [Thread-5 (]: Sending event: {'category': 'dbt', 'action': 'run_model', 'label': 'ddf7fe2e-0881-4304-a37e-a16ffa026811', 'context': [<snowplow_tracker.self_describing_json.SelfDescribingJson object at 0x000002CF50453590>]}
[0m15:08:29.614809 [debug] [Thread-6 (]: Sending event: {'category': 'dbt', 'action': 'run_model', 'label': 'ddf7fe2e-0881-4304-a37e-a16ffa026811', 'context': [<snowplow_tracker.self_describing_json.SelfDescribingJson object at 0x000002CF517B8230>]}
[0m15:08:29.614529 [info ] [Thread-5 (]: 3 of 8 OK created sql view model olist_dataset.stg_order_items ................. [[32mCREATE VIEW (0 processed)[0m in 3.12s]
[0m15:08:29.613949 [debug] [Thread-4 (]: Sending event: {'category': 'dbt', 'action': 'run_model', 'label': 'ddf7fe2e-0881-4304-a37e-a16ffa026811', 'context': [<snowplow_tracker.self_describing_json.SelfDescribingJson object at 0x000002CF5047C680>]}
[0m15:08:29.615580 [info ] [Thread-6 (]: 4 of 8 OK created sql view model olist_dataset.stg_order_payments .............. [[32mCREATE VIEW (0 processed)[0m in 3.12s]
[0m15:08:29.617263 [debug] [Thread-6 (]: Finished running node model.olist_dbt.stg_order_payments
[0m15:08:29.617632 [debug] [Thread-6 (]: Began running node model.olist_dbt.stg_order_reviews
[0m15:08:29.618028 [info ] [Thread-6 (]: 5 of 8 START sql view model olist_dataset.stg_order_reviews .................... [RUN]
[0m15:08:29.618681 [debug] [Thread-6 (]: Re-using an available connection from the pool (formerly model.olist_dbt.stg_order_payments, now model.olist_dbt.stg_order_reviews)
[0m15:08:29.616135 [debug] [Thread-5 (]: Finished running node model.olist_dbt.stg_order_items
[0m15:08:29.620065 [debug] [Thread-5 (]: Began running node model.olist_dbt.stg_orders
[0m15:08:29.619519 [debug] [Thread-6 (]: Began compiling node model.olist_dbt.stg_order_reviews
[0m15:08:29.616665 [info ] [Thread-4 (]: 2 of 8 OK created sql view model olist_dataset.stg_customers ................... [[32mCREATE VIEW (0 processed)[0m in 3.13s]
[0m15:08:29.620703 [info ] [Thread-5 (]: 6 of 8 START sql view model olist_dataset.stg_orders ........................... [RUN]
[0m15:08:29.623577 [debug] [Thread-6 (]: Writing injected SQL for node "model.olist_dbt.stg_order_reviews"
[0m15:08:29.624737 [debug] [Thread-4 (]: Finished running node model.olist_dbt.stg_customers
[0m15:08:29.627535 [debug] [Thread-4 (]: Began running node model.olist_dbt.stg_products
[0m15:08:29.625633 [debug] [Thread-5 (]: Re-using an available connection from the pool (formerly model.olist_dbt.stg_order_items, now model.olist_dbt.stg_orders)
[0m15:08:29.631104 [debug] [Thread-5 (]: Began compiling node model.olist_dbt.stg_orders
[0m15:08:29.633105 [debug] [Thread-5 (]: Writing injected SQL for node "model.olist_dbt.stg_orders"
[0m15:08:29.629642 [info ] [Thread-4 (]: 7 of 8 START sql view model olist_dataset.stg_products ......................... [RUN]
[0m15:08:29.634170 [debug] [Thread-4 (]: Re-using an available connection from the pool (formerly model.olist_dbt.stg_customers, now model.olist_dbt.stg_products)
[0m15:08:29.634586 [debug] [Thread-4 (]: Began compiling node model.olist_dbt.stg_products
[0m15:08:29.636332 [debug] [Thread-4 (]: Writing injected SQL for node "model.olist_dbt.stg_products"
[0m15:08:29.633565 [debug] [Thread-6 (]: Began executing node model.olist_dbt.stg_order_reviews
[0m15:08:29.638237 [debug] [Thread-6 (]: Writing runtime sql for node "model.olist_dbt.stg_order_reviews"
[0m15:08:29.639089 [debug] [Thread-5 (]: Began executing node model.olist_dbt.stg_orders
[0m15:08:29.641662 [debug] [Thread-5 (]: Writing runtime sql for node "model.olist_dbt.stg_orders"
[0m15:08:29.642694 [debug] [Thread-4 (]: Began executing node model.olist_dbt.stg_products
[0m15:08:29.647227 [debug] [Thread-4 (]: Writing runtime sql for node "model.olist_dbt.stg_products"
[0m15:08:29.643863 [debug] [Thread-6 (]: On model.olist_dbt.stg_order_reviews: /* {"app": "dbt", "dbt_version": "1.12.4", "profile_name": "olist_dbt", "target_name": "dev", "node_id": "model.olist_dbt.stg_order_reviews"} */


  create or replace view `latihan-data-505310`.`olist_dataset`.`stg_order_reviews`
  OPTIONS()
  as -- models/staging/stg_order_reviews.sql
with source as (
    select * from `latihan-data-505310`.`olist_raw`.`olist_order_reviews_dataset`
),

renamed as (
    select
        review_id,
        order_id,
        cast(review_score as integer) as score,
        review_comment_title,
        review_comment_message,
        cast(review_creation_date as timestamp) as created_at,
        cast(review_answer_timestamp as timestamp) as answered_at
    from source
)

select * from renamed;


[0m15:08:29.648875 [debug] [Thread-6 (]: Opening a new connection, currently in state closed
[0m15:08:29.648402 [debug] [Thread-5 (]: On model.olist_dbt.stg_orders: /* {"app": "dbt", "dbt_version": "1.12.4", "profile_name": "olist_dbt", "target_name": "dev", "node_id": "model.olist_dbt.stg_orders"} */


  create or replace view `latihan-data-505310`.`olist_dataset`.`stg_orders`
  OPTIONS()
  as -- models/staging/stg_orders.sql
with source as (
    select * from `latihan-data-505310`.`olist_raw`.`olist_orders_dataset`
),

renamed as (
    select
        order_id,
        customer_id,
        lower(order_status) as order_status,
        cast(order_purchase_timestamp as timestamp) as purchased_at,
        cast(order_approved_at as timestamp) as approved_at,
        cast(order_delivered_customer_date as timestamp) as delivered_at,
        cast(order_estimated_delivery_date as timestamp) as estimated_delivery_at
    from source
)

select * from renamed;


[0m15:08:29.649429 [debug] [Thread-5 (]: Opening a new connection, currently in state closed
[0m15:08:29.712714 [debug] [Thread-4 (]: On model.olist_dbt.stg_products: /* {"app": "dbt", "dbt_version": "1.12.4", "profile_name": "olist_dbt", "target_name": "dev", "node_id": "model.olist_dbt.stg_products"} */


  create or replace view `latihan-data-505310`.`olist_dataset`.`stg_products`
  OPTIONS()
  as -- models/staging/stg_products.sql
with source as (
    select * from `latihan-data-505310`.`olist_raw`.`olist_products_dataset`
),

renamed as (
    select
        product_id,
        product_category_name,
        cast(product_name_lenght as integer) as name_length,
        cast(product_description_lenght as integer) as description_length,
        cast(product_photos_qty as integer) as photos_qty,
        cast(product_weight_g as integer) as weight_grams,
        cast(product_length_cm as integer) as length_cm,
        cast(product_height_cm as integer) as height_cm,
        cast(product_width_cm as integer) as width_cm
    from source
)

select * from renamed;


[0m15:08:29.714265 [debug] [Thread-4 (]: Opening a new connection, currently in state closed
[0m15:08:30.111784 [debug] [Thread-3 (]: SQL status: OK in 1.445 seconds
[0m15:08:30.570635 [debug] [Thread-3 (]: Sending event: {'category': 'dbt', 'action': 'run_model', 'label': 'ddf7fe2e-0881-4304-a37e-a16ffa026811', 'context': [<snowplow_tracker.self_describing_json.SelfDescribingJson object at 0x000002CF5174F7D0>]}
[0m15:08:30.571234 [info ] [Thread-3 (]: 1 of 8 OK created sql table model olist_dataset.my_first_dbt_model ............. [[32mCREATE TABLE (2.0 rows, 0 processed)[0m in 4.10s]
[0m15:08:30.571950 [debug] [Thread-3 (]: Finished running node model.olist_dbt.my_first_dbt_model
[0m15:08:30.572536 [debug] [Thread-3 (]: Began running node model.olist_dbt.my_second_dbt_model
[0m15:08:30.572945 [info ] [Thread-3 (]: 8 of 8 START sql view model olist_dataset.my_second_dbt_model .................. [RUN]
[0m15:08:30.573452 [debug] [Thread-3 (]: Re-using an available connection from the pool (formerly model.olist_dbt.my_first_dbt_model, now model.olist_dbt.my_second_dbt_model)
[0m15:08:30.573779 [debug] [Thread-3 (]: Began compiling node model.olist_dbt.my_second_dbt_model
[0m15:08:30.585590 [debug] [Thread-3 (]: Writing injected SQL for node "model.olist_dbt.my_second_dbt_model"
[0m15:08:30.587567 [debug] [Thread-3 (]: Began executing node model.olist_dbt.my_second_dbt_model
[0m15:08:30.589369 [debug] [Thread-3 (]: Writing runtime sql for node "model.olist_dbt.my_second_dbt_model"
[0m15:08:30.592366 [debug] [Thread-3 (]: On model.olist_dbt.my_second_dbt_model: /* {"app": "dbt", "dbt_version": "1.12.4", "profile_name": "olist_dbt", "target_name": "dev", "node_id": "model.olist_dbt.my_second_dbt_model"} */


  create or replace view `latihan-data-505310`.`olist_dataset`.`my_second_dbt_model`
  OPTIONS()
  as -- Use the `ref` function to select from other models

select *
from `latihan-data-505310`.`olist_dataset`.`my_first_dbt_model`
where id = 1;


[0m15:08:30.593113 [debug] [Thread-3 (]: Opening a new connection, currently in state closed
[0m15:08:31.692262 [debug] [Thread-4 (]: BigQuery adapter: https://console.cloud.google.com/bigquery?project=latihan-data-505310&j=bq:US:0a16a428-9585-45e3-9581-2ea86a525013&page=queryresults
[0m15:08:31.694568 [debug] [Thread-5 (]: BigQuery adapter: https://console.cloud.google.com/bigquery?project=latihan-data-505310&j=bq:US:cc689d7b-3aff-4e0e-96c9-ccf955c23db9&page=queryresults
[0m15:08:31.717638 [debug] [Thread-6 (]: BigQuery adapter: https://console.cloud.google.com/bigquery?project=latihan-data-505310&j=bq:US:bca96eee-fe72-454f-99a6-48b8c589eca7&page=queryresults
[0m15:08:32.430055 [debug] [Thread-6 (]: SQL status: OK in 0.711 seconds
[0m15:08:32.447145 [debug] [Thread-6 (]: Sending event: {'category': 'dbt', 'action': 'run_model', 'label': 'ddf7fe2e-0881-4304-a37e-a16ffa026811', 'context': [<snowplow_tracker.self_describing_json.SelfDescribingJson object at 0x000002CF503DE0B0>]}
[0m15:08:32.442686 [debug] [Thread-4 (]: SQL status: OK in 0.749 seconds
[0m15:08:32.448865 [info ] [Thread-6 (]: 5 of 8 OK created sql view model olist_dataset.stg_order_reviews ............... [[32mCREATE VIEW (0 processed)[0m in 2.83s]
[0m15:08:32.452279 [debug] [Thread-6 (]: Finished running node model.olist_dbt.stg_order_reviews
[0m15:08:32.453545 [debug] [Thread-4 (]: Sending event: {'category': 'dbt', 'action': 'run_model', 'label': 'ddf7fe2e-0881-4304-a37e-a16ffa026811', 'context': [<snowplow_tracker.self_describing_json.SelfDescribingJson object at 0x000002CF50459850>]}
[0m15:08:32.454041 [debug] [Thread-5 (]: SQL status: OK in 0.759 seconds
[0m15:08:32.454718 [info ] [Thread-4 (]: 7 of 8 OK created sql view model olist_dataset.stg_products .................... [[32mCREATE VIEW (0 processed)[0m in 2.82s]
[0m15:08:32.464329 [debug] [Thread-4 (]: Finished running node model.olist_dbt.stg_products
[0m15:08:32.463708 [debug] [Thread-5 (]: Sending event: {'category': 'dbt', 'action': 'run_model', 'label': 'ddf7fe2e-0881-4304-a37e-a16ffa026811', 'context': [<snowplow_tracker.self_describing_json.SelfDescribingJson object at 0x000002CF51746090>]}
[0m15:08:32.465012 [info ] [Thread-5 (]: 6 of 8 OK created sql view model olist_dataset.stg_orders ...................... [[32mCREATE VIEW (0 processed)[0m in 2.84s]
[0m15:08:32.465708 [debug] [Thread-5 (]: Finished running node model.olist_dbt.stg_orders
[0m15:08:32.638313 [debug] [Thread-3 (]: BigQuery adapter: https://console.cloud.google.com/bigquery?project=latihan-data-505310&j=bq:US:1476b37a-0d23-404b-bde5-0314cd48fe32&page=queryresults
[0m15:08:33.411377 [debug] [Thread-3 (]: SQL status: OK in 0.772 seconds
[0m15:08:33.415149 [debug] [Thread-3 (]: Sending event: {'category': 'dbt', 'action': 'run_model', 'label': 'ddf7fe2e-0881-4304-a37e-a16ffa026811', 'context': [<snowplow_tracker.self_describing_json.SelfDescribingJson object at 0x000002CF51747D10>]}
[0m15:08:33.415789 [info ] [Thread-3 (]: 8 of 8 OK created sql view model olist_dataset.my_second_dbt_model ............. [[32mCREATE VIEW (0 processed)[0m in 2.84s]
[0m15:08:33.416563 [debug] [Thread-3 (]: Finished running node model.olist_dbt.my_second_dbt_model
[0m15:08:33.418215 [debug] [MainThread]: Opening a new connection, currently in state closed
[0m15:08:33.451087 [debug] [MainThread]: Connection 'master' was properly closed.
[0m15:08:33.451457 [debug] [MainThread]: Connection 'list_latihan-data-505310' was properly closed.
[0m15:08:33.451723 [debug] [MainThread]: Connection 'list_latihan-data-505310_olist_dataset' was properly closed.
[0m15:08:33.451977 [debug] [MainThread]: Connection 'model.olist_dbt.my_second_dbt_model' was properly closed.
[0m15:08:33.452224 [debug] [MainThread]: Connection 'model.olist_dbt.stg_products' was properly closed.
[0m15:08:33.452465 [debug] [MainThread]: Connection 'model.olist_dbt.stg_orders' was properly closed.
[0m15:08:33.452707 [debug] [MainThread]: Connection 'model.olist_dbt.stg_order_reviews' was properly closed.
[0m15:08:33.453048 [info ] [MainThread]: 
[0m15:08:33.453606 [info ] [MainThread]: Finished running 1 table model, 7 view models in 0 hours 0 minutes and 11.52 seconds (11.52s).
[0m15:08:33.455796 [debug] [MainThread]: Command end result
[0m15:08:33.613618 [debug] [MainThread]: Wrote artifact WritableManifest to C:\Users\USER\analytics-portofolio\olist_dbt\target\manifest.json
[0m15:08:33.617903 [debug] [MainThread]: Wrote artifact SemanticManifest to C:\Users\USER\analytics-portofolio\olist_dbt\target\semantic_manifest.json
[0m15:08:33.622053 [debug] [MainThread]: Wrote artifact OsiDocument to C:\Users\USER\analytics-portofolio\olist_dbt\target\osi_document.json
[0m15:08:33.629621 [debug] [MainThread]: Wrote artifact RunExecutionResult to C:\Users\USER\analytics-portofolio\olist_dbt\target\run_results.json
[0m15:08:33.629964 [info ] [MainThread]: 
[0m15:08:33.630405 [info ] [MainThread]: [32mCompleted successfully[0m
[0m15:08:33.630790 [info ] [MainThread]: 
[0m15:08:33.631194 [info ] [MainThread]: Done. PASS=8 WARN=0 ERROR=0 SKIP=0 NO-OP=0 REUSED=0 TOTAL=8
[0m15:08:33.632388 [debug] [MainThread]: Command `dbt run` succeeded at 15:08:33.632280 after 15.10 seconds
[0m15:08:33.632727 [debug] [MainThread]: Sending event: {'category': 'dbt', 'action': 'invocation', 'label': 'end', 'context': [<snowplow_tracker.self_describing_json.SelfDescribingJson object at 0x000002CF504D5910>, <snowplow_tracker.self_describing_json.SelfDescribingJson object at 0x000002CF51747950>, <snowplow_tracker.self_describing_json.SelfDescribingJson object at 0x000002CF51747470>]}
[0m15:08:33.633055 [debug] [MainThread]: Flushing usage events
[0m15:08:34.973165 [debug] [MainThread]: An error was encountered while trying to flush usage events
[0m15:10:52.999985 [debug] [MainThread]: Sending event: {'category': 'dbt', 'action': 'invocation', 'label': 'start', 'context': [<snowplow_tracker.self_describing_json.SelfDescribingJson object at 0x0000019FAF79E7B0>, <snowplow_tracker.self_describing_json.SelfDescribingJson object at 0x0000019FAD364E10>, <snowplow_tracker.self_describing_json.SelfDescribingJson object at 0x0000019FB21779D0>]}


============================== 15:10:53.007602 | 76d7e734-1399-46c2-a4f4-8470c45b74e3 ==============================
[0m15:10:53.007602 [info ] [MainThread]: Running with dbt=1.12.4
[0m15:10:53.008504 [debug] [MainThread]: running dbt with arguments {'maximum_seed_size_mib': '1', 'no_print': 'None', 'static_parser': 'True', 'target_path': 'None', 'warn_error_options': 'WarnErrorOptionsV2(error=[], warn=[], silence=[])', 'version_check': 'True', 'printer_width': '80', 'write_json': 'True', 'empty': 'False', 'log_cache_events': 'False', 'introspect': 'True', 'cache_selected_only': 'False', 'fail_fast': 'False', 'debug': 'False', 'log_format': 'default', 'partial_parse': 'True', 'send_anonymous_usage_stats': 'True', 'quiet': 'False', 'warn_error': 'None', 'profiles_dir': 'C:\\Users\\USER\\.dbt', 'use_colors': 'True', 'hints_enabled': 'True', 'indirect_selection': 'eager', 'use_experimental_parser': 'False', 'invocation_command': 'dbt run', 'log_path': 'C:\\Users\\USER\\analytics-portofolio\\olist_dbt\\logs'}
[0m15:10:55.019315 [debug] [MainThread]: Sending event: {'category': 'dbt', 'action': 'project_id', 'label': '76d7e734-1399-46c2-a4f4-8470c45b74e3', 'context': [<snowplow_tracker.self_describing_json.SelfDescribingJson object at 0x0000019FC3FC2060>]}
[0m15:10:55.097997 [debug] [MainThread]: Sending event: {'category': 'dbt', 'action': 'adapter_info', 'label': '76d7e734-1399-46c2-a4f4-8470c45b74e3', 'context': [<snowplow_tracker.self_describing_json.SelfDescribingJson object at 0x0000019FC40BB680>]}
[0m15:10:55.099673 [info ] [MainThread]: Registered adapter: bigquery=1.12.0
[0m15:10:55.903765 [debug] [MainThread]: checksum: 3326a0a5e08c0e49abdf21ef4bcbbe25e27dc0caf425e068257066cc97e24815, vars: {}, profile: olist_dbt, target: dev, version: 1.12.4
[0m15:10:56.250602 [debug] [MainThread]: Partial parsing enabled: 0 files deleted, 0 files added, 0 files changed.
[0m15:10:56.251056 [debug] [MainThread]: Nothing changed, skipping partial parsing.
[0m15:10:56.251371 [debug] [MainThread]: Partial parsing enabled, no changes found, skipping parsing
[0m15:10:56.257745 [warn ] [MainThread]: [[33mWARNING[0m]: Configuration paths exist in your dbt_project.yml file which do not apply to any resources.
There are 1 unused configuration paths:
- models.olist_dbt.example
[0m15:10:56.263152 [debug] [MainThread]: Sending event: {'category': 'dbt', 'action': 'load_project', 'label': '76d7e734-1399-46c2-a4f4-8470c45b74e3', 'context': [<snowplow_tracker.self_describing_json.SelfDescribingJson object at 0x0000019FC5724950>]}
[0m15:10:56.481779 [debug] [MainThread]: Wrote artifact WritableManifest to C:\Users\USER\analytics-portofolio\olist_dbt\target\manifest.json
[0m15:10:56.486538 [debug] [MainThread]: Wrote artifact SemanticManifest to C:\Users\USER\analytics-portofolio\olist_dbt\target\semantic_manifest.json
[0m15:10:56.527782 [debug] [MainThread]: Wrote artifact OsiDocument to C:\Users\USER\analytics-portofolio\olist_dbt\target\osi_document.json
[0m15:10:56.547356 [debug] [MainThread]: Sending event: {'category': 'dbt', 'action': 'resource_counts', 'label': '76d7e734-1399-46c2-a4f4-8470c45b74e3', 'context': [<snowplow_tracker.self_describing_json.SelfDescribingJson object at 0x0000019FC573CE60>]}
[0m15:10:56.547829 [info ] [MainThread]: Found 8 models, 6 data tests, 6 sources, 561 macros
[0m15:10:56.548252 [debug] [MainThread]: Sending event: {'category': 'dbt', 'action': 'runnable_timing', 'label': '76d7e734-1399-46c2-a4f4-8470c45b74e3', 'context': [<snowplow_tracker.self_describing_json.SelfDescribingJson object at 0x0000019FC5737850>]}
[0m15:10:56.550578 [info ] [MainThread]: 
[0m15:10:56.551152 [info ] [MainThread]: Concurrency: 4 threads (target='dev')
[0m15:10:56.551577 [info ] [MainThread]: 
[0m15:10:56.552180 [debug] [MainThread]: Acquiring new bigquery connection 'master'
[0m15:10:56.557124 [debug] [ThreadPool]: Acquiring new bigquery connection 'list_latihan-data-505310'
[0m15:10:56.557559 [debug] [ThreadPool]: Opening a new connection, currently in state init
[0m15:10:58.444623 [debug] [ThreadPool]: Acquiring new bigquery connection 'list_latihan-data-505310_olist_dataset'
[0m15:10:58.445057 [debug] [ThreadPool]: Opening a new connection, currently in state init
[0m15:11:00.584530 [debug] [MainThread]: Sending event: {'category': 'dbt', 'action': 'runnable_timing', 'label': '76d7e734-1399-46c2-a4f4-8470c45b74e3', 'context': [<snowplow_tracker.self_describing_json.SelfDescribingJson object at 0x0000019FB21FCAE0>]}
[0m15:11:00.585000 [debug] [MainThread]: Opening a new connection, currently in state init
[0m15:11:00.628202 [debug] [Thread-3 (]: Began running node model.olist_dbt.my_first_dbt_model
[0m15:11:00.629805 [debug] [Thread-6 (]: Began running node model.olist_dbt.stg_order_payments
[0m15:11:00.629004 [debug] [Thread-5 (]: Began running node model.olist_dbt.stg_order_items
[0m15:11:00.628636 [debug] [Thread-4 (]: Began running node model.olist_dbt.stg_customers
[0m15:11:00.629459 [info ] [Thread-3 (]: 1 of 8 START sql table model olist_dataset.my_first_dbt_model .................. [RUN]
[0m15:11:00.631928 [debug] [Thread-3 (]: Acquiring new bigquery connection 'model.olist_dbt.my_first_dbt_model'
[0m15:11:00.632371 [debug] [Thread-3 (]: Began compiling node model.olist_dbt.my_first_dbt_model
[0m15:11:00.631392 [info ] [Thread-4 (]: 2 of 8 START sql view model olist_dataset.stg_customers ........................ [RUN]
[0m15:11:00.630428 [info ] [Thread-6 (]: 4 of 8 START sql view model olist_dataset.stg_order_payments ................... [RUN]
[0m15:11:00.640576 [debug] [Thread-3 (]: Writing injected SQL for node "model.olist_dbt.my_first_dbt_model"
[0m15:11:00.630877 [info ] [Thread-5 (]: 3 of 8 START sql view model olist_dataset.stg_order_items ...................... [RUN]
[0m15:11:00.641773 [debug] [Thread-4 (]: Acquiring new bigquery connection 'model.olist_dbt.stg_customers'
[0m15:11:00.642592 [debug] [Thread-6 (]: Acquiring new bigquery connection 'model.olist_dbt.stg_order_payments'
[0m15:11:00.643826 [debug] [Thread-5 (]: Acquiring new bigquery connection 'model.olist_dbt.stg_order_items'
[0m15:11:00.645240 [debug] [Thread-4 (]: Began compiling node model.olist_dbt.stg_customers
[0m15:11:00.649365 [debug] [Thread-4 (]: Writing injected SQL for node "model.olist_dbt.stg_customers"
[0m15:11:00.647100 [debug] [Thread-5 (]: Began compiling node model.olist_dbt.stg_order_items
[0m15:11:00.651458 [debug] [Thread-5 (]: Writing injected SQL for node "model.olist_dbt.stg_order_items"
[0m15:11:00.646423 [debug] [Thread-6 (]: Began compiling node model.olist_dbt.stg_order_payments
[0m15:11:00.649834 [debug] [Thread-3 (]: Began executing node model.olist_dbt.my_first_dbt_model
[0m15:11:00.653340 [debug] [Thread-6 (]: Writing injected SQL for node "model.olist_dbt.stg_order_payments"
[0m15:11:00.696062 [debug] [Thread-3 (]: Writing runtime sql for node "model.olist_dbt.my_first_dbt_model"
[0m15:11:00.697070 [debug] [Thread-4 (]: Began executing node model.olist_dbt.stg_customers
[0m15:11:00.708330 [debug] [Thread-5 (]: Began executing node model.olist_dbt.stg_order_items
[0m15:11:00.717561 [debug] [Thread-5 (]: Writing runtime sql for node "model.olist_dbt.stg_order_items"
[0m15:11:00.715303 [debug] [Thread-4 (]: Writing runtime sql for node "model.olist_dbt.stg_customers"
[0m15:11:00.718381 [debug] [Thread-6 (]: Began executing node model.olist_dbt.stg_order_payments
[0m15:11:00.720224 [debug] [Thread-6 (]: Writing runtime sql for node "model.olist_dbt.stg_order_payments"
[0m15:11:00.721182 [debug] [Thread-3 (]: On model.olist_dbt.my_first_dbt_model: /* {"app": "dbt", "dbt_version": "1.12.4", "profile_name": "olist_dbt", "target_name": "dev", "node_id": "model.olist_dbt.my_first_dbt_model"} */

  
    

    create or replace table `latihan-data-505310`.`olist_dataset`.`my_first_dbt_model`
      
    
    

    
    OPTIONS()
    as (
      /*
    Welcome to your first dbt model!
    Did you know that you can also configure models directly within SQL files?
    This will override configurations stated in dbt_project.yml

    Try changing "table" to "view" below
*/



with source_data as (

    select 1 as id
    union all
    select null as id

)

select *
from source_data

/*
    Uncomment the line below to remove records with null `id` values
*/

-- where id is not null
    );
  
[0m15:11:00.722147 [debug] [Thread-3 (]: Opening a new connection, currently in state init
[0m15:11:00.722695 [debug] [Thread-6 (]: On model.olist_dbt.stg_order_payments: /* {"app": "dbt", "dbt_version": "1.12.4", "profile_name": "olist_dbt", "target_name": "dev", "node_id": "model.olist_dbt.stg_order_payments"} */


  create or replace view `latihan-data-505310`.`olist_dataset`.`stg_order_payments`
  OPTIONS()
  as -- models/staging/stg_order_payments.sql
with source as (
    select * from `latihan-data-505310`.`olist_raw`.`olist_order_payments_dataset`
),

renamed as (
    select
        order_id,
        payment_sequential,
        payment_type,
        cast(payment_installments as integer) as installments,
        cast(payment_value as numeric) as payment_value
    from source
)

select * from renamed;


[0m15:11:00.723528 [debug] [Thread-6 (]: Opening a new connection, currently in state init
[0m15:11:00.723112 [debug] [Thread-4 (]: On model.olist_dbt.stg_customers: /* {"app": "dbt", "dbt_version": "1.12.4", "profile_name": "olist_dbt", "target_name": "dev", "node_id": "model.olist_dbt.stg_customers"} */


  create or replace view `latihan-data-505310`.`olist_dataset`.`stg_customers`
  OPTIONS()
  as -- models/staging/stg_customers.sql
with source as (
    select * from `latihan-data-505310`.`olist_raw`.`olist_customers_dataset`
),

renamed as (
    select
        customer_id,
        customer_unique_id,
        lower(customer_city) as city,
        customer_state as state,
        customer_zip_code_prefix as zip_code
    from source
)

select * from renamed;


[0m15:11:00.721639 [debug] [Thread-5 (]: On model.olist_dbt.stg_order_items: /* {"app": "dbt", "dbt_version": "1.12.4", "profile_name": "olist_dbt", "target_name": "dev", "node_id": "model.olist_dbt.stg_order_items"} */


  create or replace view `latihan-data-505310`.`olist_dataset`.`stg_order_items`
  OPTIONS()
  as -- models/staging/stg_order_items.sql
with source as (
    select * from `latihan-data-505310`.`olist_raw`.`olist_order_items_dataset`
),

renamed as (
    select
        order_id,
        order_item_id,
        product_id,
        seller_id,
        cast(shipping_limit_date as timestamp) as shipping_limit_at,
        cast(price as numeric) as price,
        cast(freight_value as numeric) as freight_value
    from source
)

select * from renamed;


[0m15:11:00.724406 [debug] [Thread-5 (]: Opening a new connection, currently in state init
[0m15:11:00.724000 [debug] [Thread-4 (]: Opening a new connection, currently in state init
[0m15:11:02.907750 [debug] [Thread-4 (]: BigQuery adapter: https://console.cloud.google.com/bigquery?project=latihan-data-505310&j=bq:US:6d6a5b64-cb89-4fd1-af0d-f9c22b0c563e&page=queryresults
[0m15:11:02.927567 [debug] [Thread-5 (]: BigQuery adapter: https://console.cloud.google.com/bigquery?project=latihan-data-505310&j=bq:US:be973140-8171-4c28-a633-e85a08dee1cd&page=queryresults
[0m15:11:02.953850 [debug] [Thread-3 (]: BigQuery adapter: https://console.cloud.google.com/bigquery?project=latihan-data-505310&j=bq:US:1b675c95-9a10-4e0a-b725-90b28763cbbe&page=queryresults
[0m15:11:02.954358 [debug] [Thread-6 (]: BigQuery adapter: https://console.cloud.google.com/bigquery?project=latihan-data-505310&j=bq:US:1654b756-8696-40f2-8367-29519a3b370d&page=queryresults
[0m15:11:03.750019 [debug] [Thread-4 (]: SQL status: OK in 0.841 seconds
[0m15:11:03.771143 [debug] [Thread-6 (]: SQL status: OK in 0.816 seconds
[0m15:11:03.963931 [debug] [Thread-4 (]: Sending event: {'category': 'dbt', 'action': 'run_model', 'label': '76d7e734-1399-46c2-a4f4-8470c45b74e3', 'context': [<snowplow_tracker.self_describing_json.SelfDescribingJson object at 0x0000019FC575B650>]}
[0m15:11:03.964301 [debug] [Thread-6 (]: Sending event: {'category': 'dbt', 'action': 'run_model', 'label': '76d7e734-1399-46c2-a4f4-8470c45b74e3', 'context': [<snowplow_tracker.self_describing_json.SelfDescribingJson object at 0x0000019FAFCE9E90>]}
[0m15:11:03.964840 [info ] [Thread-4 (]: 2 of 8 OK created sql view model olist_dataset.stg_customers ................... [[32mCREATE VIEW (0 processed)[0m in 3.32s]
[0m15:11:03.966015 [debug] [Thread-4 (]: Finished running node model.olist_dbt.stg_customers
[0m15:11:03.966381 [debug] [Thread-4 (]: Began running node model.olist_dbt.stg_order_reviews
[0m15:11:03.966773 [info ] [Thread-4 (]: 5 of 8 START sql view model olist_dataset.stg_order_reviews .................... [RUN]
[0m15:11:03.967508 [debug] [Thread-4 (]: Re-using an available connection from the pool (formerly model.olist_dbt.stg_customers, now model.olist_dbt.stg_order_reviews)
[0m15:11:03.967837 [debug] [Thread-4 (]: Began compiling node model.olist_dbt.stg_order_reviews
[0m15:11:03.969457 [debug] [Thread-4 (]: Writing injected SQL for node "model.olist_dbt.stg_order_reviews"
[0m15:11:03.965433 [info ] [Thread-6 (]: 4 of 8 OK created sql view model olist_dataset.stg_order_payments .............. [[32mCREATE VIEW (0 processed)[0m in 3.32s]
[0m15:11:03.970264 [debug] [Thread-6 (]: Finished running node model.olist_dbt.stg_order_payments
[0m15:11:03.970792 [debug] [Thread-6 (]: Began running node model.olist_dbt.stg_orders
[0m15:11:03.971761 [debug] [Thread-4 (]: Began executing node model.olist_dbt.stg_order_reviews
[0m15:11:03.971463 [info ] [Thread-6 (]: 6 of 8 START sql view model olist_dataset.stg_orders ........................... [RUN]
[0m15:11:03.975695 [debug] [Thread-6 (]: Re-using an available connection from the pool (formerly model.olist_dbt.stg_order_payments, now model.olist_dbt.stg_orders)
[0m15:11:03.974805 [debug] [Thread-4 (]: Writing runtime sql for node "model.olist_dbt.stg_order_reviews"
[0m15:11:03.976735 [debug] [Thread-6 (]: Began compiling node model.olist_dbt.stg_orders
[0m15:11:03.981308 [debug] [Thread-6 (]: Writing injected SQL for node "model.olist_dbt.stg_orders"
[0m15:11:03.982509 [debug] [Thread-6 (]: Began executing node model.olist_dbt.stg_orders
[0m15:11:03.985410 [debug] [Thread-6 (]: Writing runtime sql for node "model.olist_dbt.stg_orders"
[0m15:11:03.982910 [debug] [Thread-4 (]: On model.olist_dbt.stg_order_reviews: /* {"app": "dbt", "dbt_version": "1.12.4", "profile_name": "olist_dbt", "target_name": "dev", "node_id": "model.olist_dbt.stg_order_reviews"} */


  create or replace view `latihan-data-505310`.`olist_dataset`.`stg_order_reviews`
  OPTIONS()
  as -- models/staging/stg_order_reviews.sql
with source as (
    select * from `latihan-data-505310`.`olist_raw`.`olist_order_reviews_dataset`
),

renamed as (
    select
        review_id,
        order_id,
        cast(review_score as integer) as score,
        review_comment_title,
        review_comment_message,
        cast(review_creation_date as timestamp) as created_at,
        cast(review_answer_timestamp as timestamp) as answered_at
    from source
)

select * from renamed;


[0m15:11:03.985900 [debug] [Thread-4 (]: Opening a new connection, currently in state closed
[0m15:11:04.017143 [debug] [Thread-6 (]: On model.olist_dbt.stg_orders: /* {"app": "dbt", "dbt_version": "1.12.4", "profile_name": "olist_dbt", "target_name": "dev", "node_id": "model.olist_dbt.stg_orders"} */


  create or replace view `latihan-data-505310`.`olist_dataset`.`stg_orders`
  OPTIONS()
  as -- models/staging/stg_orders.sql
with source as (
    select * from `latihan-data-505310`.`olist_raw`.`olist_orders_dataset`
),

renamed as (
    select
        order_id,
        customer_id,
        lower(order_status) as order_status,
        cast(order_purchase_timestamp as timestamp) as purchased_at,
        cast(order_approved_at as timestamp) as approved_at,
        cast(order_delivered_customer_date as timestamp) as delivered_at,
        cast(order_estimated_delivery_date as timestamp) as estimated_delivery_at
    from source
)

select * from renamed;


[0m15:11:04.018734 [debug] [Thread-6 (]: Opening a new connection, currently in state closed
[0m15:11:04.050290 [debug] [Thread-5 (]: SQL status: OK in 1.122 seconds
[0m15:11:04.054621 [debug] [Thread-5 (]: Sending event: {'category': 'dbt', 'action': 'run_model', 'label': '76d7e734-1399-46c2-a4f4-8470c45b74e3', 'context': [<snowplow_tracker.self_describing_json.SelfDescribingJson object at 0x0000019FC57CEC10>]}
[0m15:11:04.055488 [info ] [Thread-5 (]: 3 of 8 OK created sql view model olist_dataset.stg_order_items ................. [[32mCREATE VIEW (0 processed)[0m in 3.41s]
[0m15:11:04.056439 [debug] [Thread-5 (]: Finished running node model.olist_dbt.stg_order_items
[0m15:11:04.056810 [debug] [Thread-5 (]: Began running node model.olist_dbt.stg_products
[0m15:11:04.057254 [info ] [Thread-5 (]: 7 of 8 START sql view model olist_dataset.stg_products ......................... [RUN]
[0m15:11:04.058198 [debug] [Thread-5 (]: Re-using an available connection from the pool (formerly model.olist_dbt.stg_order_items, now model.olist_dbt.stg_products)
[0m15:11:04.059180 [debug] [Thread-5 (]: Began compiling node model.olist_dbt.stg_products
[0m15:11:04.062902 [debug] [Thread-5 (]: Writing injected SQL for node "model.olist_dbt.stg_products"
[0m15:11:04.064129 [debug] [Thread-5 (]: Began executing node model.olist_dbt.stg_products
[0m15:11:04.065863 [debug] [Thread-5 (]: Writing runtime sql for node "model.olist_dbt.stg_products"
[0m15:11:04.067067 [debug] [Thread-5 (]: On model.olist_dbt.stg_products: /* {"app": "dbt", "dbt_version": "1.12.4", "profile_name": "olist_dbt", "target_name": "dev", "node_id": "model.olist_dbt.stg_products"} */


  create or replace view `latihan-data-505310`.`olist_dataset`.`stg_products`
  OPTIONS()
  as -- models/staging/stg_products.sql
with source as (
    select * from `latihan-data-505310`.`olist_raw`.`olist_products_dataset`
),

renamed as (
    select
        product_id,
        product_category_name,
        cast(product_name_lenght as integer) as name_length,
        cast(product_description_lenght as integer) as description_length,
        cast(product_photos_qty as integer) as photos_qty,
        cast(product_weight_g as integer) as weight_grams,
        cast(product_length_cm as integer) as length_cm,
        cast(product_height_cm as integer) as height_cm,
        cast(product_width_cm as integer) as width_cm
    from source
)

select * from renamed;


[0m15:11:04.067579 [debug] [Thread-5 (]: Opening a new connection, currently in state closed
[0m15:11:04.614913 [debug] [Thread-3 (]: SQL status: OK in 1.660 seconds
[0m15:11:05.068458 [debug] [Thread-3 (]: Sending event: {'category': 'dbt', 'action': 'run_model', 'label': '76d7e734-1399-46c2-a4f4-8470c45b74e3', 'context': [<snowplow_tracker.self_describing_json.SelfDescribingJson object at 0x0000019FC418BA50>]}
[0m15:11:05.069297 [info ] [Thread-3 (]: 1 of 8 OK created sql table model olist_dataset.my_first_dbt_model ............. [[32mCREATE TABLE (2.0 rows, 0 processed)[0m in 4.44s]
[0m15:11:05.070271 [debug] [Thread-3 (]: Finished running node model.olist_dbt.my_first_dbt_model
[0m15:11:05.071028 [debug] [Thread-3 (]: Began running node model.olist_dbt.my_second_dbt_model
[0m15:11:05.071492 [info ] [Thread-3 (]: 8 of 8 START sql view model olist_dataset.my_second_dbt_model .................. [RUN]
[0m15:11:05.072141 [debug] [Thread-3 (]: Re-using an available connection from the pool (formerly model.olist_dbt.my_first_dbt_model, now model.olist_dbt.my_second_dbt_model)
[0m15:11:05.072515 [debug] [Thread-3 (]: Began compiling node model.olist_dbt.my_second_dbt_model
[0m15:11:05.074287 [debug] [Thread-3 (]: Writing injected SQL for node "model.olist_dbt.my_second_dbt_model"
[0m15:11:05.075656 [debug] [Thread-3 (]: Began executing node model.olist_dbt.my_second_dbt_model
[0m15:11:05.077816 [debug] [Thread-3 (]: Writing runtime sql for node "model.olist_dbt.my_second_dbt_model"
[0m15:11:05.079217 [debug] [Thread-3 (]: On model.olist_dbt.my_second_dbt_model: /* {"app": "dbt", "dbt_version": "1.12.4", "profile_name": "olist_dbt", "target_name": "dev", "node_id": "model.olist_dbt.my_second_dbt_model"} */


  create or replace view `latihan-data-505310`.`olist_dataset`.`my_second_dbt_model`
  OPTIONS()
  as -- Use the `ref` function to select from other models

select *
from `latihan-data-505310`.`olist_dataset`.`my_first_dbt_model`
where id = 1;


[0m15:11:05.079658 [debug] [Thread-3 (]: Opening a new connection, currently in state closed
[0m15:11:05.936128 [debug] [Thread-6 (]: BigQuery adapter: https://console.cloud.google.com/bigquery?project=latihan-data-505310&j=bq:US:43b63982-44c4-4f59-b154-7dca12d095f3&page=queryresults
[0m15:11:05.936999 [debug] [Thread-4 (]: BigQuery adapter: https://console.cloud.google.com/bigquery?project=latihan-data-505310&j=bq:US:2c0c2f7b-df56-4a18-aff2-2076c3908876&page=queryresults
[0m15:11:06.077808 [debug] [Thread-5 (]: BigQuery adapter: https://console.cloud.google.com/bigquery?project=latihan-data-505310&j=bq:US:d755dbcf-1444-40d0-8158-212070652b78&page=queryresults
[0m15:11:06.723161 [debug] [Thread-6 (]: SQL status: OK in 0.786 seconds
[0m15:11:06.730040 [debug] [Thread-6 (]: Sending event: {'category': 'dbt', 'action': 'run_model', 'label': '76d7e734-1399-46c2-a4f4-8470c45b74e3', 'context': [<snowplow_tracker.self_describing_json.SelfDescribingJson object at 0x0000019FC57B2D60>]}
[0m15:11:06.730631 [info ] [Thread-6 (]: 6 of 8 OK created sql view model olist_dataset.stg_orders ...................... [[32mCREATE VIEW (0 processed)[0m in 2.75s]
[0m15:11:06.731347 [debug] [Thread-6 (]: Finished running node model.olist_dbt.stg_orders
[0m15:11:06.776913 [debug] [Thread-4 (]: SQL status: OK in 0.839 seconds
[0m15:11:06.780595 [debug] [Thread-4 (]: Sending event: {'category': 'dbt', 'action': 'run_model', 'label': '76d7e734-1399-46c2-a4f4-8470c45b74e3', 'context': [<snowplow_tracker.self_describing_json.SelfDescribingJson object at 0x0000019FC6ABEC30>]}
[0m15:11:06.781173 [info ] [Thread-4 (]: 5 of 8 OK created sql view model olist_dataset.stg_order_reviews ............... [[32mCREATE VIEW (0 processed)[0m in 2.81s]
[0m15:11:06.781915 [debug] [Thread-4 (]: Finished running node model.olist_dbt.stg_order_reviews
[0m15:11:06.801019 [debug] [Thread-5 (]: SQL status: OK in 0.723 seconds
[0m15:11:06.804647 [debug] [Thread-5 (]: Sending event: {'category': 'dbt', 'action': 'run_model', 'label': '76d7e734-1399-46c2-a4f4-8470c45b74e3', 'context': [<snowplow_tracker.self_describing_json.SelfDescribingJson object at 0x0000019FC6ABE390>]}
[0m15:11:06.805206 [info ] [Thread-5 (]: 7 of 8 OK created sql view model olist_dataset.stg_products .................... [[32mCREATE VIEW (0 processed)[0m in 2.75s]
[0m15:11:06.805920 [debug] [Thread-5 (]: Finished running node model.olist_dbt.stg_products
[0m15:11:07.225680 [debug] [Thread-3 (]: BigQuery adapter: https://console.cloud.google.com/bigquery?project=latihan-data-505310&j=bq:US:1f3871ee-6beb-4244-b340-a84d07c53db0&page=queryresults
[0m15:11:07.989630 [debug] [Thread-3 (]: SQL status: OK in 0.763 seconds
[0m15:11:07.995576 [debug] [Thread-3 (]: Sending event: {'category': 'dbt', 'action': 'run_model', 'label': '76d7e734-1399-46c2-a4f4-8470c45b74e3', 'context': [<snowplow_tracker.self_describing_json.SelfDescribingJson object at 0x0000019FC6ABF710>]}
[0m15:11:07.996149 [info ] [Thread-3 (]: 8 of 8 OK created sql view model olist_dataset.my_second_dbt_model ............. [[32mCREATE VIEW (0 processed)[0m in 2.92s]
[0m15:11:07.996855 [debug] [Thread-3 (]: Finished running node model.olist_dbt.my_second_dbt_model
[0m15:11:08.000703 [debug] [MainThread]: Opening a new connection, currently in state closed
[0m15:11:08.033141 [debug] [MainThread]: Connection 'master' was properly closed.
[0m15:11:08.033485 [debug] [MainThread]: Connection 'list_latihan-data-505310' was properly closed.
[0m15:11:08.033743 [debug] [MainThread]: Connection 'list_latihan-data-505310_olist_dataset' was properly closed.
[0m15:11:08.033989 [debug] [MainThread]: Connection 'model.olist_dbt.my_second_dbt_model' was properly closed.
[0m15:11:08.034231 [debug] [MainThread]: Connection 'model.olist_dbt.stg_order_reviews' was properly closed.
[0m15:11:08.034470 [debug] [MainThread]: Connection 'model.olist_dbt.stg_orders' was properly closed.
[0m15:11:08.034712 [debug] [MainThread]: Connection 'model.olist_dbt.stg_products' was properly closed.
[0m15:11:08.035036 [info ] [MainThread]: 
[0m15:11:08.035479 [info ] [MainThread]: Finished running 1 table model, 7 view models in 0 hours 0 minutes and 11.48 seconds (11.48s).
[0m15:11:08.037257 [debug] [MainThread]: Command end result
[0m15:11:08.083181 [debug] [MainThread]: Wrote artifact WritableManifest to C:\Users\USER\analytics-portofolio\olist_dbt\target\manifest.json
[0m15:11:08.087317 [debug] [MainThread]: Wrote artifact SemanticManifest to C:\Users\USER\analytics-portofolio\olist_dbt\target\semantic_manifest.json
[0m15:11:08.091323 [debug] [MainThread]: Wrote artifact OsiDocument to C:\Users\USER\analytics-portofolio\olist_dbt\target\osi_document.json
[0m15:11:08.100383 [debug] [MainThread]: Wrote artifact RunExecutionResult to C:\Users\USER\analytics-portofolio\olist_dbt\target\run_results.json
[0m15:11:08.100720 [info ] [MainThread]: 
[0m15:11:08.101191 [info ] [MainThread]: [32mCompleted successfully[0m
[0m15:11:08.101596 [info ] [MainThread]: 
[0m15:11:08.102024 [info ] [MainThread]: Done. PASS=8 WARN=0 ERROR=0 SKIP=0 NO-OP=0 REUSED=0 TOTAL=8
[0m15:11:08.103236 [debug] [MainThread]: Command `dbt run` succeeded at 15:11:08.103130 after 15.34 seconds
[0m15:11:08.103571 [debug] [MainThread]: Sending event: {'category': 'dbt', 'action': 'invocation', 'label': 'end', 'context': [<snowplow_tracker.self_describing_json.SelfDescribingJson object at 0x0000019FB2163D70>, <snowplow_tracker.self_describing_json.SelfDescribingJson object at 0x0000019FC57F01D0>, <snowplow_tracker.self_describing_json.SelfDescribingJson object at 0x0000019FC57A1190>]}
[0m15:11:08.103893 [debug] [MainThread]: Flushing usage events
[0m15:11:09.516212 [debug] [MainThread]: An error was encountered while trying to flush usage events
[0m15:12:25.487433 [debug] [MainThread]: Sending event: {'category': 'dbt', 'action': 'invocation', 'label': 'start', 'context': [<snowplow_tracker.self_describing_json.SelfDescribingJson object at 0x0000018C9BA6A7B0>, <snowplow_tracker.self_describing_json.SelfDescribingJson object at 0x0000018C99634E10>, <snowplow_tracker.self_describing_json.SelfDescribingJson object at 0x0000018C9E43F9D0>]}


============================== 15:12:25.494891 | 7efbc8d2-377a-4c61-81d4-56fd15a36dcb ==============================
[0m15:12:25.494891 [info ] [MainThread]: Running with dbt=1.12.4
[0m15:12:25.495779 [debug] [MainThread]: running dbt with arguments {'maximum_seed_size_mib': '1', 'no_print': 'None', 'version_check': 'True', 'target_path': 'None', 'warn_error_options': 'WarnErrorOptionsV2(error=[], warn=[], silence=[])', 'static_parser': 'True', 'printer_width': '80', 'write_json': 'True', 'empty': 'False', 'log_cache_events': 'False', 'introspect': 'True', 'cache_selected_only': 'False', 'fail_fast': 'False', 'debug': 'False', 'log_format': 'default', 'partial_parse': 'True', 'send_anonymous_usage_stats': 'True', 'quiet': 'False', 'warn_error': 'None', 'profiles_dir': 'C:\\Users\\USER\\.dbt', 'invocation_command': 'dbt run', 'hints_enabled': 'True', 'use_colors': 'True', 'use_experimental_parser': 'False', 'indirect_selection': 'eager', 'log_path': 'C:\\Users\\USER\\analytics-portofolio\\olist_dbt\\logs'}
[0m15:12:27.404677 [debug] [MainThread]: Sending event: {'category': 'dbt', 'action': 'project_id', 'label': '7efbc8d2-377a-4c61-81d4-56fd15a36dcb', 'context': [<snowplow_tracker.self_describing_json.SelfDescribingJson object at 0x0000018CB02A2060>]}
[0m15:12:27.479753 [debug] [MainThread]: Sending event: {'category': 'dbt', 'action': 'adapter_info', 'label': '7efbc8d2-377a-4c61-81d4-56fd15a36dcb', 'context': [<snowplow_tracker.self_describing_json.SelfDescribingJson object at 0x0000018CB039B680>]}
[0m15:12:27.480625 [info ] [MainThread]: Registered adapter: bigquery=1.12.0
[0m15:12:28.119875 [debug] [MainThread]: checksum: 3326a0a5e08c0e49abdf21ef4bcbbe25e27dc0caf425e068257066cc97e24815, vars: {}, profile: olist_dbt, target: dev, version: 1.12.4
[0m15:12:28.357924 [debug] [MainThread]: Partial parsing enabled: 2 files deleted, 0 files added, 0 files changed.
[0m15:12:28.358399 [debug] [MainThread]: Partial parsing: deleted file: olist_dbt://models\my_second_dbt_model.sql
[0m15:12:28.358847 [debug] [MainThread]: Partial parsing: deleted file: olist_dbt://models\my_first_dbt_model.sql
[0m15:12:28.550134 [warn ] [MainThread]: [[33mWARNING[0m]: Did not find matching node for patch with name 'my_second_dbt_model' in the 'models' section of file 'models\schema.yml'
[0m15:12:28.551520 [warn ] [MainThread]: [[33mWARNING[0m]: Did not find matching node for patch with name 'my_first_dbt_model' in the 'models' section of file 'models\schema.yml'
[0m15:12:28.672862 [warn ] [MainThread]: [[33mWARNING[0m]: Test 'test.olist_dbt.unique_my_second_dbt_model_id.57a0f8c493' (models\schema.yml) depends on a node named 'my_second_dbt_model' in package '' which was not found
[0m15:12:28.673427 [warn ] [MainThread]: [[33mWARNING[0m]: Test 'test.olist_dbt.not_null_my_second_dbt_model_id.151b76d778' (models\schema.yml) depends on a node named 'my_second_dbt_model' in package '' which was not found
[0m15:12:28.673879 [warn ] [MainThread]: [[33mWARNING[0m]: Test 'test.olist_dbt.unique_my_first_dbt_model_id.16e066b321' (models\schema.yml) depends on a node named 'my_first_dbt_model' in package '' which was not found
[0m15:12:28.674412 [warn ] [MainThread]: [[33mWARNING[0m]: Test 'test.olist_dbt.not_null_my_first_dbt_model_id.5fb22c2710' (models\schema.yml) depends on a node named 'my_first_dbt_model' in package '' which was not found
[0m15:12:28.763476 [warn ] [MainThread]: [[33mWARNING[0m]: Configuration paths exist in your dbt_project.yml file which do not apply to any resources.
There are 1 unused configuration paths:
- models.olist_dbt.example
[0m15:12:28.767196 [debug] [MainThread]: Sending event: {'category': 'dbt', 'action': 'load_project', 'label': '7efbc8d2-377a-4c61-81d4-56fd15a36dcb', 'context': [<snowplow_tracker.self_describing_json.SelfDescribingJson object at 0x0000018CB0796A50>]}
[0m15:12:28.888602 [debug] [MainThread]: Wrote artifact WritableManifest to C:\Users\USER\analytics-portofolio\olist_dbt\target\manifest.json
[0m15:12:28.893790 [debug] [MainThread]: Wrote artifact SemanticManifest to C:\Users\USER\analytics-portofolio\olist_dbt\target\semantic_manifest.json
[0m15:12:28.949526 [debug] [MainThread]: Wrote artifact OsiDocument to C:\Users\USER\analytics-portofolio\olist_dbt\target\osi_document.json
[0m15:12:28.970442 [debug] [MainThread]: Sending event: {'category': 'dbt', 'action': 'resource_counts', 'label': '7efbc8d2-377a-4c61-81d4-56fd15a36dcb', 'context': [<snowplow_tracker.self_describing_json.SelfDescribingJson object at 0x0000018CB1BBE210>]}
[0m15:12:28.970872 [info ] [MainThread]: Found 6 models, 2 data tests, 6 sources, 561 macros
[0m15:12:28.971322 [debug] [MainThread]: Sending event: {'category': 'dbt', 'action': 'runnable_timing', 'label': '7efbc8d2-377a-4c61-81d4-56fd15a36dcb', 'context': [<snowplow_tracker.self_describing_json.SelfDescribingJson object at 0x0000018CB1B674D0>]}
[0m15:12:28.973371 [info ] [MainThread]: 
[0m15:12:28.973807 [info ] [MainThread]: Concurrency: 4 threads (target='dev')
[0m15:12:28.974239 [info ] [MainThread]: 
[0m15:12:28.974821 [debug] [MainThread]: Acquiring new bigquery connection 'master'
[0m15:12:28.979924 [debug] [ThreadPool]: Acquiring new bigquery connection 'list_latihan-data-505310'
[0m15:12:28.981290 [debug] [ThreadPool]: Opening a new connection, currently in state init
[0m15:12:30.875235 [debug] [ThreadPool]: Acquiring new bigquery connection 'list_latihan-data-505310_olist_dataset'
[0m15:12:30.875674 [debug] [ThreadPool]: Opening a new connection, currently in state init
[0m15:12:33.079013 [debug] [MainThread]: Sending event: {'category': 'dbt', 'action': 'runnable_timing', 'label': '7efbc8d2-377a-4c61-81d4-56fd15a36dcb', 'context': [<snowplow_tracker.self_describing_json.SelfDescribingJson object at 0x0000018C9E4DCAE0>]}
[0m15:12:33.079602 [debug] [MainThread]: Opening a new connection, currently in state init
[0m15:12:33.119549 [debug] [Thread-3 (]: Began running node model.olist_dbt.stg_customers
[0m15:12:33.121130 [debug] [Thread-5 (]: Began running node model.olist_dbt.stg_order_payments
[0m15:12:33.119965 [debug] [Thread-4 (]: Began running node model.olist_dbt.stg_order_items
[0m15:12:33.120325 [debug] [Thread-6 (]: Began running node model.olist_dbt.stg_order_reviews
[0m15:12:33.120785 [info ] [Thread-3 (]: 1 of 6 START sql view model olist_dataset.stg_customers ........................ [RUN]
[0m15:12:33.123015 [debug] [Thread-3 (]: Acquiring new bigquery connection 'model.olist_dbt.stg_customers'
[0m15:12:33.123464 [debug] [Thread-3 (]: Began compiling node model.olist_dbt.stg_customers
[0m15:12:33.122102 [info ] [Thread-4 (]: 2 of 6 START sql view model olist_dataset.stg_order_items ...................... [RUN]
[0m15:12:33.129908 [debug] [Thread-4 (]: Acquiring new bigquery connection 'model.olist_dbt.stg_order_items'
[0m15:12:33.129222 [debug] [Thread-3 (]: Writing injected SQL for node "model.olist_dbt.stg_customers"
[0m15:12:33.121592 [info ] [Thread-5 (]: 3 of 6 START sql view model olist_dataset.stg_order_payments ................... [RUN]
[0m15:12:33.131792 [debug] [Thread-5 (]: Acquiring new bigquery connection 'model.olist_dbt.stg_order_payments'
[0m15:12:33.132317 [debug] [Thread-5 (]: Began compiling node model.olist_dbt.stg_order_payments
[0m15:12:33.130645 [debug] [Thread-4 (]: Began compiling node model.olist_dbt.stg_order_items
[0m15:12:33.122533 [info ] [Thread-6 (]: 4 of 6 START sql view model olist_dataset.stg_order_reviews .................... [RUN]
[0m15:12:33.135628 [debug] [Thread-5 (]: Writing injected SQL for node "model.olist_dbt.stg_order_payments"
[0m15:12:33.138142 [debug] [Thread-4 (]: Writing injected SQL for node "model.olist_dbt.stg_order_items"
[0m15:12:33.138633 [debug] [Thread-3 (]: Began executing node model.olist_dbt.stg_customers
[0m15:12:33.139103 [debug] [Thread-6 (]: Acquiring new bigquery connection 'model.olist_dbt.stg_order_reviews'
[0m15:12:33.161431 [debug] [Thread-6 (]: Began compiling node model.olist_dbt.stg_order_reviews
[0m15:12:33.173729 [debug] [Thread-6 (]: Writing injected SQL for node "model.olist_dbt.stg_order_reviews"
[0m15:12:33.171909 [debug] [Thread-3 (]: Writing runtime sql for node "model.olist_dbt.stg_customers"
[0m15:12:33.174905 [debug] [Thread-5 (]: Began executing node model.olist_dbt.stg_order_payments
[0m15:12:33.174458 [debug] [Thread-4 (]: Began executing node model.olist_dbt.stg_order_items
[0m15:12:33.181363 [debug] [Thread-4 (]: Writing runtime sql for node "model.olist_dbt.stg_order_items"
[0m15:12:33.177194 [debug] [Thread-5 (]: Writing runtime sql for node "model.olist_dbt.stg_order_payments"
[0m15:12:33.182512 [debug] [Thread-6 (]: Began executing node model.olist_dbt.stg_order_reviews
[0m15:12:33.184800 [debug] [Thread-6 (]: Writing runtime sql for node "model.olist_dbt.stg_order_reviews"
[0m15:12:33.185932 [debug] [Thread-4 (]: On model.olist_dbt.stg_order_items: /* {"app": "dbt", "dbt_version": "1.12.4", "profile_name": "olist_dbt", "target_name": "dev", "node_id": "model.olist_dbt.stg_order_items"} */


  create or replace view `latihan-data-505310`.`olist_dataset`.`stg_order_items`
  OPTIONS()
  as -- models/staging/stg_order_items.sql
with source as (
    select * from `latihan-data-505310`.`olist_raw`.`olist_order_items_dataset`
),

renamed as (
    select
        order_id,
        order_item_id,
        product_id,
        seller_id,
        cast(shipping_limit_date as timestamp) as shipping_limit_at,
        cast(price as numeric) as price,
        cast(freight_value as numeric) as freight_value
    from source
)

select * from renamed;


[0m15:12:33.186517 [debug] [Thread-4 (]: Opening a new connection, currently in state init
[0m15:12:33.187088 [debug] [Thread-5 (]: On model.olist_dbt.stg_order_payments: /* {"app": "dbt", "dbt_version": "1.12.4", "profile_name": "olist_dbt", "target_name": "dev", "node_id": "model.olist_dbt.stg_order_payments"} */


  create or replace view `latihan-data-505310`.`olist_dataset`.`stg_order_payments`
  OPTIONS()
  as -- models/staging/stg_order_payments.sql
with source as (
    select * from `latihan-data-505310`.`olist_raw`.`olist_order_payments_dataset`
),

renamed as (
    select
        order_id,
        payment_sequential,
        payment_type,
        cast(payment_installments as integer) as installments,
        cast(payment_value as numeric) as payment_value
    from source
)

select * from renamed;


[0m15:12:33.185222 [debug] [Thread-3 (]: On model.olist_dbt.stg_customers: /* {"app": "dbt", "dbt_version": "1.12.4", "profile_name": "olist_dbt", "target_name": "dev", "node_id": "model.olist_dbt.stg_customers"} */


  create or replace view `latihan-data-505310`.`olist_dataset`.`stg_customers`
  OPTIONS()
  as -- models/staging/stg_customers.sql
with source as (
    select * from `latihan-data-505310`.`olist_raw`.`olist_customers_dataset`
),

renamed as (
    select
        customer_id,
        customer_unique_id,
        lower(customer_city) as city,
        customer_state as state,
        customer_zip_code_prefix as zip_code
    from source
)

select * from renamed;


[0m15:12:33.188020 [debug] [Thread-3 (]: Opening a new connection, currently in state init
[0m15:12:33.187571 [debug] [Thread-5 (]: Opening a new connection, currently in state init
[0m15:12:33.219134 [debug] [Thread-6 (]: On model.olist_dbt.stg_order_reviews: /* {"app": "dbt", "dbt_version": "1.12.4", "profile_name": "olist_dbt", "target_name": "dev", "node_id": "model.olist_dbt.stg_order_reviews"} */


  create or replace view `latihan-data-505310`.`olist_dataset`.`stg_order_reviews`
  OPTIONS()
  as -- models/staging/stg_order_reviews.sql
with source as (
    select * from `latihan-data-505310`.`olist_raw`.`olist_order_reviews_dataset`
),

renamed as (
    select
        review_id,
        order_id,
        cast(review_score as integer) as score,
        review_comment_title,
        review_comment_message,
        cast(review_creation_date as timestamp) as created_at,
        cast(review_answer_timestamp as timestamp) as answered_at
    from source
)

select * from renamed;


[0m15:12:33.219724 [debug] [Thread-6 (]: Opening a new connection, currently in state init
[0m15:12:35.297893 [debug] [Thread-3 (]: BigQuery adapter: https://console.cloud.google.com/bigquery?project=latihan-data-505310&j=bq:US:edf05ebd-d4b7-4f71-9ddc-c091646673c6&page=queryresults
[0m15:12:35.311194 [debug] [Thread-6 (]: BigQuery adapter: https://console.cloud.google.com/bigquery?project=latihan-data-505310&j=bq:US:8bb9eaf9-f984-44da-b220-e95347b7704a&page=queryresults
[0m15:12:35.312865 [debug] [Thread-4 (]: BigQuery adapter: https://console.cloud.google.com/bigquery?project=latihan-data-505310&j=bq:US:4b0caed6-899d-478e-8221-9464d5b0fa4f&page=queryresults
[0m15:12:35.317273 [debug] [Thread-5 (]: BigQuery adapter: https://console.cloud.google.com/bigquery?project=latihan-data-505310&j=bq:US:f8ded362-c5aa-4f1b-8e65-196afeb467c3&page=queryresults
[0m15:12:36.103394 [debug] [Thread-4 (]: SQL status: OK in 0.789 seconds
[0m15:12:36.112755 [debug] [Thread-3 (]: SQL status: OK in 0.814 seconds
[0m15:12:36.131762 [debug] [Thread-6 (]: SQL status: OK in 0.820 seconds
[0m15:12:36.162175 [debug] [Thread-5 (]: SQL status: OK in 0.844 seconds
[0m15:12:36.286440 [debug] [Thread-4 (]: Sending event: {'category': 'dbt', 'action': 'run_model', 'label': '7efbc8d2-377a-4c61-81d4-56fd15a36dcb', 'context': [<snowplow_tracker.self_describing_json.SelfDescribingJson object at 0x0000018CB1C60290>]}
[0m15:12:36.287730 [debug] [Thread-3 (]: Sending event: {'category': 'dbt', 'action': 'run_model', 'label': '7efbc8d2-377a-4c61-81d4-56fd15a36dcb', 'context': [<snowplow_tracker.self_describing_json.SelfDescribingJson object at 0x0000018CB1C89B30>]}
[0m15:12:36.288091 [debug] [Thread-5 (]: Sending event: {'category': 'dbt', 'action': 'run_model', 'label': '7efbc8d2-377a-4c61-81d4-56fd15a36dcb', 'context': [<snowplow_tracker.self_describing_json.SelfDescribingJson object at 0x0000018CB1C0A3F0>]}
[0m15:12:36.287422 [info ] [Thread-4 (]: 2 of 6 OK created sql view model olist_dataset.stg_order_items ................. [[32mCREATE VIEW (0 processed)[0m in 3.15s]
[0m15:12:36.286838 [debug] [Thread-6 (]: Sending event: {'category': 'dbt', 'action': 'run_model', 'label': '7efbc8d2-377a-4c61-81d4-56fd15a36dcb', 'context': [<snowplow_tracker.self_describing_json.SelfDescribingJson object at 0x0000018CB1B93070>]}
[0m15:12:36.288783 [info ] [Thread-3 (]: 1 of 6 OK created sql view model olist_dataset.stg_customers ................... [[32mCREATE VIEW (0 processed)[0m in 3.16s]
[0m15:12:36.291082 [debug] [Thread-3 (]: Finished running node model.olist_dbt.stg_customers
[0m15:12:36.291452 [debug] [Thread-3 (]: Began running node model.olist_dbt.stg_orders
[0m15:12:36.289282 [info ] [Thread-5 (]: 3 of 6 OK created sql view model olist_dataset.stg_order_payments .............. [[32mCREATE VIEW (0 processed)[0m in 3.15s]
[0m15:12:36.289954 [debug] [Thread-4 (]: Finished running node model.olist_dbt.stg_order_items
[0m15:12:36.293534 [debug] [Thread-4 (]: Began running node model.olist_dbt.stg_products
[0m15:12:36.292639 [debug] [Thread-5 (]: Finished running node model.olist_dbt.stg_order_payments
[0m15:12:36.291839 [info ] [Thread-3 (]: 5 of 6 START sql view model olist_dataset.stg_orders ........................... [RUN]
[0m15:12:36.290568 [info ] [Thread-6 (]: 4 of 6 OK created sql view model olist_dataset.stg_order_reviews ............... [[32mCREATE VIEW (0 processed)[0m in 3.14s]
[0m15:12:36.296434 [debug] [Thread-6 (]: Finished running node model.olist_dbt.stg_order_reviews
[0m15:12:36.295732 [debug] [Thread-3 (]: Re-using an available connection from the pool (formerly model.olist_dbt.stg_customers, now model.olist_dbt.stg_orders)
[0m15:12:36.296884 [debug] [Thread-3 (]: Began compiling node model.olist_dbt.stg_orders
[0m15:12:36.298675 [debug] [Thread-3 (]: Writing injected SQL for node "model.olist_dbt.stg_orders"
[0m15:12:36.294572 [info ] [Thread-4 (]: 6 of 6 START sql view model olist_dataset.stg_products ......................... [RUN]
[0m15:12:36.299147 [debug] [Thread-4 (]: Re-using an available connection from the pool (formerly model.olist_dbt.stg_order_items, now model.olist_dbt.stg_products)
[0m15:12:36.299478 [debug] [Thread-4 (]: Began compiling node model.olist_dbt.stg_products
[0m15:12:36.301083 [debug] [Thread-4 (]: Writing injected SQL for node "model.olist_dbt.stg_products"
[0m15:12:36.302542 [debug] [Thread-3 (]: Began executing node model.olist_dbt.stg_orders
[0m15:12:36.304365 [debug] [Thread-3 (]: Writing runtime sql for node "model.olist_dbt.stg_orders"
[0m15:12:36.304800 [debug] [Thread-4 (]: Began executing node model.olist_dbt.stg_products
[0m15:12:36.315507 [debug] [Thread-4 (]: Writing runtime sql for node "model.olist_dbt.stg_products"
[0m15:12:36.316250 [debug] [Thread-3 (]: On model.olist_dbt.stg_orders: /* {"app": "dbt", "dbt_version": "1.12.4", "profile_name": "olist_dbt", "target_name": "dev", "node_id": "model.olist_dbt.stg_orders"} */


  create or replace view `latihan-data-505310`.`olist_dataset`.`stg_orders`
  OPTIONS()
  as -- models/staging/stg_orders.sql
with source as (
    select * from `latihan-data-505310`.`olist_raw`.`olist_orders_dataset`
),

renamed as (
    select
        order_id,
        customer_id,
        lower(order_status) as order_status,
        cast(order_purchase_timestamp as timestamp) as purchased_at,
        cast(order_approved_at as timestamp) as approved_at,
        cast(order_delivered_customer_date as timestamp) as delivered_at,
        cast(order_estimated_delivery_date as timestamp) as estimated_delivery_at
    from source
)

select * from renamed;


[0m15:12:36.316721 [debug] [Thread-3 (]: Opening a new connection, currently in state closed
[0m15:12:36.317429 [debug] [Thread-4 (]: On model.olist_dbt.stg_products: /* {"app": "dbt", "dbt_version": "1.12.4", "profile_name": "olist_dbt", "target_name": "dev", "node_id": "model.olist_dbt.stg_products"} */


  create or replace view `latihan-data-505310`.`olist_dataset`.`stg_products`
  OPTIONS()
  as -- models/staging/stg_products.sql
with source as (
    select * from `latihan-data-505310`.`olist_raw`.`olist_products_dataset`
),

renamed as (
    select
        product_id,
        product_category_name,
        cast(product_name_lenght as integer) as name_length,
        cast(product_description_lenght as integer) as description_length,
        cast(product_photos_qty as integer) as photos_qty,
        cast(product_weight_g as integer) as weight_grams,
        cast(product_length_cm as integer) as length_cm,
        cast(product_height_cm as integer) as height_cm,
        cast(product_width_cm as integer) as width_cm
    from source
)

select * from renamed;


[0m15:12:36.317820 [debug] [Thread-4 (]: Opening a new connection, currently in state closed
[0m15:12:38.312622 [debug] [Thread-3 (]: BigQuery adapter: https://console.cloud.google.com/bigquery?project=latihan-data-505310&j=bq:US:406e29c8-f409-4b82-a131-ad6f34f3e51d&page=queryresults
[0m15:12:38.370077 [debug] [Thread-4 (]: BigQuery adapter: https://console.cloud.google.com/bigquery?project=latihan-data-505310&j=bq:US:5ce9812e-e746-4860-8005-6160cc1433cb&page=queryresults
[0m15:12:39.141368 [debug] [Thread-3 (]: SQL status: OK in 0.827 seconds
[0m15:12:39.147627 [debug] [Thread-4 (]: SQL status: OK in 0.776 seconds
[0m15:12:39.148197 [debug] [Thread-3 (]: Sending event: {'category': 'dbt', 'action': 'run_model', 'label': '7efbc8d2-377a-4c61-81d4-56fd15a36dcb', 'context': [<snowplow_tracker.self_describing_json.SelfDescribingJson object at 0x0000018CB1C9F2A0>]}
[0m15:12:39.150320 [info ] [Thread-3 (]: 5 of 6 OK created sql view model olist_dataset.stg_orders ...................... [[32mCREATE VIEW (0 processed)[0m in 2.85s]
[0m15:12:39.153042 [debug] [Thread-3 (]: Finished running node model.olist_dbt.stg_orders
[0m15:12:39.152479 [debug] [Thread-4 (]: Sending event: {'category': 'dbt', 'action': 'run_model', 'label': '7efbc8d2-377a-4c61-81d4-56fd15a36dcb', 'context': [<snowplow_tracker.self_describing_json.SelfDescribingJson object at 0x0000018CB1C1EA50>]}
[0m15:12:39.153712 [info ] [Thread-4 (]: 6 of 6 OK created sql view model olist_dataset.stg_products .................... [[32mCREATE VIEW (0 processed)[0m in 2.85s]
[0m15:12:39.154372 [debug] [Thread-4 (]: Finished running node model.olist_dbt.stg_products
[0m15:12:39.156046 [debug] [MainThread]: Opening a new connection, currently in state closed
[0m15:12:39.189429 [debug] [MainThread]: Connection 'master' was properly closed.
[0m15:12:39.189770 [debug] [MainThread]: Connection 'list_latihan-data-505310' was properly closed.
[0m15:12:39.190026 [debug] [MainThread]: Connection 'list_latihan-data-505310_olist_dataset' was properly closed.
[0m15:12:39.190271 [debug] [MainThread]: Connection 'model.olist_dbt.stg_orders' was properly closed.
[0m15:12:39.190513 [debug] [MainThread]: Connection 'model.olist_dbt.stg_products' was properly closed.
[0m15:12:39.190755 [debug] [MainThread]: Connection 'model.olist_dbt.stg_order_payments' was properly closed.
[0m15:12:39.191054 [debug] [MainThread]: Connection 'model.olist_dbt.stg_order_reviews' was properly closed.
[0m15:12:39.191417 [info ] [MainThread]: 
[0m15:12:39.191933 [info ] [MainThread]: Finished running 6 view models in 0 hours 0 minutes and 10.22 seconds (10.22s).
[0m15:12:39.194075 [debug] [MainThread]: Command end result
[0m15:12:39.238119 [debug] [MainThread]: Wrote artifact WritableManifest to C:\Users\USER\analytics-portofolio\olist_dbt\target\manifest.json
[0m15:12:39.242160 [debug] [MainThread]: Wrote artifact SemanticManifest to C:\Users\USER\analytics-portofolio\olist_dbt\target\semantic_manifest.json
[0m15:12:39.248284 [debug] [MainThread]: Wrote artifact OsiDocument to C:\Users\USER\analytics-portofolio\olist_dbt\target\osi_document.json
[0m15:12:39.255437 [debug] [MainThread]: Wrote artifact RunExecutionResult to C:\Users\USER\analytics-portofolio\olist_dbt\target\run_results.json
[0m15:12:39.255757 [info ] [MainThread]: 
[0m15:12:39.256255 [info ] [MainThread]: [32mCompleted successfully[0m
[0m15:12:39.256673 [info ] [MainThread]: 
[0m15:12:39.257107 [info ] [MainThread]: Done. PASS=6 WARN=0 ERROR=0 SKIP=0 NO-OP=0 REUSED=0 TOTAL=6
[0m15:12:39.258306 [debug] [MainThread]: Command `dbt run` succeeded at 15:12:39.258198 after 14.01 seconds
[0m15:12:39.258640 [debug] [MainThread]: Sending event: {'category': 'dbt', 'action': 'invocation', 'label': 'end', 'context': [<snowplow_tracker.self_describing_json.SelfDescribingJson object at 0x0000018C9E404410>, <snowplow_tracker.self_describing_json.SelfDescribingJson object at 0x0000018CB04A4350>, <snowplow_tracker.self_describing_json.SelfDescribingJson object at 0x0000018CB1C1FAD0>]}
[0m15:12:39.258959 [debug] [MainThread]: Flushing usage events
[0m15:12:40.685452 [debug] [MainThread]: An error was encountered while trying to flush usage events
[0m15:23:57.911886 [debug] [MainThread]: Sending event: {'category': 'dbt', 'action': 'invocation', 'label': 'start', 'context': [<snowplow_tracker.self_describing_json.SelfDescribingJson object at 0x00000128B6E0A7B0>, <snowplow_tracker.self_describing_json.SelfDescribingJson object at 0x00000128B49C0E10>, <snowplow_tracker.self_describing_json.SelfDescribingJson object at 0x00000128B97E79D0>]}


============================== 15:23:57.918800 | d09cec31-60fd-421a-aed7-cb7b31310d4a ==============================
[0m15:23:57.918800 [info ] [MainThread]: Running with dbt=1.12.4
[0m15:23:57.919680 [debug] [MainThread]: running dbt with arguments {'maximum_seed_size_mib': '1', 'no_print': 'None', 'static_parser': 'True', 'target_path': 'None', 'warn_error_options': 'WarnErrorOptionsV2(error=[], warn=[], silence=[])', 'version_check': 'True', 'printer_width': '80', 'write_json': 'True', 'empty': 'False', 'log_cache_events': 'False', 'introspect': 'True', 'cache_selected_only': 'False', 'log_format': 'default', 'debug': 'False', 'fail_fast': 'False', 'profiles_dir': 'C:\\Users\\USER\\.dbt', 'send_anonymous_usage_stats': 'True', 'quiet': 'False', 'warn_error': 'None', 'partial_parse': 'True', 'invocation_command': 'dbt run', 'hints_enabled': 'True', 'indirect_selection': 'eager', 'use_experimental_parser': 'False', 'use_colors': 'True', 'log_path': 'C:\\Users\\USER\\analytics-portofolio\\olist_dbt\\logs'}
[0m15:24:00.046810 [debug] [MainThread]: Sending event: {'category': 'dbt', 'action': 'project_id', 'label': 'd09cec31-60fd-421a-aed7-cb7b31310d4a', 'context': [<snowplow_tracker.self_describing_json.SelfDescribingJson object at 0x00000128CB612060>]}
[0m15:24:00.114891 [debug] [MainThread]: Sending event: {'category': 'dbt', 'action': 'adapter_info', 'label': 'd09cec31-60fd-421a-aed7-cb7b31310d4a', 'context': [<snowplow_tracker.self_describing_json.SelfDescribingJson object at 0x00000128CB70F680>]}
[0m15:24:00.115737 [info ] [MainThread]: Registered adapter: bigquery=1.12.0
[0m15:24:00.738062 [debug] [MainThread]: checksum: 3326a0a5e08c0e49abdf21ef4bcbbe25e27dc0caf425e068257066cc97e24815, vars: {}, profile: olist_dbt, target: dev, version: 1.12.4
[0m15:24:00.856703 [info ] [MainThread]: Unable to do partial parsing because a project config has changed
[0m15:24:00.857265 [debug] [MainThread]: Sending event: {'category': 'dbt', 'action': 'partial_parser', 'label': 'd09cec31-60fd-421a-aed7-cb7b31310d4a', 'context': [<snowplow_tracker.self_describing_json.SelfDescribingJson object at 0x00000128CCD70150>]}
[0m15:24:02.159762 [warn ] [MainThread]: [[33mWARNING[0m]: Did not find matching node for patch with name 'my_first_dbt_model' in the 'models' section of file 'models\schema.yml'
[0m15:24:02.161295 [warn ] [MainThread]: [[33mWARNING[0m]: Did not find matching node for patch with name 'my_second_dbt_model' in the 'models' section of file 'models\schema.yml'
[0m15:24:02.477619 [warn ] [MainThread]: [[33mWARNING[0m]: Test 'test.olist_dbt.unique_my_first_dbt_model_id.16e066b321' (models\schema.yml) depends on a node named 'my_first_dbt_model' in package '' which was not found
[0m15:24:02.478238 [warn ] [MainThread]: [[33mWARNING[0m]: Test 'test.olist_dbt.not_null_my_first_dbt_model_id.5fb22c2710' (models\schema.yml) depends on a node named 'my_first_dbt_model' in package '' which was not found
[0m15:24:02.478691 [warn ] [MainThread]: [[33mWARNING[0m]: Test 'test.olist_dbt.unique_my_second_dbt_model_id.57a0f8c493' (models\schema.yml) depends on a node named 'my_second_dbt_model' in package '' which was not found
[0m15:24:02.479241 [warn ] [MainThread]: [[33mWARNING[0m]: Test 'test.olist_dbt.not_null_my_second_dbt_model_id.151b76d778' (models\schema.yml) depends on a node named 'my_second_dbt_model' in package '' which was not found
[0m15:24:02.600866 [debug] [MainThread]: Sending event: {'category': 'dbt', 'action': 'load_project', 'label': 'd09cec31-60fd-421a-aed7-cb7b31310d4a', 'context': [<snowplow_tracker.self_describing_json.SelfDescribingJson object at 0x00000128B955C410>]}
[0m15:24:02.711000 [debug] [MainThread]: Wrote artifact WritableManifest to C:\Users\USER\analytics-portofolio\olist_dbt\target\manifest.json
[0m15:24:02.716410 [debug] [MainThread]: Wrote artifact SemanticManifest to C:\Users\USER\analytics-portofolio\olist_dbt\target\semantic_manifest.json
[0m15:24:02.771809 [debug] [MainThread]: Wrote artifact OsiDocument to C:\Users\USER\analytics-portofolio\olist_dbt\target\osi_document.json
[0m15:24:02.794654 [debug] [MainThread]: Sending event: {'category': 'dbt', 'action': 'resource_counts', 'label': 'd09cec31-60fd-421a-aed7-cb7b31310d4a', 'context': [<snowplow_tracker.self_describing_json.SelfDescribingJson object at 0x00000128CD09D8D0>]}
[0m15:24:02.795192 [info ] [MainThread]: Found 9 models, 2 data tests, 6 sources, 561 macros
[0m15:24:02.795651 [debug] [MainThread]: Sending event: {'category': 'dbt', 'action': 'runnable_timing', 'label': 'd09cec31-60fd-421a-aed7-cb7b31310d4a', 'context': [<snowplow_tracker.self_describing_json.SelfDescribingJson object at 0x00000128CD12F5F0>]}
[0m15:24:02.797853 [info ] [MainThread]: 
[0m15:24:02.798339 [info ] [MainThread]: Concurrency: 4 threads (target='dev')
[0m15:24:02.798748 [info ] [MainThread]: 
[0m15:24:02.799322 [debug] [MainThread]: Acquiring new bigquery connection 'master'
[0m15:24:02.804051 [debug] [ThreadPool]: Acquiring new bigquery connection 'list_latihan-data-505310'
[0m15:24:02.804478 [debug] [ThreadPool]: Opening a new connection, currently in state init
[0m15:24:04.757004 [debug] [ThreadPool]: Acquiring new bigquery connection 'list_latihan-data-505310_olist_dataset'
[0m15:24:04.758818 [debug] [ThreadPool]: Opening a new connection, currently in state init
[0m15:24:06.961064 [debug] [MainThread]: Sending event: {'category': 'dbt', 'action': 'runnable_timing', 'label': 'd09cec31-60fd-421a-aed7-cb7b31310d4a', 'context': [<snowplow_tracker.self_describing_json.SelfDescribingJson object at 0x00000128CD0A8710>]}
[0m15:24:06.961503 [debug] [MainThread]: Opening a new connection, currently in state init
[0m15:24:07.001506 [debug] [Thread-3 (]: Began running node model.olist_dbt.stg_customers
[0m15:24:07.001932 [debug] [Thread-4 (]: Began running node model.olist_dbt.stg_order_items
[0m15:24:07.002293 [debug] [Thread-5 (]: Began running node model.olist_dbt.stg_order_payments
[0m15:24:07.002666 [debug] [Thread-6 (]: Began running node model.olist_dbt.stg_order_reviews
[0m15:24:07.003129 [info ] [Thread-3 (]: 1 of 8 START sql view model olist_dataset.stg_customers ........................ [RUN]
[0m15:24:07.005254 [debug] [Thread-3 (]: Acquiring new bigquery connection 'model.olist_dbt.stg_customers'
[0m15:24:07.005583 [debug] [Thread-3 (]: Began compiling node model.olist_dbt.stg_customers
[0m15:24:07.004698 [info ] [Thread-6 (]: 4 of 8 START sql view model olist_dataset.stg_order_reviews .................... [RUN]
[0m15:24:07.003728 [info ] [Thread-4 (]: 2 of 8 START sql view model olist_dataset.stg_order_items ...................... [RUN]
[0m15:24:07.010894 [debug] [Thread-6 (]: Acquiring new bigquery connection 'model.olist_dbt.stg_order_reviews'
[0m15:24:07.013933 [debug] [Thread-3 (]: Writing injected SQL for node "model.olist_dbt.stg_customers"
[0m15:24:07.004185 [info ] [Thread-5 (]: 3 of 8 START sql view model olist_dataset.stg_order_payments ................... [RUN]
[0m15:24:07.016714 [debug] [Thread-5 (]: Acquiring new bigquery connection 'model.olist_dbt.stg_order_payments'
[0m15:24:07.017369 [debug] [Thread-5 (]: Began compiling node model.olist_dbt.stg_order_payments
[0m15:24:07.015200 [debug] [Thread-4 (]: Acquiring new bigquery connection 'model.olist_dbt.stg_order_items'
[0m15:24:07.015932 [debug] [Thread-6 (]: Began compiling node model.olist_dbt.stg_order_reviews
[0m15:24:07.021692 [debug] [Thread-6 (]: Writing injected SQL for node "model.olist_dbt.stg_order_reviews"
[0m15:24:07.019953 [debug] [Thread-4 (]: Began compiling node model.olist_dbt.stg_order_items
[0m15:24:07.019432 [debug] [Thread-5 (]: Writing injected SQL for node "model.olist_dbt.stg_order_payments"
[0m15:24:07.022183 [debug] [Thread-3 (]: Began executing node model.olist_dbt.stg_customers
[0m15:24:07.023867 [debug] [Thread-4 (]: Writing injected SQL for node "model.olist_dbt.stg_order_items"
[0m15:24:07.055737 [debug] [Thread-6 (]: Began executing node model.olist_dbt.stg_order_reviews
[0m15:24:07.058341 [debug] [Thread-6 (]: Writing runtime sql for node "model.olist_dbt.stg_order_reviews"
[0m15:24:07.055113 [debug] [Thread-3 (]: Writing runtime sql for node "model.olist_dbt.stg_customers"
[0m15:24:07.059371 [debug] [Thread-5 (]: Began executing node model.olist_dbt.stg_order_payments
[0m15:24:07.063086 [debug] [Thread-5 (]: Writing runtime sql for node "model.olist_dbt.stg_order_payments"
[0m15:24:07.059808 [debug] [Thread-4 (]: Began executing node model.olist_dbt.stg_order_items
[0m15:24:07.066121 [debug] [Thread-4 (]: Writing runtime sql for node "model.olist_dbt.stg_order_items"
[0m15:24:07.066799 [debug] [Thread-6 (]: On model.olist_dbt.stg_order_reviews: /* {"app": "dbt", "dbt_version": "1.12.4", "profile_name": "olist_dbt", "target_name": "dev", "node_id": "model.olist_dbt.stg_order_reviews"} */


  create or replace view `latihan-data-505310`.`olist_dataset`.`stg_order_reviews`
  OPTIONS()
  as -- models/staging/stg_order_reviews.sql
with source as (
    select * from `latihan-data-505310`.`olist_raw`.`olist_order_reviews_dataset`
),

renamed as (
    select
        review_id,
        order_id,
        cast(review_score as integer) as score,
        review_comment_title,
        review_comment_message,
        cast(review_creation_date as timestamp) as created_at,
        cast(review_answer_timestamp as timestamp) as answered_at
    from source
)

select * from renamed;


[0m15:24:07.067806 [debug] [Thread-6 (]: Opening a new connection, currently in state init
[0m15:24:07.067210 [debug] [Thread-3 (]: On model.olist_dbt.stg_customers: /* {"app": "dbt", "dbt_version": "1.12.4", "profile_name": "olist_dbt", "target_name": "dev", "node_id": "model.olist_dbt.stg_customers"} */


  create or replace view `latihan-data-505310`.`olist_dataset`.`stg_customers`
  OPTIONS()
  as -- models/staging/stg_customers.sql
with source as (
    select * from `latihan-data-505310`.`olist_raw`.`olist_customers_dataset`
),

renamed as (
    select
        customer_id,
        customer_unique_id,
        lower(customer_city) as city,
        customer_state as state,
        customer_zip_code_prefix as zip_code
    from source
)

select * from renamed;


[0m15:24:07.068514 [debug] [Thread-3 (]: Opening a new connection, currently in state init
[0m15:24:07.068973 [debug] [Thread-5 (]: On model.olist_dbt.stg_order_payments: /* {"app": "dbt", "dbt_version": "1.12.4", "profile_name": "olist_dbt", "target_name": "dev", "node_id": "model.olist_dbt.stg_order_payments"} */


  create or replace view `latihan-data-505310`.`olist_dataset`.`stg_order_payments`
  OPTIONS()
  as -- models/staging/stg_order_payments.sql
with source as (
    select * from `latihan-data-505310`.`olist_raw`.`olist_order_payments_dataset`
),

renamed as (
    select
        order_id,
        payment_sequential,
        payment_type,
        cast(payment_installments as integer) as installments,
        cast(payment_value as numeric) as payment_value
    from source
)

select * from renamed;


[0m15:24:07.069445 [debug] [Thread-5 (]: Opening a new connection, currently in state init
[0m15:24:07.101009 [debug] [Thread-4 (]: On model.olist_dbt.stg_order_items: /* {"app": "dbt", "dbt_version": "1.12.4", "profile_name": "olist_dbt", "target_name": "dev", "node_id": "model.olist_dbt.stg_order_items"} */


  create or replace view `latihan-data-505310`.`olist_dataset`.`stg_order_items`
  OPTIONS()
  as -- models/staging/stg_order_items.sql
with source as (
    select * from `latihan-data-505310`.`olist_raw`.`olist_order_items_dataset`
),

renamed as (
    select
        order_id,
        order_item_id,
        product_id,
        seller_id,
        cast(shipping_limit_date as timestamp) as shipping_limit_at,
        cast(price as numeric) as price,
        cast(freight_value as numeric) as freight_value
    from source
)

select * from renamed;


[0m15:24:07.101572 [debug] [Thread-4 (]: Opening a new connection, currently in state init
[0m15:24:09.191334 [debug] [Thread-6 (]: BigQuery adapter: https://console.cloud.google.com/bigquery?project=latihan-data-505310&j=bq:US:af5c7cd8-f731-4676-a7b2-897641d2aa03&page=queryresults
[0m15:24:09.215769 [debug] [Thread-4 (]: BigQuery adapter: https://console.cloud.google.com/bigquery?project=latihan-data-505310&j=bq:US:cb7c498e-a60d-47a0-ab84-284aa3f31454&page=queryresults
[0m15:24:09.224686 [debug] [Thread-3 (]: BigQuery adapter: https://console.cloud.google.com/bigquery?project=latihan-data-505310&j=bq:US:a68b4107-d36a-483d-bbd7-cdb1934d95f0&page=queryresults
[0m15:24:09.273029 [debug] [Thread-5 (]: BigQuery adapter: https://console.cloud.google.com/bigquery?project=latihan-data-505310&j=bq:US:3d8830f7-4472-4866-a95f-834db508b54c&page=queryresults
[0m15:24:10.003067 [debug] [Thread-6 (]: SQL status: OK in 0.811 seconds
[0m15:24:10.028063 [debug] [Thread-4 (]: SQL status: OK in 0.812 seconds
[0m15:24:10.032117 [debug] [Thread-3 (]: SQL status: OK in 0.807 seconds
[0m15:24:10.068341 [debug] [Thread-5 (]: SQL status: OK in 0.795 seconds
[0m15:24:10.201519 [debug] [Thread-4 (]: Sending event: {'category': 'dbt', 'action': 'run_model', 'label': 'd09cec31-60fd-421a-aed7-cb7b31310d4a', 'context': [<snowplow_tracker.self_describing_json.SelfDescribingJson object at 0x00000128CD11C5D0>]}
[0m15:24:10.201853 [debug] [Thread-6 (]: Sending event: {'category': 'dbt', 'action': 'run_model', 'label': 'd09cec31-60fd-421a-aed7-cb7b31310d4a', 'context': [<snowplow_tracker.self_describing_json.SelfDescribingJson object at 0x00000128CD15A990>]}
[0m15:24:10.203696 [debug] [Thread-5 (]: Sending event: {'category': 'dbt', 'action': 'run_model', 'label': 'd09cec31-60fd-421a-aed7-cb7b31310d4a', 'context': [<snowplow_tracker.self_describing_json.SelfDescribingJson object at 0x00000128B734EAD0>]}
[0m15:24:10.202480 [info ] [Thread-4 (]: 2 of 8 OK created sql view model olist_dataset.stg_order_items ................. [[32mCREATE VIEW (0 processed)[0m in 3.18s]
[0m15:24:10.202827 [debug] [Thread-3 (]: Sending event: {'category': 'dbt', 'action': 'run_model', 'label': 'd09cec31-60fd-421a-aed7-cb7b31310d4a', 'context': [<snowplow_tracker.self_describing_json.SelfDescribingJson object at 0x00000128CD076DE0>]}
[0m15:24:10.204394 [info ] [Thread-5 (]: 3 of 8 OK created sql view model olist_dataset.stg_order_payments .............. [[32mCREATE VIEW (0 processed)[0m in 3.18s]
[0m15:24:10.206372 [debug] [Thread-5 (]: Finished running node model.olist_dbt.stg_order_payments
[0m15:24:10.203421 [info ] [Thread-6 (]: 4 of 8 OK created sql view model olist_dataset.stg_order_reviews ............... [[32mCREATE VIEW (0 processed)[0m in 3.19s]
[0m15:24:10.205157 [debug] [Thread-4 (]: Finished running node model.olist_dbt.stg_order_items
[0m15:24:10.207924 [debug] [Thread-4 (]: Began running node model.olist_dbt.stg_products
[0m15:24:10.205807 [info ] [Thread-3 (]: 1 of 8 OK created sql view model olist_dataset.stg_customers ................... [[32mCREATE VIEW (0 processed)[0m in 3.19s]
[0m15:24:10.207412 [debug] [Thread-6 (]: Finished running node model.olist_dbt.stg_order_reviews
[0m15:24:10.206784 [debug] [Thread-5 (]: Began running node model.olist_dbt.stg_orders
[0m15:24:10.208364 [info ] [Thread-4 (]: 6 of 8 START sql view model olist_dataset.stg_products ......................... [RUN]
[0m15:24:10.209273 [debug] [Thread-3 (]: Finished running node model.olist_dbt.stg_customers
[0m15:24:10.211151 [debug] [Thread-4 (]: Re-using an available connection from the pool (formerly model.olist_dbt.stg_order_items, now model.olist_dbt.stg_products)
[0m15:24:10.212151 [debug] [Thread-4 (]: Began compiling node model.olist_dbt.stg_products
[0m15:24:10.210322 [info ] [Thread-5 (]: 5 of 8 START sql view model olist_dataset.stg_orders ........................... [RUN]
[0m15:24:10.215189 [debug] [Thread-5 (]: Re-using an available connection from the pool (formerly model.olist_dbt.stg_order_payments, now model.olist_dbt.stg_orders)
[0m15:24:10.215600 [debug] [Thread-5 (]: Began compiling node model.olist_dbt.stg_orders
[0m15:24:10.217635 [debug] [Thread-5 (]: Writing injected SQL for node "model.olist_dbt.stg_orders"
[0m15:24:10.214606 [debug] [Thread-4 (]: Writing injected SQL for node "model.olist_dbt.stg_products"
[0m15:24:10.219159 [debug] [Thread-5 (]: Began executing node model.olist_dbt.stg_orders
[0m15:24:10.221284 [debug] [Thread-5 (]: Writing runtime sql for node "model.olist_dbt.stg_orders"
[0m15:24:10.221737 [debug] [Thread-4 (]: Began executing node model.olist_dbt.stg_products
[0m15:24:10.224453 [debug] [Thread-4 (]: Writing runtime sql for node "model.olist_dbt.stg_products"
[0m15:24:10.225722 [debug] [Thread-5 (]: On model.olist_dbt.stg_orders: /* {"app": "dbt", "dbt_version": "1.12.4", "profile_name": "olist_dbt", "target_name": "dev", "node_id": "model.olist_dbt.stg_orders"} */


  create or replace view `latihan-data-505310`.`olist_dataset`.`stg_orders`
  OPTIONS()
  as -- models/staging/stg_orders.sql
with source as (
    select * from `latihan-data-505310`.`olist_raw`.`olist_orders_dataset`
),

renamed as (
    select
        order_id,
        customer_id,
        lower(order_status) as order_status,
        cast(order_purchase_timestamp as timestamp) as purchased_at,
        cast(order_approved_at as timestamp) as approved_at,
        cast(order_delivered_customer_date as timestamp) as delivered_at,
        cast(order_estimated_delivery_date as timestamp) as estimated_delivery_at
    from source
)

select * from renamed;


[0m15:24:10.227155 [debug] [Thread-5 (]: Opening a new connection, currently in state closed
[0m15:24:10.226315 [debug] [Thread-4 (]: On model.olist_dbt.stg_products: /* {"app": "dbt", "dbt_version": "1.12.4", "profile_name": "olist_dbt", "target_name": "dev", "node_id": "model.olist_dbt.stg_products"} */


  create or replace view `latihan-data-505310`.`olist_dataset`.`stg_products`
  OPTIONS()
  as -- models/staging/stg_products.sql
with source as (
    select * from `latihan-data-505310`.`olist_raw`.`olist_products_dataset`
),

renamed as (
    select
        product_id,
        product_category_name,
        cast(product_name_lenght as integer) as name_length,
        cast(product_description_lenght as integer) as description_length,
        cast(product_photos_qty as integer) as photos_qty,
        cast(product_weight_g as integer) as weight_grams,
        cast(product_length_cm as integer) as length_cm,
        cast(product_height_cm as integer) as height_cm,
        cast(product_width_cm as integer) as width_cm
    from source
)

select * from renamed;


[0m15:24:10.227792 [debug] [Thread-4 (]: Opening a new connection, currently in state closed
[0m15:24:12.288034 [debug] [Thread-5 (]: BigQuery adapter: https://console.cloud.google.com/bigquery?project=latihan-data-505310&j=bq:US:1517a3f4-ccec-4c42-84f1-40ab76bd669e&page=queryresults
[0m15:24:12.320512 [debug] [Thread-4 (]: BigQuery adapter: https://console.cloud.google.com/bigquery?project=latihan-data-505310&j=bq:US:92efb836-d6c9-4841-b28c-d7c6969aecee&page=queryresults
[0m15:24:13.036506 [debug] [Thread-4 (]: SQL status: OK in 0.715 seconds
[0m15:24:13.042355 [debug] [Thread-4 (]: Sending event: {'category': 'dbt', 'action': 'run_model', 'label': 'd09cec31-60fd-421a-aed7-cb7b31310d4a', 'context': [<snowplow_tracker.self_describing_json.SelfDescribingJson object at 0x00000128CE5040B0>]}
[0m15:24:13.042910 [info ] [Thread-4 (]: 6 of 8 OK created sql view model olist_dataset.stg_products .................... [[32mCREATE VIEW (0 processed)[0m in 2.83s]
[0m15:24:13.043608 [debug] [Thread-4 (]: Finished running node model.olist_dbt.stg_products
[0m15:24:13.058843 [debug] [Thread-5 (]: SQL status: OK in 0.769 seconds
[0m15:24:13.062556 [debug] [Thread-5 (]: Sending event: {'category': 'dbt', 'action': 'run_model', 'label': 'd09cec31-60fd-421a-aed7-cb7b31310d4a', 'context': [<snowplow_tracker.self_describing_json.SelfDescribingJson object at 0x00000128CE3E7CB0>]}
[0m15:24:13.063300 [info ] [Thread-5 (]: 5 of 8 OK created sql view model olist_dataset.stg_orders ...................... [[32mCREATE VIEW (0 processed)[0m in 2.85s]
[0m15:24:13.064561 [debug] [Thread-5 (]: Finished running node model.olist_dbt.stg_orders
[0m15:24:13.065495 [debug] [Thread-3 (]: Began running node model.olist_dbt.dim_customers
[0m15:24:13.065900 [debug] [Thread-6 (]: Began running node model.olist_dbt.ct_order_details
[0m15:24:13.066803 [info ] [Thread-3 (]: 8 of 8 START sql view model olist_dataset.dim_customers ........................ [RUN]
[0m15:24:13.070069 [debug] [Thread-3 (]: Re-using an available connection from the pool (formerly model.olist_dbt.stg_customers, now model.olist_dbt.dim_customers)
[0m15:24:13.068557 [info ] [Thread-6 (]: 7 of 8 START sql view model olist_dataset.ct_order_details ..................... [RUN]
[0m15:24:13.076310 [debug] [Thread-3 (]: Began compiling node model.olist_dbt.dim_customers
[0m15:24:13.081084 [debug] [Thread-6 (]: Re-using an available connection from the pool (formerly model.olist_dbt.stg_order_reviews, now model.olist_dbt.ct_order_details)
[0m15:24:13.090687 [debug] [Thread-3 (]: Writing injected SQL for node "model.olist_dbt.dim_customers"
[0m15:24:13.098859 [debug] [Thread-6 (]: Began compiling node model.olist_dbt.ct_order_details
[0m15:24:13.105911 [debug] [Thread-6 (]: Writing injected SQL for node "model.olist_dbt.ct_order_details"
[0m15:24:13.107992 [debug] [Thread-6 (]: Began executing node model.olist_dbt.ct_order_details
[0m15:24:13.108727 [debug] [Thread-3 (]: Began executing node model.olist_dbt.dim_customers
[0m15:24:13.114786 [debug] [Thread-3 (]: Writing runtime sql for node "model.olist_dbt.dim_customers"
[0m15:24:13.119091 [debug] [Thread-6 (]: Writing runtime sql for node "model.olist_dbt.ct_order_details"
[0m15:24:13.122991 [debug] [Thread-6 (]: On model.olist_dbt.ct_order_details: /* {"app": "dbt", "dbt_version": "1.12.4", "profile_name": "olist_dbt", "target_name": "dev", "node_id": "model.olist_dbt.ct_order_details"} */


  create or replace view `latihan-data-505310`.`olist_dataset`.`ct_order_details`
  OPTIONS()
  as -- Goal: Transaction detail for granular analysis

with orders as (
    select * from `latihan-data-505310`.`olist_dataset`.`stg_orders`
),

customers as (
    select * from `latihan-data-505310`.`olist_dataset`.`stg_customers`
),

order_items as (
    select * from `latihan-data-505310`.`olist_dataset`.`stg_order_items`
),

products as (
    select * from `latihan-data-505310`.`olist_dataset`.`stg_products`
),

order_payments as (
    select * from `latihan-data-505310`.`olist_dataset`.`stg_order_payments`
),

order_reviews as (
    select * from `latihan-data-505310`.`olist_dataset`.`stg_order_reviews`
)

select
    orders.order_id,
    orders.customer_id,
    orders.order_status,
    orders.purchased_at,
    orders.approved_at,
    orders.delivered_at,
    orders.estimated_delivery_at,
    
    -- Customer info
    customers.city as customer_city,
    customers.state as customer_state,
    
    -- Product info
    order_items.product_id,
    products.product_category_name,
    order_items.price,
    order_items.freight_value,
    
    -- Payment info
    order_payments.payment_type,
    order_payments.installments,
    order_payments.payment_value,
    
    -- Review info
    order_reviews.score as review_score,
    order_reviews.review_comment_message,
    
    -- Calculated metrics
    (order_items.price + order_items.freight_value) as total_item_value,
    date_diff(orders.delivered_at, orders.estimated_delivery_at, day) as delivery_delay_days
from orders
left join customers on orders.customer_id = customers.customer_id
left join order_items on orders.order_id = order_items.order_id
left join products on order_items.product_id = products.product_id
left join order_payments on orders.order_id = order_payments.order_id
left join order_reviews on orders.order_id = order_reviews.order_id
where orders.order_status = 'delivered';;


[0m15:24:13.124881 [debug] [Thread-6 (]: Opening a new connection, currently in state closed
[0m15:24:13.123974 [debug] [Thread-3 (]: On model.olist_dbt.dim_customers: /* {"app": "dbt", "dbt_version": "1.12.4", "profile_name": "olist_dbt", "target_name": "dev", "node_id": "model.olist_dbt.dim_customers"} */


  create or replace view `latihan-data-505310`.`olist_dataset`.`dim_customers`
  OPTIONS()
  as -- Goal: Customer dimension with CLV metric (Customer Lifetime Value)

with customers as (
    select * from `latihan-data-505310`.`olist_dataset`.`stg_customers`
),

orders as (
    select * from `latihan-data-505310`.`olist_dataset`.`stg_orders`
),

order_items as (
    select * from `latihan-data-505310`.`olist_dataset`.`stg_order_items`
),

-- Calculate metric per customer
customer_metrics as (
    select
        orders.customer_id,
        count(distinct orders.order_id) as total_orders,
        sum(order_items.price + order_items.freight_value) as total_spent,
        avg(order_items.price + order_items.freight_value) as avg_order_value,
        min(orders.purchased_at) as first_purchase_date,
        max(orders.purchased_at) as last_purchase_date,
        date_diff(max(orders.purchased_at), min(orders.purchased_at), day) as customer_lifetime_days
    from orders
    left join order_items on orders.order_id = order_items.order_id
    where orders.order_status = 'delivered'
    group by 1
)

select
    customers.customer_id,
    customers.customer_unique_id,
    customers.city,
    customers.state,
    customers.zip_code,
    coalesce(customer_metrics.total_orders, 0) as total_orders,
    coalesce(customer_metrics.total_spent, 0) as total_spent,
    coalesce(customer_metrics.avg_order_value, 0) as avg_order_value,
    customer_metrics.first_purchase_date,
    customer_metrics.last_purchase_date,
    customer_metrics.customer_lifetime_days
from customers
left join customer_metrics on customers.customer_id = customer_metrics.customer_id;;


[0m15:24:13.125802 [debug] [Thread-3 (]: Opening a new connection, currently in state closed
[0m15:24:15.024961 [debug] [Thread-6 (]: BigQuery adapter: https://console.cloud.google.com/bigquery?project=latihan-data-505310&j=bq:US:c5ff896d-6c84-4ae0-93e3-ea870cfec960&page=queryresults
[0m15:24:15.027357 [error] [Thread-6 (]: BigQuery adapter: https://console.cloud.google.com/bigquery?project=latihan-data-505310&j=bq:US:c5ff896d-6c84-4ae0-93e3-ea870cfec960&page=queryresults
[0m15:24:15.029594 [debug] [Thread-3 (]: BigQuery adapter: https://console.cloud.google.com/bigquery?project=latihan-data-505310&j=bq:US:8aa8f78d-8687-4a78-8582-7c807d72ee0f&page=queryresults
[0m15:24:15.031622 [error] [Thread-3 (]: BigQuery adapter: https://console.cloud.google.com/bigquery?project=latihan-data-505310&j=bq:US:8aa8f78d-8687-4a78-8582-7c807d72ee0f&page=queryresults
[0m15:24:15.063275 [debug] [Thread-6 (]: Database Error in model ct_order_details (models\marts\ct_order_details.sql)
  Syntax error: Unexpected ";" at [69:41]
  compiled code at target\run\olist_dbt\models\marts\ct_order_details.sql
[0m15:24:15.064043 [debug] [Thread-6 (]: Sending event: {'category': 'dbt', 'action': 'run_model', 'label': 'd09cec31-60fd-421a-aed7-cb7b31310d4a', 'context': [<snowplow_tracker.self_describing_json.SelfDescribingJson object at 0x00000128CE59C3B0>]}
[0m15:24:15.065235 [debug] [Thread-3 (]: Database Error in model dim_customers (models\marts\dim_customers.sql)
  Syntax error: Unexpected ";" at [49:84]
  compiled code at target\run\olist_dbt\models\marts\dim_customers.sql
[0m15:24:15.065625 [debug] [Thread-3 (]: Sending event: {'category': 'dbt', 'action': 'run_model', 'label': 'd09cec31-60fd-421a-aed7-cb7b31310d4a', 'context': [<snowplow_tracker.self_describing_json.SelfDescribingJson object at 0x00000128CE506690>]}
[0m15:24:15.064596 [error] [Thread-6 (]: 7 of 8 ERROR creating sql view model olist_dataset.ct_order_details ............ [[31mERROR[0m in 1.98s]
[0m15:24:15.066704 [debug] [Thread-6 (]: Finished running node model.olist_dbt.ct_order_details
[0m15:24:15.067221 [debug] [Thread-9 (]: Marking all children of 'model.olist_dbt.ct_order_details' to be skipped because of status 'error'.  Reason: Database Error in model ct_order_details (models\marts\ct_order_details.sql)
  Syntax error: Unexpected ";" at [69:41]
  compiled code at target\run\olist_dbt\models\marts\ct_order_details.sql.
[0m15:24:15.066113 [error] [Thread-3 (]: 8 of 8 ERROR creating sql view model olist_dataset.dim_customers ............... [[31mERROR[0m in 2.00s]
[0m15:24:15.068544 [debug] [Thread-3 (]: Finished running node model.olist_dbt.dim_customers
[0m15:24:15.069026 [debug] [Thread-9 (]: Marking all children of 'model.olist_dbt.dim_customers' to be skipped because of status 'error'.  Reason: Database Error in model dim_customers (models\marts\dim_customers.sql)
  Syntax error: Unexpected ";" at [49:84]
  compiled code at target\run\olist_dbt\models\marts\dim_customers.sql.
[0m15:24:15.070871 [debug] [MainThread]: Opening a new connection, currently in state closed
[0m15:24:15.103802 [debug] [MainThread]: Connection 'master' was properly closed.
[0m15:24:15.104344 [debug] [MainThread]: Connection 'list_latihan-data-505310' was properly closed.
[0m15:24:15.104624 [debug] [MainThread]: Connection 'list_latihan-data-505310_olist_dataset' was properly closed.
[0m15:24:15.104875 [debug] [MainThread]: Connection 'model.olist_dbt.dim_customers' was properly closed.
[0m15:24:15.105135 [debug] [MainThread]: Connection 'model.olist_dbt.ct_order_details' was properly closed.
[0m15:24:15.105389 [debug] [MainThread]: Connection 'model.olist_dbt.stg_products' was properly closed.
[0m15:24:15.105865 [debug] [MainThread]: Connection 'model.olist_dbt.stg_orders' was properly closed.
[0m15:24:15.106210 [info ] [MainThread]: 
[0m15:24:15.106694 [info ] [MainThread]: Finished running 8 view models in 0 hours 0 minutes and 12.31 seconds (12.31s).
[0m15:24:15.108655 [debug] [MainThread]: Command end result
[0m15:24:15.167768 [debug] [MainThread]: Wrote artifact WritableManifest to C:\Users\USER\analytics-portofolio\olist_dbt\target\manifest.json
[0m15:24:15.172120 [debug] [MainThread]: Wrote artifact SemanticManifest to C:\Users\USER\analytics-portofolio\olist_dbt\target\semantic_manifest.json
[0m15:24:15.176235 [debug] [MainThread]: Wrote artifact OsiDocument to C:\Users\USER\analytics-portofolio\olist_dbt\target\osi_document.json
[0m15:24:15.184419 [debug] [MainThread]: Wrote artifact RunExecutionResult to C:\Users\USER\analytics-portofolio\olist_dbt\target\run_results.json
[0m15:24:15.184771 [info ] [MainThread]: 
[0m15:24:15.185255 [info ] [MainThread]: [31mCompleted with 2 errors, 0 partial successes, and 0 warnings:[0m
[0m15:24:15.185679 [info ] [MainThread]: 
[0m15:24:15.186167 [error] [MainThread]: [[31mERROR[0m]: in model ct_order_details (models\marts\ct_order_details.sql)
[0m15:24:15.186633 [error] [MainThread]:   Database Error in model ct_order_details (models\marts\ct_order_details.sql)
  Syntax error: Unexpected ";" at [69:41]
  compiled code at target\run\olist_dbt\models\marts\ct_order_details.sql
[0m15:24:15.187019 [info ] [MainThread]: 
[0m15:24:15.187468 [info ] [MainThread]:   compiled code at target\compiled\olist_dbt\models\marts\ct_order_details.sql
[0m15:24:15.187855 [info ] [MainThread]: 
[0m15:24:15.188318 [error] [MainThread]: [[31mERROR[0m]: in model dim_customers (models\marts\dim_customers.sql)
[0m15:24:15.188764 [error] [MainThread]:   Database Error in model dim_customers (models\marts\dim_customers.sql)
  Syntax error: Unexpected ";" at [49:84]
  compiled code at target\run\olist_dbt\models\marts\dim_customers.sql
[0m15:24:15.189141 [info ] [MainThread]: 
[0m15:24:15.189580 [info ] [MainThread]:   compiled code at target\compiled\olist_dbt\models\marts\dim_customers.sql
[0m15:24:15.190016 [info ] [MainThread]: 
[0m15:24:15.191037 [info ] [MainThread]: Done. PASS=6 WARN=0 ERROR=2 SKIP=0 NO-OP=0 REUSED=0 TOTAL=8
[0m15:24:15.192335 [debug] [MainThread]: Command `dbt run` failed at 15:24:15.192223 after 17.50 seconds
[0m15:24:15.192690 [debug] [MainThread]: Sending event: {'category': 'dbt', 'action': 'invocation', 'label': 'end', 'context': [<snowplow_tracker.self_describing_json.SelfDescribingJson object at 0x00000128CCF511F0>, <snowplow_tracker.self_describing_json.SelfDescribingJson object at 0x00000128B97A6870>, <snowplow_tracker.self_describing_json.SelfDescribingJson object at 0x00000128B4F19310>]}
[0m15:24:15.193018 [debug] [MainThread]: Flushing usage events
[0m15:24:16.635357 [debug] [MainThread]: An error was encountered while trying to flush usage events
[0m15:24:48.889294 [debug] [MainThread]: Sending event: {'category': 'dbt', 'action': 'invocation', 'label': 'start', 'context': [<snowplow_tracker.self_describing_json.SelfDescribingJson object at 0x000001C3CC0BA7B0>, <snowplow_tracker.self_describing_json.SelfDescribingJson object at 0x000001C3C9C74E10>, <snowplow_tracker.self_describing_json.SelfDescribingJson object at 0x000001C3CEA979D0>]}


============================== 15:24:48.893769 | 332a0481-960a-47e7-bdea-50ae4bd54af7 ==============================
[0m15:24:48.893769 [info ] [MainThread]: Running with dbt=1.12.4
[0m15:24:48.894762 [debug] [MainThread]: running dbt with arguments {'maximum_seed_size_mib': '1', 'no_print': 'None', 'static_parser': 'True', 'target_path': 'None', 'warn_error_options': 'WarnErrorOptionsV2(error=[], warn=[], silence=[])', 'version_check': 'True', 'printer_width': '80', 'write_json': 'True', 'introspect': 'True', 'log_cache_events': 'False', 'empty': 'False', 'cache_selected_only': 'False', 'log_format': 'default', 'debug': 'False', 'fail_fast': 'False', 'partial_parse': 'True', 'send_anonymous_usage_stats': 'True', 'quiet': 'False', 'warn_error': 'None', 'profiles_dir': 'C:\\Users\\USER\\.dbt', 'use_colors': 'True', 'hints_enabled': 'True', 'invocation_command': 'dbt run', 'use_experimental_parser': 'False', 'indirect_selection': 'eager', 'log_path': 'C:\\Users\\USER\\analytics-portofolio\\olist_dbt\\logs'}
[0m15:24:50.068973 [debug] [MainThread]: Sending event: {'category': 'dbt', 'action': 'project_id', 'label': '332a0481-960a-47e7-bdea-50ae4bd54af7', 'context': [<snowplow_tracker.self_describing_json.SelfDescribingJson object at 0x000001C3E08C2060>]}
[0m15:24:50.190429 [debug] [MainThread]: Sending event: {'category': 'dbt', 'action': 'adapter_info', 'label': '332a0481-960a-47e7-bdea-50ae4bd54af7', 'context': [<snowplow_tracker.self_describing_json.SelfDescribingJson object at 0x000001C3E09BF680>]}
[0m15:24:50.191597 [info ] [MainThread]: Registered adapter: bigquery=1.12.0
[0m15:24:50.798644 [debug] [MainThread]: checksum: 3326a0a5e08c0e49abdf21ef4bcbbe25e27dc0caf425e068257066cc97e24815, vars: {}, profile: olist_dbt, target: dev, version: 1.12.4
[0m15:24:51.007927 [debug] [MainThread]: Partial parsing enabled: 0 files deleted, 0 files added, 3 files changed.
[0m15:24:51.008478 [debug] [MainThread]: Partial parsing: updated file: olist_dbt://models\marts\fct_monthly_sales.sql
[0m15:24:51.008846 [debug] [MainThread]: Partial parsing: updated file: olist_dbt://models\marts\ct_order_details.sql
[0m15:24:51.009193 [debug] [MainThread]: Partial parsing: updated file: olist_dbt://models\marts\dim_customers.sql
[0m15:24:51.320277 [debug] [MainThread]: Sending event: {'category': 'dbt', 'action': 'load_project', 'label': '332a0481-960a-47e7-bdea-50ae4bd54af7', 'context': [<snowplow_tracker.self_describing_json.SelfDescribingJson object at 0x000001C3E0DB6950>]}
[0m15:24:51.440924 [debug] [MainThread]: Wrote artifact WritableManifest to C:\Users\USER\analytics-portofolio\olist_dbt\target\manifest.json
[0m15:24:51.446427 [debug] [MainThread]: Wrote artifact SemanticManifest to C:\Users\USER\analytics-portofolio\olist_dbt\target\semantic_manifest.json
[0m15:24:51.474532 [debug] [MainThread]: Wrote artifact OsiDocument to C:\Users\USER\analytics-portofolio\olist_dbt\target\osi_document.json
[0m15:24:51.487966 [debug] [MainThread]: Sending event: {'category': 'dbt', 'action': 'resource_counts', 'label': '332a0481-960a-47e7-bdea-50ae4bd54af7', 'context': [<snowplow_tracker.self_describing_json.SelfDescribingJson object at 0x000001C3E2228140>]}
[0m15:24:51.488408 [info ] [MainThread]: Found 9 models, 2 data tests, 6 sources, 561 macros
[0m15:24:51.488884 [debug] [MainThread]: Sending event: {'category': 'dbt', 'action': 'runnable_timing', 'label': '332a0481-960a-47e7-bdea-50ae4bd54af7', 'context': [<snowplow_tracker.self_describing_json.SelfDescribingJson object at 0x000001C3E2249D30>]}
[0m15:24:51.491038 [info ] [MainThread]: 
[0m15:24:51.491560 [info ] [MainThread]: Concurrency: 4 threads (target='dev')
[0m15:24:51.492067 [info ] [MainThread]: 
[0m15:24:51.492772 [debug] [MainThread]: Acquiring new bigquery connection 'master'
[0m15:24:51.497324 [debug] [ThreadPool]: Acquiring new bigquery connection 'list_latihan-data-505310'
[0m15:24:51.497763 [debug] [ThreadPool]: Opening a new connection, currently in state init
[0m15:24:53.243419 [debug] [ThreadPool]: Acquiring new bigquery connection 'list_latihan-data-505310_olist_dataset'
[0m15:24:53.243889 [debug] [ThreadPool]: Opening a new connection, currently in state init
[0m15:24:55.401570 [debug] [MainThread]: Sending event: {'category': 'dbt', 'action': 'runnable_timing', 'label': '332a0481-960a-47e7-bdea-50ae4bd54af7', 'context': [<snowplow_tracker.self_describing_json.SelfDescribingJson object at 0x000001C3CEB18AE0>]}
[0m15:24:55.402083 [debug] [MainThread]: Opening a new connection, currently in state init
[0m15:24:55.440033 [debug] [Thread-5 (]: Began running node model.olist_dbt.stg_order_payments
[0m15:24:55.441618 [debug] [Thread-3 (]: Began running node model.olist_dbt.stg_customers
[0m15:24:55.440458 [debug] [Thread-6 (]: Began running node model.olist_dbt.stg_order_reviews
[0m15:24:55.441272 [info ] [Thread-5 (]: 3 of 9 START sql view model olist_dataset.stg_order_payments ................... [RUN]
[0m15:24:55.440812 [debug] [Thread-4 (]: Began running node model.olist_dbt.stg_order_items
[0m15:24:55.443153 [debug] [Thread-5 (]: Acquiring new bigquery connection 'model.olist_dbt.stg_order_payments'
[0m15:24:55.444143 [debug] [Thread-5 (]: Began compiling node model.olist_dbt.stg_order_payments
[0m15:24:55.442108 [info ] [Thread-3 (]: 1 of 9 START sql view model olist_dataset.stg_customers ........................ [RUN]
[0m15:24:55.453025 [debug] [Thread-3 (]: Acquiring new bigquery connection 'model.olist_dbt.stg_customers'
[0m15:24:55.453575 [debug] [Thread-3 (]: Began compiling node model.olist_dbt.stg_customers
[0m15:24:55.455528 [debug] [Thread-3 (]: Writing injected SQL for node "model.olist_dbt.stg_customers"
[0m15:24:55.452181 [debug] [Thread-5 (]: Writing injected SQL for node "model.olist_dbt.stg_order_payments"
[0m15:24:55.443718 [info ] [Thread-4 (]: 2 of 9 START sql view model olist_dataset.stg_order_items ...................... [RUN]
[0m15:24:55.442500 [info ] [Thread-6 (]: 4 of 9 START sql view model olist_dataset.stg_order_reviews .................... [RUN]
[0m15:24:55.457143 [debug] [Thread-6 (]: Acquiring new bigquery connection 'model.olist_dbt.stg_order_reviews'
[0m15:24:55.457491 [debug] [Thread-6 (]: Began compiling node model.olist_dbt.stg_order_reviews
[0m15:24:55.459179 [debug] [Thread-6 (]: Writing injected SQL for node "model.olist_dbt.stg_order_reviews"
[0m15:24:55.456385 [debug] [Thread-4 (]: Acquiring new bigquery connection 'model.olist_dbt.stg_order_items'
[0m15:24:55.459925 [debug] [Thread-4 (]: Began compiling node model.olist_dbt.stg_order_items
[0m15:24:55.465231 [debug] [Thread-4 (]: Writing injected SQL for node "model.olist_dbt.stg_order_items"
[0m15:24:55.460477 [debug] [Thread-5 (]: Began executing node model.olist_dbt.stg_order_payments
[0m15:24:55.477981 [debug] [Thread-6 (]: Began executing node model.olist_dbt.stg_order_reviews
[0m15:24:55.465853 [debug] [Thread-3 (]: Began executing node model.olist_dbt.stg_customers
[0m15:24:55.497688 [debug] [Thread-5 (]: Writing runtime sql for node "model.olist_dbt.stg_order_payments"
[0m15:24:55.500412 [debug] [Thread-6 (]: Writing runtime sql for node "model.olist_dbt.stg_order_reviews"
[0m15:24:55.502677 [debug] [Thread-3 (]: Writing runtime sql for node "model.olist_dbt.stg_customers"
[0m15:24:55.503405 [debug] [Thread-4 (]: Began executing node model.olist_dbt.stg_order_items
[0m15:24:55.505751 [debug] [Thread-4 (]: Writing runtime sql for node "model.olist_dbt.stg_order_items"
[0m15:24:55.506579 [debug] [Thread-5 (]: On model.olist_dbt.stg_order_payments: /* {"app": "dbt", "dbt_version": "1.12.4", "profile_name": "olist_dbt", "target_name": "dev", "node_id": "model.olist_dbt.stg_order_payments"} */


  create or replace view `latihan-data-505310`.`olist_dataset`.`stg_order_payments`
  OPTIONS()
  as -- models/staging/stg_order_payments.sql
with source as (
    select * from `latihan-data-505310`.`olist_raw`.`olist_order_payments_dataset`
),

renamed as (
    select
        order_id,
        payment_sequential,
        payment_type,
        cast(payment_installments as integer) as installments,
        cast(payment_value as numeric) as payment_value
    from source
)

select * from renamed;


[0m15:24:55.507630 [debug] [Thread-5 (]: Opening a new connection, currently in state init
[0m15:24:55.507196 [debug] [Thread-6 (]: On model.olist_dbt.stg_order_reviews: /* {"app": "dbt", "dbt_version": "1.12.4", "profile_name": "olist_dbt", "target_name": "dev", "node_id": "model.olist_dbt.stg_order_reviews"} */


  create or replace view `latihan-data-505310`.`olist_dataset`.`stg_order_reviews`
  OPTIONS()
  as -- models/staging/stg_order_reviews.sql
with source as (
    select * from `latihan-data-505310`.`olist_raw`.`olist_order_reviews_dataset`
),

renamed as (
    select
        review_id,
        order_id,
        cast(review_score as integer) as score,
        review_comment_title,
        review_comment_message,
        cast(review_creation_date as timestamp) as created_at,
        cast(review_answer_timestamp as timestamp) as answered_at
    from source
)

select * from renamed;


[0m15:24:55.508326 [debug] [Thread-6 (]: Opening a new connection, currently in state init
[0m15:24:55.509131 [debug] [Thread-3 (]: On model.olist_dbt.stg_customers: /* {"app": "dbt", "dbt_version": "1.12.4", "profile_name": "olist_dbt", "target_name": "dev", "node_id": "model.olist_dbt.stg_customers"} */


  create or replace view `latihan-data-505310`.`olist_dataset`.`stg_customers`
  OPTIONS()
  as -- models/staging/stg_customers.sql
with source as (
    select * from `latihan-data-505310`.`olist_raw`.`olist_customers_dataset`
),

renamed as (
    select
        customer_id,
        customer_unique_id,
        lower(customer_city) as city,
        customer_state as state,
        customer_zip_code_prefix as zip_code
    from source
)

select * from renamed;


[0m15:24:55.510092 [debug] [Thread-3 (]: Opening a new connection, currently in state init
[0m15:24:55.509599 [debug] [Thread-4 (]: On model.olist_dbt.stg_order_items: /* {"app": "dbt", "dbt_version": "1.12.4", "profile_name": "olist_dbt", "target_name": "dev", "node_id": "model.olist_dbt.stg_order_items"} */


  create or replace view `latihan-data-505310`.`olist_dataset`.`stg_order_items`
  OPTIONS()
  as -- models/staging/stg_order_items.sql
with source as (
    select * from `latihan-data-505310`.`olist_raw`.`olist_order_items_dataset`
),

renamed as (
    select
        order_id,
        order_item_id,
        product_id,
        seller_id,
        cast(shipping_limit_date as timestamp) as shipping_limit_at,
        cast(price as numeric) as price,
        cast(freight_value as numeric) as freight_value
    from source
)

select * from renamed;


[0m15:24:55.572534 [debug] [Thread-4 (]: Opening a new connection, currently in state init
[0m15:24:57.617413 [debug] [Thread-5 (]: BigQuery adapter: https://console.cloud.google.com/bigquery?project=latihan-data-505310&j=bq:US:fe143234-7704-49f4-8fad-5753702d9b70&page=queryresults
[0m15:24:57.648640 [debug] [Thread-3 (]: BigQuery adapter: https://console.cloud.google.com/bigquery?project=latihan-data-505310&j=bq:US:df48a776-676b-488c-89ea-042755cc4638&page=queryresults
[0m15:24:57.651616 [debug] [Thread-6 (]: BigQuery adapter: https://console.cloud.google.com/bigquery?project=latihan-data-505310&j=bq:US:5a69c0e7-9990-4283-aaef-5d750fe8c112&page=queryresults
[0m15:24:58.128226 [debug] [Thread-4 (]: BigQuery adapter: https://console.cloud.google.com/bigquery?project=latihan-data-505310&j=bq:US:d860ee2e-437a-4327-873b-28c9cfc5334a&page=queryresults
[0m15:24:58.383462 [debug] [Thread-3 (]: SQL status: OK in 0.734 seconds
[0m15:24:58.431205 [debug] [Thread-5 (]: SQL status: OK in 0.813 seconds
[0m15:24:58.565495 [debug] [Thread-3 (]: Sending event: {'category': 'dbt', 'action': 'run_model', 'label': '332a0481-960a-47e7-bdea-50ae4bd54af7', 'context': [<snowplow_tracker.self_describing_json.SelfDescribingJson object at 0x000001C3E21CFDD0>]}
[0m15:24:58.565871 [debug] [Thread-5 (]: Sending event: {'category': 'dbt', 'action': 'run_model', 'label': '332a0481-960a-47e7-bdea-50ae4bd54af7', 'context': [<snowplow_tracker.self_describing_json.SelfDescribingJson object at 0x000001C3CC609E90>]}
[0m15:24:58.566463 [info ] [Thread-3 (]: 1 of 9 OK created sql view model olist_dataset.stg_customers ................... [[32mCREATE VIEW (0 processed)[0m in 3.11s]
[0m15:24:58.567710 [debug] [Thread-3 (]: Finished running node model.olist_dbt.stg_customers
[0m15:24:58.568088 [debug] [Thread-3 (]: Began running node model.olist_dbt.stg_orders
[0m15:24:58.567043 [info ] [Thread-5 (]: 3 of 9 OK created sql view model olist_dataset.stg_order_payments .............. [[32mCREATE VIEW (0 processed)[0m in 3.12s]
[0m15:24:58.570120 [debug] [Thread-5 (]: Finished running node model.olist_dbt.stg_order_payments
[0m15:24:58.570604 [debug] [Thread-5 (]: Began running node model.olist_dbt.stg_products
[0m15:24:58.569356 [info ] [Thread-3 (]: 5 of 9 START sql view model olist_dataset.stg_orders ........................... [RUN]
[0m15:24:58.572245 [debug] [Thread-3 (]: Re-using an available connection from the pool (formerly model.olist_dbt.stg_customers, now model.olist_dbt.stg_orders)
[0m15:24:58.571448 [info ] [Thread-5 (]: 6 of 9 START sql view model olist_dataset.stg_products ......................... [RUN]
[0m15:24:58.574172 [debug] [Thread-5 (]: Re-using an available connection from the pool (formerly model.olist_dbt.stg_order_payments, now model.olist_dbt.stg_products)
[0m15:24:58.573157 [debug] [Thread-3 (]: Began compiling node model.olist_dbt.stg_orders
[0m15:24:58.581551 [debug] [Thread-3 (]: Writing injected SQL for node "model.olist_dbt.stg_orders"
[0m15:24:58.574992 [debug] [Thread-5 (]: Began compiling node model.olist_dbt.stg_products
[0m15:24:58.584121 [debug] [Thread-5 (]: Writing injected SQL for node "model.olist_dbt.stg_products"
[0m15:24:58.585270 [debug] [Thread-3 (]: Began executing node model.olist_dbt.stg_orders
[0m15:24:58.587245 [debug] [Thread-3 (]: Writing runtime sql for node "model.olist_dbt.stg_orders"
[0m15:24:58.587810 [debug] [Thread-5 (]: Began executing node model.olist_dbt.stg_products
[0m15:24:58.590443 [debug] [Thread-5 (]: Writing runtime sql for node "model.olist_dbt.stg_products"
[0m15:24:58.591313 [debug] [Thread-3 (]: On model.olist_dbt.stg_orders: /* {"app": "dbt", "dbt_version": "1.12.4", "profile_name": "olist_dbt", "target_name": "dev", "node_id": "model.olist_dbt.stg_orders"} */


  create or replace view `latihan-data-505310`.`olist_dataset`.`stg_orders`
  OPTIONS()
  as -- models/staging/stg_orders.sql
with source as (
    select * from `latihan-data-505310`.`olist_raw`.`olist_orders_dataset`
),

renamed as (
    select
        order_id,
        customer_id,
        lower(order_status) as order_status,
        cast(order_purchase_timestamp as timestamp) as purchased_at,
        cast(order_approved_at as timestamp) as approved_at,
        cast(order_delivered_customer_date as timestamp) as delivered_at,
        cast(order_estimated_delivery_date as timestamp) as estimated_delivery_at
    from source
)

select * from renamed;


[0m15:24:58.591787 [debug] [Thread-3 (]: Opening a new connection, currently in state closed
[0m15:24:58.592529 [debug] [Thread-5 (]: On model.olist_dbt.stg_products: /* {"app": "dbt", "dbt_version": "1.12.4", "profile_name": "olist_dbt", "target_name": "dev", "node_id": "model.olist_dbt.stg_products"} */


  create or replace view `latihan-data-505310`.`olist_dataset`.`stg_products`
  OPTIONS()
  as -- models/staging/stg_products.sql
with source as (
    select * from `latihan-data-505310`.`olist_raw`.`olist_products_dataset`
),

renamed as (
    select
        product_id,
        product_category_name,
        cast(product_name_lenght as integer) as name_length,
        cast(product_description_lenght as integer) as description_length,
        cast(product_photos_qty as integer) as photos_qty,
        cast(product_weight_g as integer) as weight_grams,
        cast(product_length_cm as integer) as length_cm,
        cast(product_height_cm as integer) as height_cm,
        cast(product_width_cm as integer) as width_cm
    from source
)

select * from renamed;


[0m15:24:58.631171 [debug] [Thread-5 (]: Opening a new connection, currently in state closed
[0m15:24:58.795305 [debug] [Thread-6 (]: SQL status: OK in 1.143 seconds
[0m15:24:58.812556 [debug] [Thread-6 (]: Sending event: {'category': 'dbt', 'action': 'run_model', 'label': '332a0481-960a-47e7-bdea-50ae4bd54af7', 'context': [<snowplow_tracker.self_describing_json.SelfDescribingJson object at 0x000001C3E224FED0>]}
[0m15:24:58.814548 [info ] [Thread-6 (]: 4 of 9 OK created sql view model olist_dataset.stg_order_reviews ............... [[32mCREATE VIEW (0 processed)[0m in 3.36s]
[0m15:24:58.816866 [debug] [Thread-6 (]: Finished running node model.olist_dbt.stg_order_reviews
[0m15:24:58.882478 [debug] [Thread-4 (]: SQL status: OK in 0.752 seconds
[0m15:24:58.886885 [debug] [Thread-4 (]: Sending event: {'category': 'dbt', 'action': 'run_model', 'label': '332a0481-960a-47e7-bdea-50ae4bd54af7', 'context': [<snowplow_tracker.self_describing_json.SelfDescribingJson object at 0x000001C3E2201250>]}
[0m15:24:58.887495 [info ] [Thread-4 (]: 2 of 9 OK created sql view model olist_dataset.stg_order_items ................. [[32mCREATE VIEW (0 processed)[0m in 3.43s]
[0m15:24:58.888208 [debug] [Thread-4 (]: Finished running node model.olist_dbt.stg_order_items
[0m15:25:00.674406 [debug] [Thread-5 (]: BigQuery adapter: https://console.cloud.google.com/bigquery?project=latihan-data-505310&j=bq:US:e766f5df-e424-4f83-be50-7682e5a217c4&page=queryresults
[0m15:25:01.042734 [debug] [Thread-3 (]: BigQuery adapter: https://console.cloud.google.com/bigquery?project=latihan-data-505310&j=bq:US:ae33fd6c-607a-4637-84a6-75639919f389&page=queryresults
[0m15:25:01.459270 [debug] [Thread-5 (]: SQL status: OK in 0.783 seconds
[0m15:25:01.464110 [debug] [Thread-5 (]: Sending event: {'category': 'dbt', 'action': 'run_model', 'label': '332a0481-960a-47e7-bdea-50ae4bd54af7', 'context': [<snowplow_tracker.self_describing_json.SelfDescribingJson object at 0x000001C3E22902F0>]}
[0m15:25:01.464872 [info ] [Thread-5 (]: 6 of 9 OK created sql view model olist_dataset.stg_products .................... [[32mCREATE VIEW (0 processed)[0m in 2.89s]
[0m15:25:01.465799 [debug] [Thread-5 (]: Finished running node model.olist_dbt.stg_products
[0m15:25:01.801157 [debug] [Thread-3 (]: SQL status: OK in 0.756 seconds
[0m15:25:01.807790 [debug] [Thread-3 (]: Sending event: {'category': 'dbt', 'action': 'run_model', 'label': '332a0481-960a-47e7-bdea-50ae4bd54af7', 'context': [<snowplow_tracker.self_describing_json.SelfDescribingJson object at 0x000001C3E36654F0>]}
[0m15:25:01.808330 [info ] [Thread-3 (]: 5 of 9 OK created sql view model olist_dataset.stg_orders ...................... [[32mCREATE VIEW (0 processed)[0m in 3.24s]
[0m15:25:01.809025 [debug] [Thread-3 (]: Finished running node model.olist_dbt.stg_orders
[0m15:25:01.809942 [debug] [Thread-4 (]: Began running node model.olist_dbt.dim_customers
[0m15:25:01.810301 [debug] [Thread-6 (]: Began running node model.olist_dbt.ct_order_details
[0m15:25:01.810765 [debug] [Thread-5 (]: Began running node model.olist_dbt.fct_monthly_sales
[0m15:25:01.811373 [info ] [Thread-4 (]: 8 of 9 START sql view model olist_dataset.dim_customers ........................ [RUN]
[0m15:25:01.813543 [debug] [Thread-4 (]: Re-using an available connection from the pool (formerly model.olist_dbt.stg_order_items, now model.olist_dbt.dim_customers)
[0m15:25:01.812175 [info ] [Thread-6 (]: 7 of 9 START sql view model olist_dataset.ct_order_details ..................... [RUN]
[0m15:25:01.814789 [debug] [Thread-6 (]: Re-using an available connection from the pool (formerly model.olist_dbt.stg_order_reviews, now model.olist_dbt.ct_order_details)
[0m15:25:01.815330 [debug] [Thread-6 (]: Began compiling node model.olist_dbt.ct_order_details
[0m15:25:01.812933 [info ] [Thread-5 (]: 9 of 9 START sql view model olist_dataset.fct_monthly_sales .................... [RUN]
[0m15:25:01.814209 [debug] [Thread-4 (]: Began compiling node model.olist_dbt.dim_customers
[0m15:25:01.824235 [debug] [Thread-4 (]: Writing injected SQL for node "model.olist_dbt.dim_customers"
[0m15:25:01.820775 [debug] [Thread-5 (]: Re-using an available connection from the pool (formerly model.olist_dbt.stg_products, now model.olist_dbt.fct_monthly_sales)
[0m15:25:01.820009 [debug] [Thread-6 (]: Writing injected SQL for node "model.olist_dbt.ct_order_details"
[0m15:25:01.824935 [debug] [Thread-5 (]: Began compiling node model.olist_dbt.fct_monthly_sales
[0m15:25:01.827523 [debug] [Thread-5 (]: Writing injected SQL for node "model.olist_dbt.fct_monthly_sales"
[0m15:25:01.829906 [debug] [Thread-4 (]: Began executing node model.olist_dbt.dim_customers
[0m15:25:01.832758 [debug] [Thread-4 (]: Writing runtime sql for node "model.olist_dbt.dim_customers"
[0m15:25:01.833292 [debug] [Thread-6 (]: Began executing node model.olist_dbt.ct_order_details
[0m15:25:01.840764 [debug] [Thread-5 (]: Began executing node model.olist_dbt.fct_monthly_sales
[0m15:25:01.843060 [debug] [Thread-5 (]: Writing runtime sql for node "model.olist_dbt.fct_monthly_sales"
[0m15:25:01.841274 [debug] [Thread-4 (]: On model.olist_dbt.dim_customers: /* {"app": "dbt", "dbt_version": "1.12.4", "profile_name": "olist_dbt", "target_name": "dev", "node_id": "model.olist_dbt.dim_customers"} */


  create or replace view `latihan-data-505310`.`olist_dataset`.`dim_customers`
  OPTIONS()
  as -- Goal: Customer dimension with CLV metric (Customer Lifetime Value)

with customers as (
    select * from `latihan-data-505310`.`olist_dataset`.`stg_customers`
),

orders as (
    select * from `latihan-data-505310`.`olist_dataset`.`stg_orders`
),

order_items as (
    select * from `latihan-data-505310`.`olist_dataset`.`stg_order_items`
),

-- Calculate metric per customer
customer_metrics as (
    select
        orders.customer_id,
        count(distinct orders.order_id) as total_orders,
        sum(order_items.price + order_items.freight_value) as total_spent,
        avg(order_items.price + order_items.freight_value) as avg_order_value,
        min(orders.purchased_at) as first_purchase_date,
        max(orders.purchased_at) as last_purchase_date,
        date_diff(max(orders.purchased_at), min(orders.purchased_at), day) as customer_lifetime_days
    from orders
    left join order_items on orders.order_id = order_items.order_id
    where orders.order_status = 'delivered'
    group by 1
)

select
    customers.customer_id,
    customers.customer_unique_id,
    customers.city,
    customers.state,
    customers.zip_code,
    coalesce(customer_metrics.total_orders, 0) as total_orders,
    coalesce(customer_metrics.total_spent, 0) as total_spent,
    coalesce(customer_metrics.avg_order_value, 0) as avg_order_value,
    customer_metrics.first_purchase_date,
    customer_metrics.last_purchase_date,
    customer_metrics.customer_lifetime_days
from customers
left join customer_metrics on customers.customer_id = customer_metrics.customer_id;


[0m15:25:01.846246 [debug] [Thread-4 (]: Opening a new connection, currently in state closed
[0m15:25:01.849375 [debug] [Thread-6 (]: Writing runtime sql for node "model.olist_dbt.ct_order_details"
[0m15:25:01.881068 [debug] [Thread-5 (]: On model.olist_dbt.fct_monthly_sales: /* {"app": "dbt", "dbt_version": "1.12.4", "profile_name": "olist_dbt", "target_name": "dev", "node_id": "model.olist_dbt.fct_monthly_sales"} */


  create or replace view `latihan-data-505310`.`olist_dataset`.`fct_monthly_sales`
  OPTIONS()
  as --Tujuan: Metrik penjualan bulanan untuk dashboard 

with orders AS (
    SELECT * FROM `latihan-data-505310`.`olist_dataset`.`stg_orders`
),

order_items AS (
    SELECT * FROM `latihan-data-505310`.`olist_dataset`.`stg_order_items`
),

order_payments AS (
    SELECT * FROM `latihan-data-505310`.`olist_dataset`.`stg_order_payments`
),

--Calculate total revenue per order
order_revenue AS (
    SELECT 
        order_id,
        sum(price+freigt_value) AS total_revenue
    FROM order_items
    GROUP BY 1
),

--Calculate total payment per order
order_payment_total AS (
    SELECT
        order_id,
        sum(payment_value) AS total_payment
    FROM order_payments
    GROUP BY 1
)

-- Final: Monthly Aggregation
SELECT
    date_trunc(orders.purchased_at, month) as sales_month,
    count(distinct orders.order_id) as total_orders,
    count(distinct orders.customer_id) as unique_customers,
    sum(order_revenue.total_revenue) as total_revenue,
    avg(order_revenue.total_revenue) as avg_order_value,
    sum(order_payment_total.total_payment) as total_payments
FROM orders
left join order_revenue on orders.order_id = order_revenue.order_id
left join order_payment_total on orders.order_id = order_payment_total.order_id
where orders.order_status = 'delivered'
group by 1
order by 1;


[0m15:25:01.881580 [debug] [Thread-5 (]: Opening a new connection, currently in state closed
[0m15:25:01.882088 [debug] [Thread-6 (]: On model.olist_dbt.ct_order_details: /* {"app": "dbt", "dbt_version": "1.12.4", "profile_name": "olist_dbt", "target_name": "dev", "node_id": "model.olist_dbt.ct_order_details"} */


  create or replace view `latihan-data-505310`.`olist_dataset`.`ct_order_details`
  OPTIONS()
  as -- Goal: Transaction detail for granular analysis

with orders as (
    select * from `latihan-data-505310`.`olist_dataset`.`stg_orders`
),

customers as (
    select * from `latihan-data-505310`.`olist_dataset`.`stg_customers`
),

order_items as (
    select * from `latihan-data-505310`.`olist_dataset`.`stg_order_items`
),

products as (
    select * from `latihan-data-505310`.`olist_dataset`.`stg_products`
),

order_payments as (
    select * from `latihan-data-505310`.`olist_dataset`.`stg_order_payments`
),

order_reviews as (
    select * from `latihan-data-505310`.`olist_dataset`.`stg_order_reviews`
)

select
    orders.order_id,
    orders.customer_id,
    orders.order_status,
    orders.purchased_at,
    orders.approved_at,
    orders.delivered_at,
    orders.estimated_delivery_at,
    
    -- Customer info
    customers.city as customer_city,
    customers.state as customer_state,
    
    -- Product info
    order_items.product_id,
    products.product_category_name,
    order_items.price,
    order_items.freight_value,
    
    -- Payment info
    order_payments.payment_type,
    order_payments.installments,
    order_payments.payment_value,
    
    -- Review info
    order_reviews.score as review_score,
    order_reviews.review_comment_message,
    
    -- Calculated metrics
    (order_items.price + order_items.freight_value) as total_item_value,
    date_diff(orders.delivered_at, orders.estimated_delivery_at, day) as delivery_delay_days
from orders
left join customers on orders.customer_id = customers.customer_id
left join order_items on orders.order_id = order_items.order_id
left join products on order_items.product_id = products.product_id
left join order_payments on orders.order_id = order_payments.order_id
left join order_reviews on orders.order_id = order_reviews.order_id
where orders.order_status = 'delivered';


[0m15:25:01.882636 [debug] [Thread-6 (]: Opening a new connection, currently in state closed
[0m15:25:03.945278 [debug] [Thread-4 (]: BigQuery adapter: https://console.cloud.google.com/bigquery?project=latihan-data-505310&j=bq:US:5bf76249-cd31-400b-a267-74d5ab1cfa7a&page=queryresults
[0m15:25:03.955647 [debug] [Thread-6 (]: BigQuery adapter: https://console.cloud.google.com/bigquery?project=latihan-data-505310&j=bq:US:d23ce72c-3c47-4046-8884-0ece74252adb&page=queryresults
[0m15:25:03.962143 [debug] [Thread-5 (]: BigQuery adapter: https://console.cloud.google.com/bigquery?project=latihan-data-505310&j=bq:US:a064b6b2-8c9e-4760-aa4e-e0bfd008af54&page=queryresults
[0m15:25:04.345942 [error] [Thread-5 (]: BigQuery adapter: https://console.cloud.google.com/bigquery?project=latihan-data-505310&j=bq:US:a064b6b2-8c9e-4760-aa4e-e0bfd008af54&page=queryresults
[0m15:25:04.361342 [debug] [Thread-5 (]: Database Error in model fct_monthly_sales (models\marts\fct_monthly_sales.sql)
  Unrecognized name: freigt_value; Did you mean freight_value? at [24:19]
  compiled code at target\run\olist_dbt\models\marts\fct_monthly_sales.sql
[0m15:25:04.362305 [debug] [Thread-5 (]: Sending event: {'category': 'dbt', 'action': 'run_model', 'label': '332a0481-960a-47e7-bdea-50ae4bd54af7', 'context': [<snowplow_tracker.self_describing_json.SelfDescribingJson object at 0x000001C3E3711DF0>]}
[0m15:25:04.363564 [error] [Thread-5 (]: 9 of 9 ERROR creating sql view model olist_dataset.fct_monthly_sales ........... [[31mERROR[0m in 2.54s]
[0m15:25:04.364653 [debug] [Thread-5 (]: Finished running node model.olist_dbt.fct_monthly_sales
[0m15:25:04.365190 [debug] [Thread-9 (]: Marking all children of 'model.olist_dbt.fct_monthly_sales' to be skipped because of status 'error'.  Reason: Database Error in model fct_monthly_sales (models\marts\fct_monthly_sales.sql)
  Unrecognized name: freigt_value; Did you mean freight_value? at [24:19]
  compiled code at target\run\olist_dbt\models\marts\fct_monthly_sales.sql.
[0m15:25:04.706412 [debug] [Thread-4 (]: SQL status: OK in 0.760 seconds
[0m15:25:04.711108 [debug] [Thread-4 (]: Sending event: {'category': 'dbt', 'action': 'run_model', 'label': '332a0481-960a-47e7-bdea-50ae4bd54af7', 'context': [<snowplow_tracker.self_describing_json.SelfDescribingJson object at 0x000001C3E36668D0>]}
[0m15:25:04.711682 [info ] [Thread-4 (]: 8 of 9 OK created sql view model olist_dataset.dim_customers ................... [[32mCREATE VIEW (0 processed)[0m in 2.90s]
[0m15:25:04.712384 [debug] [Thread-4 (]: Finished running node model.olist_dbt.dim_customers
[0m15:25:04.734143 [debug] [Thread-6 (]: SQL status: OK in 0.778 seconds
[0m15:25:04.739232 [debug] [Thread-6 (]: Sending event: {'category': 'dbt', 'action': 'run_model', 'label': '332a0481-960a-47e7-bdea-50ae4bd54af7', 'context': [<snowplow_tracker.self_describing_json.SelfDescribingJson object at 0x000001C3E3666E10>]}
[0m15:25:04.740033 [info ] [Thread-6 (]: 7 of 9 OK created sql view model olist_dataset.ct_order_details ................ [[32mCREATE VIEW (0 processed)[0m in 2.92s]
[0m15:25:04.740881 [debug] [Thread-6 (]: Finished running node model.olist_dbt.ct_order_details
[0m15:25:04.742475 [debug] [MainThread]: Opening a new connection, currently in state closed
[0m15:25:04.776266 [debug] [MainThread]: Connection 'master' was properly closed.
[0m15:25:04.776610 [debug] [MainThread]: Connection 'list_latihan-data-505310' was properly closed.
[0m15:25:04.776863 [debug] [MainThread]: Connection 'list_latihan-data-505310_olist_dataset' was properly closed.
[0m15:25:04.777133 [debug] [MainThread]: Connection 'model.olist_dbt.fct_monthly_sales' was properly closed.
[0m15:25:04.777470 [debug] [MainThread]: Connection 'model.olist_dbt.stg_orders' was properly closed.
[0m15:25:04.777810 [debug] [MainThread]: Connection 'model.olist_dbt.dim_customers' was properly closed.
[0m15:25:04.778225 [debug] [MainThread]: Connection 'model.olist_dbt.ct_order_details' was properly closed.
[0m15:25:04.779590 [info ] [MainThread]: 
[0m15:25:04.780845 [info ] [MainThread]: Finished running 9 view models in 0 hours 0 minutes and 13.29 seconds (13.29s).
[0m15:25:04.782816 [debug] [MainThread]: Command end result
[0m15:25:04.827984 [debug] [MainThread]: Wrote artifact WritableManifest to C:\Users\USER\analytics-portofolio\olist_dbt\target\manifest.json
[0m15:25:04.832907 [debug] [MainThread]: Wrote artifact SemanticManifest to C:\Users\USER\analytics-portofolio\olist_dbt\target\semantic_manifest.json
[0m15:25:04.837117 [debug] [MainThread]: Wrote artifact OsiDocument to C:\Users\USER\analytics-portofolio\olist_dbt\target\osi_document.json
[0m15:25:04.845456 [debug] [MainThread]: Wrote artifact RunExecutionResult to C:\Users\USER\analytics-portofolio\olist_dbt\target\run_results.json
[0m15:25:04.845895 [info ] [MainThread]: 
[0m15:25:04.846364 [info ] [MainThread]: [31mCompleted with 1 error, 0 partial successes, and 0 warnings:[0m
[0m15:25:04.846782 [info ] [MainThread]: 
[0m15:25:04.847261 [error] [MainThread]: [[31mERROR[0m]: in model fct_monthly_sales (models\marts\fct_monthly_sales.sql)
[0m15:25:04.847726 [error] [MainThread]:   Database Error in model fct_monthly_sales (models\marts\fct_monthly_sales.sql)
  Unrecognized name: freigt_value; Did you mean freight_value? at [24:19]
  compiled code at target\run\olist_dbt\models\marts\fct_monthly_sales.sql
[0m15:25:04.848134 [info ] [MainThread]: 
[0m15:25:04.848601 [info ] [MainThread]:   compiled code at target\compiled\olist_dbt\models\marts\fct_monthly_sales.sql
[0m15:25:04.849017 [info ] [MainThread]: 
[0m15:25:04.849455 [info ] [MainThread]: Done. PASS=8 WARN=0 ERROR=1 SKIP=0 NO-OP=0 REUSED=0 TOTAL=9
[0m15:25:04.850708 [debug] [MainThread]: Command `dbt run` failed at 15:25:04.850604 after 16.18 seconds
[0m15:25:04.851098 [debug] [MainThread]: Sending event: {'category': 'dbt', 'action': 'invocation', 'label': 'end', 'context': [<snowplow_tracker.self_describing_json.SelfDescribingJson object at 0x000001C3CEA566F0>, <snowplow_tracker.self_describing_json.SelfDescribingJson object at 0x000001C3E204D610>, <snowplow_tracker.self_describing_json.SelfDescribingJson object at 0x000001C3E3667170>]}
[0m15:25:04.851431 [debug] [MainThread]: Flushing usage events
[0m15:25:06.198653 [debug] [MainThread]: An error was encountered while trying to flush usage events
[0m15:25:31.418574 [debug] [MainThread]: Sending event: {'category': 'dbt', 'action': 'invocation', 'label': 'start', 'context': [<snowplow_tracker.self_describing_json.SelfDescribingJson object at 0x000002284E0FA7B0>, <snowplow_tracker.self_describing_json.SelfDescribingJson object at 0x000002284BCB0E10>, <snowplow_tracker.self_describing_json.SelfDescribingJson object at 0x0000022850ACF9D0>]}


============================== 15:25:31.422718 | ec49a188-483e-4b92-9f09-ff75b9265a65 ==============================
[0m15:25:31.422718 [info ] [MainThread]: Running with dbt=1.12.4
[0m15:25:31.423434 [debug] [MainThread]: running dbt with arguments {'maximum_seed_size_mib': '1', 'no_print': 'None', 'static_parser': 'True', 'target_path': 'None', 'warn_error_options': 'WarnErrorOptionsV2(error=[], warn=[], silence=[])', 'version_check': 'True', 'printer_width': '80', 'write_json': 'True', 'introspect': 'True', 'log_cache_events': 'False', 'empty': 'False', 'cache_selected_only': 'False', 'fail_fast': 'False', 'debug': 'False', 'log_format': 'default', 'profiles_dir': 'C:\\Users\\USER\\.dbt', 'send_anonymous_usage_stats': 'True', 'quiet': 'False', 'warn_error': 'None', 'partial_parse': 'True', 'invocation_command': 'dbt run', 'hints_enabled': 'True', 'indirect_selection': 'eager', 'use_experimental_parser': 'False', 'use_colors': 'True', 'log_path': 'C:\\Users\\USER\\analytics-portofolio\\olist_dbt\\logs'}
[0m15:25:32.602843 [debug] [MainThread]: Sending event: {'category': 'dbt', 'action': 'project_id', 'label': 'ec49a188-483e-4b92-9f09-ff75b9265a65', 'context': [<snowplow_tracker.self_describing_json.SelfDescribingJson object at 0x0000022862902060>]}
[0m15:25:32.667668 [debug] [MainThread]: Sending event: {'category': 'dbt', 'action': 'adapter_info', 'label': 'ec49a188-483e-4b92-9f09-ff75b9265a65', 'context': [<snowplow_tracker.self_describing_json.SelfDescribingJson object at 0x00000228629FF680>]}
[0m15:25:32.668515 [info ] [MainThread]: Registered adapter: bigquery=1.12.0
[0m15:25:33.266505 [debug] [MainThread]: checksum: 3326a0a5e08c0e49abdf21ef4bcbbe25e27dc0caf425e068257066cc97e24815, vars: {}, profile: olist_dbt, target: dev, version: 1.12.4
[0m15:25:33.476240 [debug] [MainThread]: Partial parsing enabled: 0 files deleted, 0 files added, 1 files changed.
[0m15:25:33.476787 [debug] [MainThread]: Partial parsing: updated file: olist_dbt://models\marts\fct_monthly_sales.sql
[0m15:25:33.776791 [debug] [MainThread]: Sending event: {'category': 'dbt', 'action': 'load_project', 'label': 'ec49a188-483e-4b92-9f09-ff75b9265a65', 'context': [<snowplow_tracker.self_describing_json.SelfDescribingJson object at 0x0000022862DF6750>]}
[0m15:25:33.894266 [debug] [MainThread]: Wrote artifact WritableManifest to C:\Users\USER\analytics-portofolio\olist_dbt\target\manifest.json
[0m15:25:33.898456 [debug] [MainThread]: Wrote artifact SemanticManifest to C:\Users\USER\analytics-portofolio\olist_dbt\target\semantic_manifest.json
[0m15:25:33.926083 [debug] [MainThread]: Wrote artifact OsiDocument to C:\Users\USER\analytics-portofolio\olist_dbt\target\osi_document.json
[0m15:25:33.939307 [debug] [MainThread]: Sending event: {'category': 'dbt', 'action': 'resource_counts', 'label': 'ec49a188-483e-4b92-9f09-ff75b9265a65', 'context': [<snowplow_tracker.self_describing_json.SelfDescribingJson object at 0x0000022864278230>]}
[0m15:25:33.939763 [info ] [MainThread]: Found 9 models, 2 data tests, 6 sources, 561 macros
[0m15:25:33.940268 [debug] [MainThread]: Sending event: {'category': 'dbt', 'action': 'runnable_timing', 'label': 'ec49a188-483e-4b92-9f09-ff75b9265a65', 'context': [<snowplow_tracker.self_describing_json.SelfDescribingJson object at 0x0000022864291EF0>]}
[0m15:25:33.942485 [info ] [MainThread]: 
[0m15:25:33.942970 [info ] [MainThread]: Concurrency: 4 threads (target='dev')
[0m15:25:33.943404 [info ] [MainThread]: 
[0m15:25:33.944093 [debug] [MainThread]: Acquiring new bigquery connection 'master'
[0m15:25:33.948550 [debug] [ThreadPool]: Acquiring new bigquery connection 'list_latihan-data-505310'
[0m15:25:33.948976 [debug] [ThreadPool]: Opening a new connection, currently in state init
[0m15:25:35.719186 [debug] [ThreadPool]: Acquiring new bigquery connection 'list_latihan-data-505310_olist_dataset'
[0m15:25:35.719620 [debug] [ThreadPool]: Opening a new connection, currently in state init
[0m15:25:37.869660 [debug] [MainThread]: Sending event: {'category': 'dbt', 'action': 'runnable_timing', 'label': 'ec49a188-483e-4b92-9f09-ff75b9265a65', 'context': [<snowplow_tracker.self_describing_json.SelfDescribingJson object at 0x0000022850B58AE0>]}
[0m15:25:37.870103 [debug] [MainThread]: Opening a new connection, currently in state init
[0m15:25:37.905376 [debug] [Thread-4 (]: Began running node model.olist_dbt.stg_order_items
[0m15:25:37.906961 [debug] [Thread-5 (]: Began running node model.olist_dbt.stg_order_payments
[0m15:25:37.906166 [debug] [Thread-6 (]: Began running node model.olist_dbt.stg_order_reviews
[0m15:25:37.905798 [debug] [Thread-3 (]: Began running node model.olist_dbt.stg_customers
[0m15:25:37.906629 [info ] [Thread-4 (]: 2 of 9 START sql view model olist_dataset.stg_order_items ...................... [RUN]
[0m15:25:37.909357 [debug] [Thread-4 (]: Acquiring new bigquery connection 'model.olist_dbt.stg_order_items'
[0m15:25:37.907559 [info ] [Thread-5 (]: 3 of 9 START sql view model olist_dataset.stg_order_payments ................... [RUN]
[0m15:25:37.910483 [debug] [Thread-5 (]: Acquiring new bigquery connection 'model.olist_dbt.stg_order_payments'
[0m15:25:37.910891 [debug] [Thread-5 (]: Began compiling node model.olist_dbt.stg_order_payments
[0m15:25:37.909795 [debug] [Thread-4 (]: Began compiling node model.olist_dbt.stg_order_items
[0m15:25:37.918554 [debug] [Thread-4 (]: Writing injected SQL for node "model.olist_dbt.stg_order_items"
[0m15:25:37.908527 [info ] [Thread-3 (]: 1 of 9 START sql view model olist_dataset.stg_customers ........................ [RUN]
[0m15:25:37.916392 [debug] [Thread-5 (]: Writing injected SQL for node "model.olist_dbt.stg_order_payments"
[0m15:25:37.908008 [info ] [Thread-6 (]: 4 of 9 START sql view model olist_dataset.stg_order_reviews .................... [RUN]
[0m15:25:37.921563 [debug] [Thread-6 (]: Acquiring new bigquery connection 'model.olist_dbt.stg_order_reviews'
[0m15:25:37.920097 [debug] [Thread-3 (]: Acquiring new bigquery connection 'model.olist_dbt.stg_customers'
[0m15:25:37.923037 [debug] [Thread-3 (]: Began compiling node model.olist_dbt.stg_customers
[0m15:25:37.925165 [debug] [Thread-3 (]: Writing injected SQL for node "model.olist_dbt.stg_customers"
[0m15:25:37.922409 [debug] [Thread-6 (]: Began compiling node model.olist_dbt.stg_order_reviews
[0m15:25:37.928779 [debug] [Thread-6 (]: Writing injected SQL for node "model.olist_dbt.stg_order_reviews"
[0m15:25:37.925858 [debug] [Thread-4 (]: Began executing node model.olist_dbt.stg_order_items
[0m15:25:37.930475 [debug] [Thread-5 (]: Began executing node model.olist_dbt.stg_order_payments
[0m15:25:37.961009 [debug] [Thread-5 (]: Writing runtime sql for node "model.olist_dbt.stg_order_payments"
[0m15:25:37.958400 [debug] [Thread-3 (]: Began executing node model.olist_dbt.stg_customers
[0m15:25:37.957926 [debug] [Thread-4 (]: Writing runtime sql for node "model.olist_dbt.stg_order_items"
[0m15:25:37.963633 [debug] [Thread-3 (]: Writing runtime sql for node "model.olist_dbt.stg_customers"
[0m15:25:37.964069 [debug] [Thread-6 (]: Began executing node model.olist_dbt.stg_order_reviews
[0m15:25:37.966493 [debug] [Thread-6 (]: Writing runtime sql for node "model.olist_dbt.stg_order_reviews"
[0m15:25:37.967016 [debug] [Thread-5 (]: On model.olist_dbt.stg_order_payments: /* {"app": "dbt", "dbt_version": "1.12.4", "profile_name": "olist_dbt", "target_name": "dev", "node_id": "model.olist_dbt.stg_order_payments"} */


  create or replace view `latihan-data-505310`.`olist_dataset`.`stg_order_payments`
  OPTIONS()
  as -- models/staging/stg_order_payments.sql
with source as (
    select * from `latihan-data-505310`.`olist_raw`.`olist_order_payments_dataset`
),

renamed as (
    select
        order_id,
        payment_sequential,
        payment_type,
        cast(payment_installments as integer) as installments,
        cast(payment_value as numeric) as payment_value
    from source
)

select * from renamed;


[0m15:25:37.967460 [debug] [Thread-5 (]: Opening a new connection, currently in state init
[0m15:25:37.968185 [debug] [Thread-3 (]: On model.olist_dbt.stg_customers: /* {"app": "dbt", "dbt_version": "1.12.4", "profile_name": "olist_dbt", "target_name": "dev", "node_id": "model.olist_dbt.stg_customers"} */


  create or replace view `latihan-data-505310`.`olist_dataset`.`stg_customers`
  OPTIONS()
  as -- models/staging/stg_customers.sql
with source as (
    select * from `latihan-data-505310`.`olist_raw`.`olist_customers_dataset`
),

renamed as (
    select
        customer_id,
        customer_unique_id,
        lower(customer_city) as city,
        customer_state as state,
        customer_zip_code_prefix as zip_code
    from source
)

select * from renamed;


[0m15:25:37.968623 [debug] [Thread-3 (]: Opening a new connection, currently in state init
[0m15:25:38.000898 [debug] [Thread-4 (]: On model.olist_dbt.stg_order_items: /* {"app": "dbt", "dbt_version": "1.12.4", "profile_name": "olist_dbt", "target_name": "dev", "node_id": "model.olist_dbt.stg_order_items"} */


  create or replace view `latihan-data-505310`.`olist_dataset`.`stg_order_items`
  OPTIONS()
  as -- models/staging/stg_order_items.sql
with source as (
    select * from `latihan-data-505310`.`olist_raw`.`olist_order_items_dataset`
),

renamed as (
    select
        order_id,
        order_item_id,
        product_id,
        seller_id,
        cast(shipping_limit_date as timestamp) as shipping_limit_at,
        cast(price as numeric) as price,
        cast(freight_value as numeric) as freight_value
    from source
)

select * from renamed;


[0m15:25:38.032232 [debug] [Thread-4 (]: Opening a new connection, currently in state init
[0m15:25:38.033088 [debug] [Thread-6 (]: On model.olist_dbt.stg_order_reviews: /* {"app": "dbt", "dbt_version": "1.12.4", "profile_name": "olist_dbt", "target_name": "dev", "node_id": "model.olist_dbt.stg_order_reviews"} */


  create or replace view `latihan-data-505310`.`olist_dataset`.`stg_order_reviews`
  OPTIONS()
  as -- models/staging/stg_order_reviews.sql
with source as (
    select * from `latihan-data-505310`.`olist_raw`.`olist_order_reviews_dataset`
),

renamed as (
    select
        review_id,
        order_id,
        cast(review_score as integer) as score,
        review_comment_title,
        review_comment_message,
        cast(review_creation_date as timestamp) as created_at,
        cast(review_answer_timestamp as timestamp) as answered_at
    from source
)

select * from renamed;


[0m15:25:38.034240 [debug] [Thread-6 (]: Opening a new connection, currently in state init
[0m15:25:40.069421 [debug] [Thread-6 (]: BigQuery adapter: https://console.cloud.google.com/bigquery?project=latihan-data-505310&j=bq:US:a323bc8d-ebf9-4784-8ce5-f62abb559f3d&page=queryresults
[0m15:25:40.071183 [debug] [Thread-4 (]: BigQuery adapter: https://console.cloud.google.com/bigquery?project=latihan-data-505310&j=bq:US:7d61788a-8992-418e-b31a-dba2c124bebe&page=queryresults
[0m15:25:40.150473 [debug] [Thread-5 (]: BigQuery adapter: https://console.cloud.google.com/bigquery?project=latihan-data-505310&j=bq:US:a2271a27-5ce3-46ba-8f30-1b9bbbfc7bd9&page=queryresults
[0m15:25:40.170695 [debug] [Thread-3 (]: BigQuery adapter: https://console.cloud.google.com/bigquery?project=latihan-data-505310&j=bq:US:5e6bf5e5-72ef-47fe-b4a2-5a8f86e557df&page=queryresults
[0m15:25:40.830401 [debug] [Thread-6 (]: SQL status: OK in 0.760 seconds
[0m15:25:40.880207 [debug] [Thread-3 (]: SQL status: OK in 0.709 seconds
[0m15:25:40.924768 [debug] [Thread-5 (]: SQL status: OK in 0.774 seconds
[0m15:25:40.932890 [debug] [Thread-4 (]: SQL status: OK in 0.861 seconds
[0m15:25:41.002261 [debug] [Thread-6 (]: Sending event: {'category': 'dbt', 'action': 'run_model', 'label': 'ec49a188-483e-4b92-9f09-ff75b9265a65', 'context': [<snowplow_tracker.self_describing_json.SelfDescribingJson object at 0x0000022864253710>]}
[0m15:25:41.002638 [debug] [Thread-5 (]: Sending event: {'category': 'dbt', 'action': 'run_model', 'label': 'ec49a188-483e-4b92-9f09-ff75b9265a65', 'context': [<snowplow_tracker.self_describing_json.SelfDescribingJson object at 0x0000022865718730>]}
[0m15:25:41.003186 [info ] [Thread-6 (]: 4 of 9 OK created sql view model olist_dataset.stg_order_reviews ............... [[32mCREATE VIEW (0 processed)[0m in 3.08s]
[0m15:25:41.004798 [debug] [Thread-6 (]: Finished running node model.olist_dbt.stg_order_reviews
[0m15:25:41.005171 [debug] [Thread-6 (]: Began running node model.olist_dbt.stg_orders
[0m15:25:41.005922 [debug] [Thread-4 (]: Sending event: {'category': 'dbt', 'action': 'run_model', 'label': 'ec49a188-483e-4b92-9f09-ff75b9265a65', 'context': [<snowplow_tracker.self_describing_json.SelfDescribingJson object at 0x00000228642A3AD0>]}
[0m15:25:41.003545 [debug] [Thread-3 (]: Sending event: {'category': 'dbt', 'action': 'run_model', 'label': 'ec49a188-483e-4b92-9f09-ff75b9265a65', 'context': [<snowplow_tracker.self_describing_json.SelfDescribingJson object at 0x00000228642F3890>]}
[0m15:25:41.004211 [info ] [Thread-5 (]: 3 of 9 OK created sql view model olist_dataset.stg_order_payments .............. [[32mCREATE VIEW (0 processed)[0m in 3.09s]
[0m15:25:41.005569 [info ] [Thread-6 (]: 5 of 9 START sql view model olist_dataset.stg_orders ........................... [RUN]
[0m15:25:41.008624 [debug] [Thread-6 (]: Re-using an available connection from the pool (formerly model.olist_dbt.stg_order_reviews, now model.olist_dbt.stg_orders)
[0m15:25:41.008955 [debug] [Thread-6 (]: Began compiling node model.olist_dbt.stg_orders
[0m15:25:41.010632 [debug] [Thread-6 (]: Writing injected SQL for node "model.olist_dbt.stg_orders"
[0m15:25:41.006899 [info ] [Thread-4 (]: 2 of 9 OK created sql view model olist_dataset.stg_order_items ................. [[32mCREATE VIEW (0 processed)[0m in 3.09s]
[0m15:25:41.008241 [debug] [Thread-5 (]: Finished running node model.olist_dbt.stg_order_payments
[0m15:25:41.011665 [debug] [Thread-4 (]: Finished running node model.olist_dbt.stg_order_items
[0m15:25:41.007397 [info ] [Thread-3 (]: 1 of 9 OK created sql view model olist_dataset.stg_customers ................... [[32mCREATE VIEW (0 processed)[0m in 3.08s]
[0m15:25:41.014000 [debug] [Thread-3 (]: Finished running node model.olist_dbt.stg_customers
[0m15:25:41.012627 [debug] [Thread-5 (]: Began running node model.olist_dbt.stg_products
[0m15:25:41.015024 [debug] [Thread-6 (]: Began executing node model.olist_dbt.stg_orders
[0m15:25:41.020194 [debug] [Thread-6 (]: Writing runtime sql for node "model.olist_dbt.stg_orders"
[0m15:25:41.016403 [info ] [Thread-5 (]: 6 of 9 START sql view model olist_dataset.stg_products ......................... [RUN]
[0m15:25:41.021028 [debug] [Thread-5 (]: Re-using an available connection from the pool (formerly model.olist_dbt.stg_order_payments, now model.olist_dbt.stg_products)
[0m15:25:41.021561 [debug] [Thread-5 (]: Began compiling node model.olist_dbt.stg_products
[0m15:25:41.023657 [debug] [Thread-5 (]: Writing injected SQL for node "model.olist_dbt.stg_products"
[0m15:25:41.024420 [debug] [Thread-6 (]: On model.olist_dbt.stg_orders: /* {"app": "dbt", "dbt_version": "1.12.4", "profile_name": "olist_dbt", "target_name": "dev", "node_id": "model.olist_dbt.stg_orders"} */


  create or replace view `latihan-data-505310`.`olist_dataset`.`stg_orders`
  OPTIONS()
  as -- models/staging/stg_orders.sql
with source as (
    select * from `latihan-data-505310`.`olist_raw`.`olist_orders_dataset`
),

renamed as (
    select
        order_id,
        customer_id,
        lower(order_status) as order_status,
        cast(order_purchase_timestamp as timestamp) as purchased_at,
        cast(order_approved_at as timestamp) as approved_at,
        cast(order_delivered_customer_date as timestamp) as delivered_at,
        cast(order_estimated_delivery_date as timestamp) as estimated_delivery_at
    from source
)

select * from renamed;


[0m15:25:41.025033 [debug] [Thread-6 (]: Opening a new connection, currently in state closed
[0m15:25:41.025955 [debug] [Thread-5 (]: Began executing node model.olist_dbt.stg_products
[0m15:25:41.065859 [debug] [Thread-5 (]: Writing runtime sql for node "model.olist_dbt.stg_products"
[0m15:25:41.067653 [debug] [Thread-5 (]: On model.olist_dbt.stg_products: /* {"app": "dbt", "dbt_version": "1.12.4", "profile_name": "olist_dbt", "target_name": "dev", "node_id": "model.olist_dbt.stg_products"} */


  create or replace view `latihan-data-505310`.`olist_dataset`.`stg_products`
  OPTIONS()
  as -- models/staging/stg_products.sql
with source as (
    select * from `latihan-data-505310`.`olist_raw`.`olist_products_dataset`
),

renamed as (
    select
        product_id,
        product_category_name,
        cast(product_name_lenght as integer) as name_length,
        cast(product_description_lenght as integer) as description_length,
        cast(product_photos_qty as integer) as photos_qty,
        cast(product_weight_g as integer) as weight_grams,
        cast(product_length_cm as integer) as length_cm,
        cast(product_height_cm as integer) as height_cm,
        cast(product_width_cm as integer) as width_cm
    from source
)

select * from renamed;


[0m15:25:41.068274 [debug] [Thread-5 (]: Opening a new connection, currently in state closed
[0m15:25:43.096161 [debug] [Thread-6 (]: BigQuery adapter: https://console.cloud.google.com/bigquery?project=latihan-data-505310&j=bq:US:ce36f154-ae21-410a-886b-8022c777ebc0&page=queryresults
[0m15:25:43.233231 [debug] [Thread-5 (]: BigQuery adapter: https://console.cloud.google.com/bigquery?project=latihan-data-505310&j=bq:US:afdef6a1-7d1b-4f0e-a37a-2bb47d16ab85&page=queryresults
[0m15:25:43.883239 [debug] [Thread-6 (]: SQL status: OK in 0.785 seconds
[0m15:25:43.887341 [debug] [Thread-6 (]: Sending event: {'category': 'dbt', 'action': 'run_model', 'label': 'ec49a188-483e-4b92-9f09-ff75b9265a65', 'context': [<snowplow_tracker.self_describing_json.SelfDescribingJson object at 0x0000022864361940>]}
[0m15:25:43.887926 [info ] [Thread-6 (]: 5 of 9 OK created sql view model olist_dataset.stg_orders ...................... [[32mCREATE VIEW (0 processed)[0m in 2.88s]
[0m15:25:43.888716 [debug] [Thread-6 (]: Finished running node model.olist_dbt.stg_orders
[0m15:25:43.889315 [debug] [Thread-4 (]: Began running node model.olist_dbt.dim_customers
[0m15:25:43.890052 [debug] [Thread-3 (]: Began running node model.olist_dbt.fct_monthly_sales
[0m15:25:43.889732 [info ] [Thread-4 (]: 7 of 9 START sql view model olist_dataset.dim_customers ........................ [RUN]
[0m15:25:43.890907 [debug] [Thread-4 (]: Re-using an available connection from the pool (formerly model.olist_dbt.stg_order_items, now model.olist_dbt.dim_customers)
[0m15:25:43.891231 [debug] [Thread-4 (]: Began compiling node model.olist_dbt.dim_customers
[0m15:25:43.893323 [debug] [Thread-4 (]: Writing injected SQL for node "model.olist_dbt.dim_customers"
[0m15:25:43.890458 [info ] [Thread-3 (]: 8 of 9 START sql view model olist_dataset.fct_monthly_sales .................... [RUN]
[0m15:25:43.894599 [debug] [Thread-3 (]: Re-using an available connection from the pool (formerly model.olist_dbt.stg_customers, now model.olist_dbt.fct_monthly_sales)
[0m15:25:43.895707 [debug] [Thread-3 (]: Began compiling node model.olist_dbt.fct_monthly_sales
[0m15:25:43.899222 [debug] [Thread-3 (]: Writing injected SQL for node "model.olist_dbt.fct_monthly_sales"
[0m15:25:43.900015 [debug] [Thread-4 (]: Began executing node model.olist_dbt.dim_customers
[0m15:25:43.901993 [debug] [Thread-4 (]: Writing runtime sql for node "model.olist_dbt.dim_customers"
[0m15:25:43.903501 [debug] [Thread-3 (]: Began executing node model.olist_dbt.fct_monthly_sales
[0m15:25:43.904112 [debug] [Thread-4 (]: On model.olist_dbt.dim_customers: /* {"app": "dbt", "dbt_version": "1.12.4", "profile_name": "olist_dbt", "target_name": "dev", "node_id": "model.olist_dbt.dim_customers"} */


  create or replace view `latihan-data-505310`.`olist_dataset`.`dim_customers`
  OPTIONS()
  as -- Goal: Customer dimension with CLV metric (Customer Lifetime Value)

with customers as (
    select * from `latihan-data-505310`.`olist_dataset`.`stg_customers`
),

orders as (
    select * from `latihan-data-505310`.`olist_dataset`.`stg_orders`
),

order_items as (
    select * from `latihan-data-505310`.`olist_dataset`.`stg_order_items`
),

-- Calculate metric per customer
customer_metrics as (
    select
        orders.customer_id,
        count(distinct orders.order_id) as total_orders,
        sum(order_items.price + order_items.freight_value) as total_spent,
        avg(order_items.price + order_items.freight_value) as avg_order_value,
        min(orders.purchased_at) as first_purchase_date,
        max(orders.purchased_at) as last_purchase_date,
        date_diff(max(orders.purchased_at), min(orders.purchased_at), day) as customer_lifetime_days
    from orders
    left join order_items on orders.order_id = order_items.order_id
    where orders.order_status = 'delivered'
    group by 1
)

select
    customers.customer_id,
    customers.customer_unique_id,
    customers.city,
    customers.state,
    customers.zip_code,
    coalesce(customer_metrics.total_orders, 0) as total_orders,
    coalesce(customer_metrics.total_spent, 0) as total_spent,
    coalesce(customer_metrics.avg_order_value, 0) as avg_order_value,
    customer_metrics.first_purchase_date,
    customer_metrics.last_purchase_date,
    customer_metrics.customer_lifetime_days
from customers
left join customer_metrics on customers.customer_id = customer_metrics.customer_id;


[0m15:25:43.908805 [debug] [Thread-4 (]: Opening a new connection, currently in state closed
[0m15:25:43.946578 [debug] [Thread-3 (]: Writing runtime sql for node "model.olist_dbt.fct_monthly_sales"
[0m15:25:43.948125 [debug] [Thread-3 (]: On model.olist_dbt.fct_monthly_sales: /* {"app": "dbt", "dbt_version": "1.12.4", "profile_name": "olist_dbt", "target_name": "dev", "node_id": "model.olist_dbt.fct_monthly_sales"} */


  create or replace view `latihan-data-505310`.`olist_dataset`.`fct_monthly_sales`
  OPTIONS()
  as --Tujuan: Metrik penjualan bulanan untuk dashboard 

with orders AS (
    SELECT * FROM `latihan-data-505310`.`olist_dataset`.`stg_orders`
),

order_items AS (
    SELECT * FROM `latihan-data-505310`.`olist_dataset`.`stg_order_items`
),

order_payments AS (
    SELECT * FROM `latihan-data-505310`.`olist_dataset`.`stg_order_payments`
),

--Calculate total revenue per order
order_revenue AS (
    SELECT 
        order_id,
        sum(price+freight_value) AS total_revenue
    FROM order_items
    GROUP BY 1
),

--Calculate total payment per order
order_payment_total AS (
    SELECT
        order_id,
        sum(payment_value) AS total_payment
    FROM order_payments
    GROUP BY 1
)

-- Final: Monthly Aggregation
SELECT
    date_trunc(orders.purchased_at, month) as sales_month,
    count(distinct orders.order_id) as total_orders,
    count(distinct orders.customer_id) as unique_customers,
    sum(order_revenue.total_revenue) as total_revenue,
    avg(order_revenue.total_revenue) as avg_order_value,
    sum(order_payment_total.total_payment) as total_payments
FROM orders
left join order_revenue on orders.order_id = order_revenue.order_id
left join order_payment_total on orders.order_id = order_payment_total.order_id
where orders.order_status = 'delivered'
group by 1
order by 1;


[0m15:25:43.948728 [debug] [Thread-3 (]: Opening a new connection, currently in state closed
[0m15:25:44.096377 [debug] [Thread-5 (]: SQL status: OK in 0.861 seconds
[0m15:25:44.114720 [debug] [Thread-5 (]: Sending event: {'category': 'dbt', 'action': 'run_model', 'label': 'ec49a188-483e-4b92-9f09-ff75b9265a65', 'context': [<snowplow_tracker.self_describing_json.SelfDescribingJson object at 0x00000228642415B0>]}
[0m15:25:44.116198 [info ] [Thread-5 (]: 6 of 9 OK created sql view model olist_dataset.stg_products .................... [[32mCREATE VIEW (0 processed)[0m in 3.09s]
[0m15:25:44.117921 [debug] [Thread-5 (]: Finished running node model.olist_dbt.stg_products
[0m15:25:44.119412 [debug] [Thread-6 (]: Began running node model.olist_dbt.ct_order_details
[0m15:25:44.120440 [info ] [Thread-6 (]: 9 of 9 START sql view model olist_dataset.ct_order_details ..................... [RUN]
[0m15:25:44.121595 [debug] [Thread-6 (]: Re-using an available connection from the pool (formerly model.olist_dbt.stg_orders, now model.olist_dbt.ct_order_details)
[0m15:25:44.122306 [debug] [Thread-6 (]: Began compiling node model.olist_dbt.ct_order_details
[0m15:25:44.127361 [debug] [Thread-6 (]: Writing injected SQL for node "model.olist_dbt.ct_order_details"
[0m15:25:44.129058 [debug] [Thread-6 (]: Began executing node model.olist_dbt.ct_order_details
[0m15:25:44.131701 [debug] [Thread-6 (]: Writing runtime sql for node "model.olist_dbt.ct_order_details"
[0m15:25:44.133501 [debug] [Thread-6 (]: On model.olist_dbt.ct_order_details: /* {"app": "dbt", "dbt_version": "1.12.4", "profile_name": "olist_dbt", "target_name": "dev", "node_id": "model.olist_dbt.ct_order_details"} */


  create or replace view `latihan-data-505310`.`olist_dataset`.`ct_order_details`
  OPTIONS()
  as -- Goal: Transaction detail for granular analysis

with orders as (
    select * from `latihan-data-505310`.`olist_dataset`.`stg_orders`
),

customers as (
    select * from `latihan-data-505310`.`olist_dataset`.`stg_customers`
),

order_items as (
    select * from `latihan-data-505310`.`olist_dataset`.`stg_order_items`
),

products as (
    select * from `latihan-data-505310`.`olist_dataset`.`stg_products`
),

order_payments as (
    select * from `latihan-data-505310`.`olist_dataset`.`stg_order_payments`
),

order_reviews as (
    select * from `latihan-data-505310`.`olist_dataset`.`stg_order_reviews`
)

select
    orders.order_id,
    orders.customer_id,
    orders.order_status,
    orders.purchased_at,
    orders.approved_at,
    orders.delivered_at,
    orders.estimated_delivery_at,
    
    -- Customer info
    customers.city as customer_city,
    customers.state as customer_state,
    
    -- Product info
    order_items.product_id,
    products.product_category_name,
    order_items.price,
    order_items.freight_value,
    
    -- Payment info
    order_payments.payment_type,
    order_payments.installments,
    order_payments.payment_value,
    
    -- Review info
    order_reviews.score as review_score,
    order_reviews.review_comment_message,
    
    -- Calculated metrics
    (order_items.price + order_items.freight_value) as total_item_value,
    date_diff(orders.delivered_at, orders.estimated_delivery_at, day) as delivery_delay_days
from orders
left join customers on orders.customer_id = customers.customer_id
left join order_items on orders.order_id = order_items.order_id
left join products on order_items.product_id = products.product_id
left join order_payments on orders.order_id = order_payments.order_id
left join order_reviews on orders.order_id = order_reviews.order_id
where orders.order_status = 'delivered';


[0m15:25:44.134288 [debug] [Thread-6 (]: Opening a new connection, currently in state closed
[0m15:25:45.970910 [debug] [Thread-3 (]: BigQuery adapter: https://console.cloud.google.com/bigquery?project=latihan-data-505310&j=bq:US:9e3217ab-2d07-4c44-9616-4d482f9f9eb4&page=queryresults
[0m15:25:46.115873 [debug] [Thread-4 (]: BigQuery adapter: https://console.cloud.google.com/bigquery?project=latihan-data-505310&j=bq:US:4c3171e2-b070-42a2-a0f7-c06a87167802&page=queryresults
[0m15:25:46.292228 [debug] [Thread-6 (]: BigQuery adapter: https://console.cloud.google.com/bigquery?project=latihan-data-505310&j=bq:US:6da0fd23-9788-47c3-a40f-23f92713966e&page=queryresults
[0m15:25:46.776663 [debug] [Thread-3 (]: SQL status: OK in 0.805 seconds
[0m15:25:46.792196 [debug] [Thread-3 (]: Sending event: {'category': 'dbt', 'action': 'run_model', 'label': 'ec49a188-483e-4b92-9f09-ff75b9265a65', 'context': [<snowplow_tracker.self_describing_json.SelfDescribingJson object at 0x000002286565DF70>]}
[0m15:25:46.794535 [info ] [Thread-3 (]: 8 of 9 OK created sql view model olist_dataset.fct_monthly_sales ............... [[32mCREATE VIEW (0 processed)[0m in 2.90s]
[0m15:25:46.796830 [debug] [Thread-3 (]: Finished running node model.olist_dbt.fct_monthly_sales
[0m15:25:46.839217 [debug] [Thread-4 (]: SQL status: OK in 0.722 seconds
[0m15:25:46.842896 [debug] [Thread-4 (]: Sending event: {'category': 'dbt', 'action': 'run_model', 'label': 'ec49a188-483e-4b92-9f09-ff75b9265a65', 'context': [<snowplow_tracker.self_describing_json.SelfDescribingJson object at 0x000002286565C830>]}
[0m15:25:46.843453 [info ] [Thread-4 (]: 7 of 9 OK created sql view model olist_dataset.dim_customers ................... [[32mCREATE VIEW (0 processed)[0m in 2.95s]
[0m15:25:46.844477 [debug] [Thread-4 (]: Finished running node model.olist_dbt.dim_customers
[0m15:25:47.085433 [debug] [Thread-6 (]: SQL status: OK in 0.792 seconds
[0m15:25:47.102390 [debug] [Thread-6 (]: Sending event: {'category': 'dbt', 'action': 'run_model', 'label': 'ec49a188-483e-4b92-9f09-ff75b9265a65', 'context': [<snowplow_tracker.self_describing_json.SelfDescribingJson object at 0x00000228642410D0>]}
[0m15:25:47.104352 [info ] [Thread-6 (]: 9 of 9 OK created sql view model olist_dataset.ct_order_details ................ [[32mCREATE VIEW (0 processed)[0m in 2.98s]
[0m15:25:47.106670 [debug] [Thread-6 (]: Finished running node model.olist_dbt.ct_order_details
[0m15:25:47.110308 [debug] [MainThread]: Opening a new connection, currently in state closed
[0m15:25:47.160125 [debug] [MainThread]: Connection 'master' was properly closed.
[0m15:25:47.160672 [debug] [MainThread]: Connection 'list_latihan-data-505310' was properly closed.
[0m15:25:47.161256 [debug] [MainThread]: Connection 'list_latihan-data-505310_olist_dataset' was properly closed.
[0m15:25:47.161672 [debug] [MainThread]: Connection 'model.olist_dbt.dim_customers' was properly closed.
[0m15:25:47.161932 [debug] [MainThread]: Connection 'model.olist_dbt.stg_products' was properly closed.
[0m15:25:47.162182 [debug] [MainThread]: Connection 'model.olist_dbt.fct_monthly_sales' was properly closed.
[0m15:25:47.162425 [debug] [MainThread]: Connection 'model.olist_dbt.ct_order_details' was properly closed.
[0m15:25:47.162758 [info ] [MainThread]: 
[0m15:25:47.163238 [info ] [MainThread]: Finished running 9 view models in 0 hours 0 minutes and 13.22 seconds (13.22s).
[0m15:25:47.165173 [debug] [MainThread]: Command end result
[0m15:25:47.212531 [debug] [MainThread]: Wrote artifact WritableManifest to C:\Users\USER\analytics-portofolio\olist_dbt\target\manifest.json
[0m15:25:47.216707 [debug] [MainThread]: Wrote artifact SemanticManifest to C:\Users\USER\analytics-portofolio\olist_dbt\target\semantic_manifest.json
[0m15:25:47.220634 [debug] [MainThread]: Wrote artifact OsiDocument to C:\Users\USER\analytics-portofolio\olist_dbt\target\osi_document.json
[0m15:25:47.228888 [debug] [MainThread]: Wrote artifact RunExecutionResult to C:\Users\USER\analytics-portofolio\olist_dbt\target\run_results.json
[0m15:25:47.229246 [info ] [MainThread]: 
[0m15:25:47.229738 [info ] [MainThread]: [32mCompleted successfully[0m
[0m15:25:47.230149 [info ] [MainThread]: 
[0m15:25:47.230581 [info ] [MainThread]: Done. PASS=9 WARN=0 ERROR=0 SKIP=0 NO-OP=0 REUSED=0 TOTAL=9
[0m15:25:47.231811 [debug] [MainThread]: Command `dbt run` succeeded at 15:25:47.231706 after 16.02 seconds
[0m15:25:47.232144 [debug] [MainThread]: Sending event: {'category': 'dbt', 'action': 'invocation', 'label': 'end', 'context': [<snowplow_tracker.self_describing_json.SelfDescribingJson object at 0x0000022850A96E70>, <snowplow_tracker.self_describing_json.SelfDescribingJson object at 0x0000022862946B70>, <snowplow_tracker.self_describing_json.SelfDescribingJson object at 0x0000022864240290>]}
[0m15:25:47.232469 [debug] [MainThread]: Flushing usage events
[0m15:25:48.610755 [debug] [MainThread]: An error was encountered while trying to flush usage events
[0m15:52:40.958116 [debug] [MainThread]: Sending event: {'category': 'dbt', 'action': 'invocation', 'label': 'start', 'context': [<snowplow_tracker.self_describing_json.SelfDescribingJson object at 0x000001E24CB2A7B0>, <snowplow_tracker.self_describing_json.SelfDescribingJson object at 0x000001E24A6E4E10>, <snowplow_tracker.self_describing_json.SelfDescribingJson object at 0x000001E24F4B3C50>]}


============================== 15:52:40.965961 | f5814835-6297-4d27-82b3-253eb0301f56 ==============================
[0m15:52:40.965961 [info ] [MainThread]: Running with dbt=1.12.4
[0m15:52:40.966758 [debug] [MainThread]: running dbt with arguments {'maximum_seed_size_mib': '1', 'no_print': 'None', 'static_parser': 'True', 'warn_error_options': 'WarnErrorOptionsV2(error=[], warn=[], silence=[])', 'target_path': 'None', 'version_check': 'True', 'printer_width': '80', 'write_json': 'True', 'introspect': 'True', 'log_cache_events': 'False', 'empty': 'None', 'cache_selected_only': 'False', 'log_format': 'default', 'debug': 'False', 'fail_fast': 'False', 'profiles_dir': 'C:\\Users\\USER\\.dbt', 'send_anonymous_usage_stats': 'True', 'quiet': 'False', 'warn_error': 'None', 'partial_parse': 'True', 'indirect_selection': 'eager', 'hints_enabled': 'True', 'use_colors': 'True', 'use_experimental_parser': 'False', 'invocation_command': 'dbt deps', 'log_path': 'C:\\Users\\USER\\analytics-portofolio\\olist_dbt\\logs'}
[0m15:52:41.227093 [debug] [MainThread]: Sending event: {'category': 'dbt', 'action': 'project_id', 'label': 'f5814835-6297-4d27-82b3-253eb0301f56', 'context': [<snowplow_tracker.self_describing_json.SelfDescribingJson object at 0x000001E24F351A70>]}
[0m15:52:41.300447 [debug] [MainThread]: Set downloads directory='C:\Users\USER\AppData\Local\Temp\dbt-downloads-qd6yz6wx'
[0m15:52:41.301276 [debug] [MainThread]: Making package index registry request: GET https://hub.getdbt.com/api/v1/index.json
[0m15:52:41.465051 [debug] [MainThread]: Response from registry index: GET https://hub.getdbt.com/api/v1/index.json 200
[0m15:52:41.467104 [debug] [MainThread]: Making package registry request: GET https://hub.getdbt.com/api/v1/dbt-labs/dbt_utils.json
[0m15:52:41.567626 [debug] [MainThread]: Response from registry: GET https://hub.getdbt.com/api/v1/dbt-labs/dbt_utils.json 200
[0m15:52:41.582527 [info ] [MainThread]: Updating lock file in file path: C:\Users\USER\analytics-portofolio\olist_dbt/package-lock.yml
[0m15:52:41.641987 [debug] [MainThread]: Set downloads directory='C:\Users\USER\AppData\Local\Temp\dbt-downloads-pzjo24ca'
[0m15:52:41.645706 [info ] [MainThread]: Installing dbt-labs/dbt_utils
[0m15:52:42.568079 [info ] [MainThread]: Installed from version 1.1.1
[0m15:52:42.571830 [info ] [MainThread]: Updated version available: 1.4.1
[0m15:52:42.572614 [debug] [MainThread]: Sending event: {'category': 'dbt', 'action': 'package', 'label': 'f5814835-6297-4d27-82b3-253eb0301f56', 'property_': 'install', 'context': [<snowplow_tracker.self_describing_json.SelfDescribingJson object at 0x000001E24A7ED9D0>, <snowplow_tracker.self_describing_json.SelfDescribingJson object at 0x000001E24F6A1E10>]}
[0m15:52:42.573283 [info ] [MainThread]: 
[0m15:52:42.574047 [info ] [MainThread]: Updates available for packages: ['dbt-labs/dbt_utils']                 
Update your versions in packages.yml, then run dbt deps
[0m15:52:42.577360 [debug] [MainThread]: Command `dbt deps` succeeded at 15:52:42.577115 after 1.86 seconds
[0m15:52:42.577981 [debug] [MainThread]: Sending event: {'category': 'dbt', 'action': 'invocation', 'label': 'end', 'context': [<snowplow_tracker.self_describing_json.SelfDescribingJson object at 0x000001E24F7D2350>, <snowplow_tracker.self_describing_json.SelfDescribingJson object at 0x000001E24F69EA80>, <snowplow_tracker.self_describing_json.SelfDescribingJson object at 0x000001E24F69EB70>]}
[0m15:52:42.578571 [debug] [MainThread]: Flushing usage events
[0m15:52:43.757969 [debug] [MainThread]: An error was encountered while trying to flush usage events
[0m15:53:11.505670 [debug] [MainThread]: Sending event: {'category': 'dbt', 'action': 'invocation', 'label': 'start', 'context': [<snowplow_tracker.self_describing_json.SelfDescribingJson object at 0x0000023BEDA3A7B0>, <snowplow_tracker.self_describing_json.SelfDescribingJson object at 0x0000023BEB600E10>, <snowplow_tracker.self_describing_json.SelfDescribingJson object at 0x0000023BF03C3C50>]}


============================== 15:53:11.510008 | fd9cf5c2-dac3-4e35-aab0-0da7648fe958 ==============================
[0m15:53:11.510008 [info ] [MainThread]: Running with dbt=1.12.4
[0m15:53:11.510682 [debug] [MainThread]: running dbt with arguments {'maximum_seed_size_mib': '1', 'no_print': 'None', 'version_check': 'True', 'warn_error_options': 'WarnErrorOptionsV2(error=[], warn=[], silence=[])', 'target_path': 'None', 'static_parser': 'True', 'printer_width': '80', 'write_json': 'True', 'introspect': 'True', 'log_cache_events': 'False', 'empty': 'None', 'cache_selected_only': 'False', 'log_format': 'default', 'debug': 'False', 'fail_fast': 'False', 'partial_parse': 'True', 'send_anonymous_usage_stats': 'True', 'quiet': 'False', 'warn_error': 'None', 'profiles_dir': 'C:\\Users\\USER\\.dbt', 'invocation_command': 'dbt deps', 'hints_enabled': 'True', 'indirect_selection': 'eager', 'use_experimental_parser': 'False', 'use_colors': 'True', 'log_path': 'C:\\Users\\USER\\analytics-portofolio\\olist_dbt\\logs'}
[0m15:53:11.681315 [debug] [MainThread]: Sending event: {'category': 'dbt', 'action': 'project_id', 'label': 'fd9cf5c2-dac3-4e35-aab0-0da7648fe958', 'context': [<snowplow_tracker.self_describing_json.SelfDescribingJson object at 0x0000023BF0261A70>]}
[0m15:53:11.712527 [debug] [MainThread]: Set downloads directory='C:\Users\USER\AppData\Local\Temp\dbt-downloads-4tzxbfvv'
[0m15:53:11.713375 [debug] [MainThread]: Making package index registry request: GET https://hub.getdbt.com/api/v1/index.json
[0m15:53:11.801492 [debug] [MainThread]: Response from registry index: GET https://hub.getdbt.com/api/v1/index.json 200
[0m15:53:11.802804 [debug] [MainThread]: Making package registry request: GET https://hub.getdbt.com/api/v1/dbt-labs/dbt_utils.json
[0m15:53:11.888155 [debug] [MainThread]: Response from registry: GET https://hub.getdbt.com/api/v1/dbt-labs/dbt_utils.json 200
[0m15:53:11.903512 [info ] [MainThread]: Updating lock file in file path: C:\Users\USER\analytics-portofolio\olist_dbt/package-lock.yml
[0m15:53:11.962544 [debug] [MainThread]: Set downloads directory='C:\Users\USER\AppData\Local\Temp\dbt-downloads-qclzbjw8'
[0m15:53:11.966645 [info ] [MainThread]: Installing dbt-labs/dbt_utils
[0m15:53:13.406885 [info ] [MainThread]: Installed from version 1.4.1
[0m15:53:13.407403 [info ] [MainThread]: Up to date!
[0m15:53:13.407861 [debug] [MainThread]: Sending event: {'category': 'dbt', 'action': 'package', 'label': 'fd9cf5c2-dac3-4e35-aab0-0da7648fe958', 'property_': 'install', 'context': [<snowplow_tracker.self_describing_json.SelfDescribingJson object at 0x0000023BEB70D9D0>, <snowplow_tracker.self_describing_json.SelfDescribingJson object at 0x0000023BF0641E10>]}
[0m15:53:13.410217 [debug] [MainThread]: Command `dbt deps` succeeded at 15:53:13.409965 after 2.12 seconds
[0m15:53:13.410852 [debug] [MainThread]: Sending event: {'category': 'dbt', 'action': 'invocation', 'label': 'end', 'context': [<snowplow_tracker.self_describing_json.SelfDescribingJson object at 0x0000023BF076E450>, <snowplow_tracker.self_describing_json.SelfDescribingJson object at 0x0000023BF063EB70>, <snowplow_tracker.self_describing_json.SelfDescribingJson object at 0x0000023BF063EA80>]}
[0m15:53:13.411216 [debug] [MainThread]: Flushing usage events
[0m15:53:14.509997 [debug] [MainThread]: An error was encountered while trying to flush usage events
[0m15:53:27.290355 [debug] [MainThread]: Sending event: {'category': 'dbt', 'action': 'invocation', 'label': 'start', 'context': [<snowplow_tracker.self_describing_json.SelfDescribingJson object at 0x000001EF1AECA7B0>, <snowplow_tracker.self_describing_json.SelfDescribingJson object at 0x000001EF18A94E10>, <snowplow_tracker.self_describing_json.SelfDescribingJson object at 0x000001EF1D8A79D0>]}


============================== 15:53:27.294741 | 9239a8c3-6d9c-411c-b5ab-2db033384074 ==============================
[0m15:53:27.294741 [info ] [MainThread]: Running with dbt=1.12.4
[0m15:53:27.295497 [debug] [MainThread]: running dbt with arguments {'static_parser': 'True', 'no_print': 'None', 'maximum_seed_size_mib': '1', 'target_path': 'None', 'warn_error_options': 'WarnErrorOptionsV2(error=[], warn=[], silence=[])', 'version_check': 'True', 'printer_width': '80', 'write_json': 'True', 'empty': 'None', 'log_cache_events': 'False', 'introspect': 'True', 'cache_selected_only': 'False', 'log_format': 'default', 'debug': 'False', 'fail_fast': 'False', 'partial_parse': 'True', 'send_anonymous_usage_stats': 'True', 'quiet': 'False', 'warn_error': 'None', 'profiles_dir': 'C:\\Users\\USER\\.dbt', 'use_colors': 'True', 'hints_enabled': 'True', 'indirect_selection': 'eager', 'use_experimental_parser': 'False', 'invocation_command': 'dbt test', 'log_path': 'C:\\Users\\USER\\analytics-portofolio\\olist_dbt\\logs'}
[0m15:53:29.445933 [debug] [MainThread]: Sending event: {'category': 'dbt', 'action': 'project_id', 'label': '9239a8c3-6d9c-411c-b5ab-2db033384074', 'context': [<snowplow_tracker.self_describing_json.SelfDescribingJson object at 0x000001EF2F6C2190>]}
[0m15:53:29.515628 [debug] [MainThread]: Sending event: {'category': 'dbt', 'action': 'adapter_info', 'label': '9239a8c3-6d9c-411c-b5ab-2db033384074', 'context': [<snowplow_tracker.self_describing_json.SelfDescribingJson object at 0x000001EF1BAD4C00>]}
[0m15:53:29.516491 [info ] [MainThread]: Registered adapter: bigquery=1.12.0
[0m15:53:30.147839 [debug] [MainThread]: checksum: 3326a0a5e08c0e49abdf21ef4bcbbe25e27dc0caf425e068257066cc97e24815, vars: {}, profile: olist_dbt, target: dev, version: 1.12.4
[0m15:53:30.273117 [info ] [MainThread]: Unable to do partial parsing because a project dependency has been added
[0m15:53:30.273734 [debug] [MainThread]: Sending event: {'category': 'dbt', 'action': 'partial_parser', 'label': '9239a8c3-6d9c-411c-b5ab-2db033384074', 'context': [<snowplow_tracker.self_describing_json.SelfDescribingJson object at 0x000001EF30E10550>]}
[0m15:53:31.952600 [warn ] [MainThread]: [[33mWARNING[0m]: Did not find matching node for patch with name 'fct_order_details' in the 'models' section of file 'models\schema.yml'
[0m15:53:32.065050 [warn ] [MainThread]: [[33mWARNING[0m][MissingArgumentsPropertyInGenericTestDeprecation]: Deprecated
functionality
Found top-level arguments to test `accepted_values` defined on 'stg_orders' in
package 'olist_dbt' (models\schema.yml). Arguments to generic tests should be
nested under the `arguments` property.
[0m15:53:32.065588 [debug] [MainThread]: Sending event: {'category': 'dbt', 'action': 'deprecation', 'label': '9239a8c3-6d9c-411c-b5ab-2db033384074', 'property_': 'warn', 'context': [<snowplow_tracker.self_describing_json.SelfDescribingJson object at 0x000001EF30FE37A0>]}
[0m15:53:32.263286 [warn ] [MainThread]: [[33mWARNING[0m]: Test 'test.olist_dbt.not_null_fct_order_details_order_id.b1e7721876' (models\schema.yml) depends on a node named 'fct_order_details' in package '' which was not found
[0m15:53:32.391288 [debug] [MainThread]: Sending event: {'category': 'dbt', 'action': 'load_project', 'label': '9239a8c3-6d9c-411c-b5ab-2db033384074', 'context': [<snowplow_tracker.self_describing_json.SelfDescribingJson object at 0x000001EF2F93E510>]}
[0m15:53:32.511632 [debug] [MainThread]: Wrote artifact WritableManifest to C:\Users\USER\analytics-portofolio\olist_dbt\target\manifest.json
[0m15:53:32.519084 [debug] [MainThread]: Wrote artifact SemanticManifest to C:\Users\USER\analytics-portofolio\olist_dbt\target\semantic_manifest.json
[0m15:53:32.573772 [debug] [MainThread]: Wrote artifact OsiDocument to C:\Users\USER\analytics-portofolio\olist_dbt\target\osi_document.json
[0m15:53:32.618920 [debug] [MainThread]: Sending event: {'category': 'dbt', 'action': 'resource_counts', 'label': '9239a8c3-6d9c-411c-b5ab-2db033384074', 'context': [<snowplow_tracker.self_describing_json.SelfDescribingJson object at 0x000001EF312C0C80>]}
[0m15:53:32.619533 [info ] [MainThread]: Found 9 models, 25 data tests, 6 sources, 677 macros
[0m15:53:32.620108 [debug] [MainThread]: Sending event: {'category': 'dbt', 'action': 'runnable_timing', 'label': '9239a8c3-6d9c-411c-b5ab-2db033384074', 'context': [<snowplow_tracker.self_describing_json.SelfDescribingJson object at 0x000001EF3119F650>]}
[0m15:53:32.624700 [info ] [MainThread]: 
[0m15:53:32.625213 [info ] [MainThread]: Concurrency: 4 threads (target='dev')
[0m15:53:32.625707 [info ] [MainThread]: 
[0m15:53:32.626745 [debug] [MainThread]: Acquiring new bigquery connection 'master'
[0m15:53:32.635422 [debug] [ThreadPool]: Acquiring new bigquery connection 'list_latihan-data-505310_olist_dataset'
[0m15:53:32.635863 [debug] [ThreadPool]: Opening a new connection, currently in state init
[0m15:53:34.943509 [debug] [MainThread]: Sending event: {'category': 'dbt', 'action': 'runnable_timing', 'label': '9239a8c3-6d9c-411c-b5ab-2db033384074', 'context': [<snowplow_tracker.self_describing_json.SelfDescribingJson object at 0x000001EF18D03280>]}
[0m15:53:34.944795 [debug] [MainThread]: Opening a new connection, currently in state init
[0m15:53:34.991891 [debug] [Thread-2 (]: Began running node test.olist_dbt.accepted_values_stg_orders_order_status__delivered__shipped__invoiced__processing__canceled__unavailable__created__approved.58d928e90d
[0m15:53:34.993413 [debug] [Thread-5 (]: Began running node test.olist_dbt.not_null_dim_customers_customer_id.dd91cd1c8d
[0m15:53:34.992326 [debug] [Thread-3 (]: Began running node test.olist_dbt.dbt_utils_accepted_range_stg_order_items_price__0.662f69fffd
[0m15:53:34.993069 [info ] [Thread-2 (]: 1 of 25 START test accepted_values_stg_orders_order_status__delivered__shipped__invoiced__processing__canceled__unavailable__created__approved  [RUN]
[0m15:53:34.994663 [debug] [Thread-2 (]: Acquiring new bigquery connection 'test.olist_dbt.accepted_values_stg_orders_order_status__delivered__shipped__invoiced__processing__canceled__unavailable__created__approved.58d928e90d'
[0m15:53:34.992698 [debug] [Thread-4 (]: Began running node test.olist_dbt.dbt_utils_accepted_range_stg_order_reviews_score__5__1.0745e2ae75
[0m15:53:34.995002 [debug] [Thread-2 (]: Began compiling node test.olist_dbt.accepted_values_stg_orders_order_status__delivered__shipped__invoiced__processing__canceled__unavailable__created__approved.58d928e90d
[0m15:53:34.995375 [info ] [Thread-4 (]: 3 of 25 START test dbt_utils_accepted_range_stg_order_reviews_score__5__1 ...... [RUN]
[0m15:53:35.008231 [debug] [Thread-4 (]: Acquiring new bigquery connection 'test.olist_dbt.dbt_utils_accepted_range_stg_order_reviews_score__5__1.0745e2ae75'
[0m15:53:35.009543 [debug] [Thread-4 (]: Began compiling node test.olist_dbt.dbt_utils_accepted_range_stg_order_reviews_score__5__1.0745e2ae75
[0m15:53:35.007061 [debug] [Thread-2 (]: Writing injected SQL for node "test.olist_dbt.accepted_values_stg_orders_order_status__delivered__shipped__invoiced__processing__canceled__unavailable__created__approved.58d928e90d"
[0m15:53:34.994099 [info ] [Thread-3 (]: 2 of 25 START test dbt_utils_accepted_range_stg_order_items_price__0 ........... [RUN]
[0m15:53:34.993773 [info ] [Thread-5 (]: 4 of 25 START test not_null_dim_customers_customer_id .......................... [RUN]
[0m15:53:35.020073 [debug] [Thread-5 (]: Acquiring new bigquery connection 'test.olist_dbt.not_null_dim_customers_customer_id.dd91cd1c8d'
[0m15:53:35.020436 [debug] [Thread-5 (]: Began compiling node test.olist_dbt.not_null_dim_customers_customer_id.dd91cd1c8d
[0m15:53:35.018765 [debug] [Thread-4 (]: Writing injected SQL for node "test.olist_dbt.dbt_utils_accepted_range_stg_order_reviews_score__5__1.0745e2ae75"
[0m15:53:35.019542 [debug] [Thread-3 (]: Acquiring new bigquery connection 'test.olist_dbt.dbt_utils_accepted_range_stg_order_items_price__0.662f69fffd'
[0m15:53:35.032326 [debug] [Thread-3 (]: Began compiling node test.olist_dbt.dbt_utils_accepted_range_stg_order_items_price__0.662f69fffd
[0m15:53:35.030697 [debug] [Thread-5 (]: Writing injected SQL for node "test.olist_dbt.not_null_dim_customers_customer_id.dd91cd1c8d"
[0m15:53:35.040165 [debug] [Thread-3 (]: Writing injected SQL for node "test.olist_dbt.dbt_utils_accepted_range_stg_order_items_price__0.662f69fffd"
[0m15:53:35.042058 [debug] [Thread-2 (]: Began executing node test.olist_dbt.accepted_values_stg_orders_order_status__delivered__shipped__invoiced__processing__canceled__unavailable__created__approved.58d928e90d
[0m15:53:35.042688 [debug] [Thread-4 (]: Began executing node test.olist_dbt.dbt_utils_accepted_range_stg_order_reviews_score__5__1.0745e2ae75
[0m15:53:35.067405 [debug] [Thread-4 (]: Writing runtime sql for node "test.olist_dbt.dbt_utils_accepted_range_stg_order_reviews_score__5__1.0745e2ae75"
[0m15:53:35.068185 [debug] [Thread-2 (]: Writing runtime sql for node "test.olist_dbt.accepted_values_stg_orders_order_status__delivered__shipped__invoiced__processing__canceled__unavailable__created__approved.58d928e90d"
[0m15:53:35.063553 [debug] [Thread-5 (]: Began executing node test.olist_dbt.not_null_dim_customers_customer_id.dd91cd1c8d
[0m15:53:35.070014 [debug] [Thread-5 (]: Writing runtime sql for node "test.olist_dbt.not_null_dim_customers_customer_id.dd91cd1c8d"
[0m15:53:35.070443 [debug] [Thread-3 (]: Began executing node test.olist_dbt.dbt_utils_accepted_range_stg_order_items_price__0.662f69fffd
[0m15:53:35.072701 [debug] [Thread-3 (]: Writing runtime sql for node "test.olist_dbt.dbt_utils_accepted_range_stg_order_items_price__0.662f69fffd"
[0m15:53:35.073719 [debug] [Thread-4 (]: On test.olist_dbt.dbt_utils_accepted_range_stg_order_reviews_score__5__1.0745e2ae75: /* {"app": "dbt", "dbt_version": "1.12.4", "profile_name": "olist_dbt", "target_name": "dev", "node_id": "test.olist_dbt.dbt_utils_accepted_range_stg_order_reviews_score__5__1.0745e2ae75"} */

    
    select
      count(*) as failures,
      count(*) != 0 as should_warn,
      count(*) != 0 as should_error
    from (
      
    
  

with meet_condition as(
  select *
  from `latihan-data-505310`.`olist_dataset`.`stg_order_reviews`
),

validation_errors as (
  select *
  from meet_condition
  where
    -- never true, defaults to an empty result set. Exists to ensure any combo of the `or` clauses below succeeds
    1 = 2
    -- records with a value >= min_value are permitted. The `not` flips this to find records that don't meet the rule.
    or not score >= 1
    -- records with a value <= max_value are permitted. The `not` flips this to find records that don't meet the rule.
    or not score <= 5
)

select *
from validation_errors


  
  
      
    ) dbt_internal_test
[0m15:53:35.075090 [debug] [Thread-4 (]: Opening a new connection, currently in state init
[0m15:53:35.074591 [debug] [Thread-2 (]: On test.olist_dbt.accepted_values_stg_orders_order_status__delivered__shipped__invoiced__processing__canceled__unavailable__created__approved.58d928e90d: /* {"app": "dbt", "dbt_version": "1.12.4", "profile_name": "olist_dbt", "target_name": "dev", "node_id": "test.olist_dbt.accepted_values_stg_orders_order_status__delivered__shipped__invoiced__processing__canceled__unavailable__created__approved.58d928e90d"} */

    
    select
      count(*) as failures,
      count(*) != 0 as should_warn,
      count(*) != 0 as should_error
    from (
      
    
  
    
    

with all_values as (

    select
        order_status as value_field,
        count(*) as n_records

    from `latihan-data-505310`.`olist_dataset`.`stg_orders`
    group by order_status

)

select *
from all_values
where value_field not in (
    'delivered','shipped','invoiced','processing','canceled','unavailable','created','approved'
)



  
  
      
    ) dbt_internal_test
[0m15:53:35.074169 [debug] [Thread-5 (]: On test.olist_dbt.not_null_dim_customers_customer_id.dd91cd1c8d: /* {"app": "dbt", "dbt_version": "1.12.4", "profile_name": "olist_dbt", "target_name": "dev", "node_id": "test.olist_dbt.not_null_dim_customers_customer_id.dd91cd1c8d"} */

    
    select
      count(*) as failures,
      count(*) != 0 as should_warn,
      count(*) != 0 as should_error
    from (
      
    
  
    
    



select customer_id
from `latihan-data-505310`.`olist_dataset`.`dim_customers`
where customer_id is null



  
  
      
    ) dbt_internal_test
[0m15:53:35.076102 [debug] [Thread-5 (]: Opening a new connection, currently in state init
[0m15:53:35.075654 [debug] [Thread-2 (]: Opening a new connection, currently in state init
[0m15:53:35.076532 [debug] [Thread-3 (]: On test.olist_dbt.dbt_utils_accepted_range_stg_order_items_price__0.662f69fffd: /* {"app": "dbt", "dbt_version": "1.12.4", "profile_name": "olist_dbt", "target_name": "dev", "node_id": "test.olist_dbt.dbt_utils_accepted_range_stg_order_items_price__0.662f69fffd"} */

    
    select
      count(*) as failures,
      count(*) != 0 as should_warn,
      count(*) != 0 as should_error
    from (
      
    
  

with meet_condition as(
  select *
  from `latihan-data-505310`.`olist_dataset`.`stg_order_items`
),

validation_errors as (
  select *
  from meet_condition
  where
    -- never true, defaults to an empty result set. Exists to ensure any combo of the `or` clauses below succeeds
    1 = 2
    -- records with a value >= min_value are permitted. The `not` flips this to find records that don't meet the rule.
    or not price >= 0
)

select *
from validation_errors


  
  
      
    ) dbt_internal_test
[0m15:53:35.138994 [debug] [Thread-3 (]: Opening a new connection, currently in state init
[0m15:53:37.382578 [debug] [Thread-3 (]: BigQuery adapter: https://console.cloud.google.com/bigquery?project=latihan-data-505310&j=bq:US:d5fc3b04-92a3-485d-8eb8-c593cf66e2d0&page=queryresults
[0m15:53:37.442961 [debug] [Thread-5 (]: BigQuery adapter: https://console.cloud.google.com/bigquery?project=latihan-data-505310&j=bq:US:e9d7ca3c-98bd-42c9-9718-76ae3879eb76&page=queryresults
[0m15:53:37.463547 [debug] [Thread-2 (]: BigQuery adapter: https://console.cloud.google.com/bigquery?project=latihan-data-505310&j=bq:US:5fffb8f2-6864-45a5-ac04-7d014d39bcba&page=queryresults
[0m15:53:37.790605 [debug] [Thread-3 (]: SQL status: OK in 0.406 seconds
[0m15:53:37.872254 [debug] [Thread-5 (]: SQL status: OK in 0.428 seconds
[0m15:53:37.872991 [debug] [Thread-2 (]: SQL status: OK in 0.408 seconds
[0m15:53:37.960842 [debug] [Thread-4 (]: BigQuery adapter: https://console.cloud.google.com/bigquery?project=latihan-data-505310&j=bq:US:32797342-c639-4281-84d1-045f8601c315&page=queryresults
[0m15:53:38.380802 [debug] [Thread-4 (]: SQL status: OK in 0.419 seconds
[0m15:53:38.882729 [info ] [Thread-2 (]: 1 of 25 PASS accepted_values_stg_orders_order_status__delivered__shipped__invoiced__processing__canceled__unavailable__created__approved  [[32mPASS[0m in 3.89s]
[0m15:53:38.884432 [debug] [Thread-2 (]: Finished running node test.olist_dbt.accepted_values_stg_orders_order_status__delivered__shipped__invoiced__processing__canceled__unavailable__created__approved.58d928e90d
[0m15:53:38.885171 [debug] [Thread-2 (]: Began running node test.olist_dbt.not_null_fct_monthly_sales_sales_month.bd67381e1f
[0m15:53:38.886516 [info ] [Thread-2 (]: 5 of 25 START test not_null_fct_monthly_sales_sales_month ...................... [RUN]
[0m15:53:38.888625 [debug] [Thread-2 (]: Re-using an available connection from the pool (formerly test.olist_dbt.accepted_values_stg_orders_order_status__delivered__shipped__invoiced__processing__canceled__unavailable__created__approved.58d928e90d, now test.olist_dbt.not_null_fct_monthly_sales_sales_month.bd67381e1f)
[0m15:53:38.891081 [debug] [Thread-2 (]: Began compiling node test.olist_dbt.not_null_fct_monthly_sales_sales_month.bd67381e1f
[0m15:53:38.890557 [info ] [Thread-5 (]: 4 of 25 PASS not_null_dim_customers_customer_id ................................ [[32mPASS[0m in 3.87s]
[0m15:53:38.902942 [debug] [Thread-5 (]: Finished running node test.olist_dbt.not_null_dim_customers_customer_id.dd91cd1c8d
[0m15:53:38.903348 [debug] [Thread-5 (]: Began running node test.olist_dbt.not_null_fct_monthly_sales_total_revenue.ae760bb071
[0m15:53:38.902261 [debug] [Thread-2 (]: Writing injected SQL for node "test.olist_dbt.not_null_fct_monthly_sales_sales_month.bd67381e1f"
[0m15:53:38.903673 [info ] [Thread-5 (]: 6 of 25 START test not_null_fct_monthly_sales_total_revenue .................... [RUN]
[0m15:53:38.904507 [debug] [Thread-5 (]: Re-using an available connection from the pool (formerly test.olist_dbt.not_null_dim_customers_customer_id.dd91cd1c8d, now test.olist_dbt.not_null_fct_monthly_sales_total_revenue.ae760bb071)
[0m15:53:38.904840 [debug] [Thread-5 (]: Began compiling node test.olist_dbt.not_null_fct_monthly_sales_total_revenue.ae760bb071
[0m15:53:38.910520 [debug] [Thread-5 (]: Writing injected SQL for node "test.olist_dbt.not_null_fct_monthly_sales_total_revenue.ae760bb071"
[0m15:53:38.911902 [debug] [Thread-2 (]: Began executing node test.olist_dbt.not_null_fct_monthly_sales_sales_month.bd67381e1f
[0m15:53:38.912404 [debug] [Thread-5 (]: Began executing node test.olist_dbt.not_null_fct_monthly_sales_total_revenue.ae760bb071
[0m15:53:38.918019 [debug] [Thread-5 (]: Writing runtime sql for node "test.olist_dbt.not_null_fct_monthly_sales_total_revenue.ae760bb071"
[0m15:53:38.915597 [debug] [Thread-2 (]: Writing runtime sql for node "test.olist_dbt.not_null_fct_monthly_sales_sales_month.bd67381e1f"
[0m15:53:38.923301 [debug] [Thread-5 (]: On test.olist_dbt.not_null_fct_monthly_sales_total_revenue.ae760bb071: /* {"app": "dbt", "dbt_version": "1.12.4", "profile_name": "olist_dbt", "target_name": "dev", "node_id": "test.olist_dbt.not_null_fct_monthly_sales_total_revenue.ae760bb071"} */

    
    select
      count(*) as failures,
      count(*) != 0 as should_warn,
      count(*) != 0 as should_error
    from (
      
    
  
    
    



select total_revenue
from `latihan-data-505310`.`olist_dataset`.`fct_monthly_sales`
where total_revenue is null



  
  
      
    ) dbt_internal_test
[0m15:53:38.924212 [debug] [Thread-5 (]: Opening a new connection, currently in state closed
[0m15:53:38.923804 [debug] [Thread-2 (]: On test.olist_dbt.not_null_fct_monthly_sales_sales_month.bd67381e1f: /* {"app": "dbt", "dbt_version": "1.12.4", "profile_name": "olist_dbt", "target_name": "dev", "node_id": "test.olist_dbt.not_null_fct_monthly_sales_sales_month.bd67381e1f"} */

    
    select
      count(*) as failures,
      count(*) != 0 as should_warn,
      count(*) != 0 as should_error
    from (
      
    
  
    
    



select sales_month
from `latihan-data-505310`.`olist_dataset`.`fct_monthly_sales`
where sales_month is null



  
  
      
    ) dbt_internal_test
[0m15:53:38.924663 [debug] [Thread-2 (]: Opening a new connection, currently in state closed
[0m15:53:38.990696 [info ] [Thread-3 (]: 2 of 25 PASS dbt_utils_accepted_range_stg_order_items_price__0 ................. [[32mPASS[0m in 3.97s]
[0m15:53:38.991965 [debug] [Thread-3 (]: Finished running node test.olist_dbt.dbt_utils_accepted_range_stg_order_items_price__0.662f69fffd
[0m15:53:38.992540 [debug] [Thread-3 (]: Began running node test.olist_dbt.not_null_stg_customers_customer_id.e2cfb1f9aa
[0m15:53:38.992881 [info ] [Thread-3 (]: 7 of 25 START test not_null_stg_customers_customer_id .......................... [RUN]
[0m15:53:38.993534 [debug] [Thread-3 (]: Re-using an available connection from the pool (formerly test.olist_dbt.dbt_utils_accepted_range_stg_order_items_price__0.662f69fffd, now test.olist_dbt.not_null_stg_customers_customer_id.e2cfb1f9aa)
[0m15:53:38.993867 [debug] [Thread-3 (]: Began compiling node test.olist_dbt.not_null_stg_customers_customer_id.e2cfb1f9aa
[0m15:53:39.001280 [debug] [Thread-3 (]: Writing injected SQL for node "test.olist_dbt.not_null_stg_customers_customer_id.e2cfb1f9aa"
[0m15:53:39.005099 [debug] [Thread-3 (]: Began executing node test.olist_dbt.not_null_stg_customers_customer_id.e2cfb1f9aa
[0m15:53:39.006710 [debug] [Thread-3 (]: Writing runtime sql for node "test.olist_dbt.not_null_stg_customers_customer_id.e2cfb1f9aa"
[0m15:53:39.009214 [debug] [Thread-3 (]: On test.olist_dbt.not_null_stg_customers_customer_id.e2cfb1f9aa: /* {"app": "dbt", "dbt_version": "1.12.4", "profile_name": "olist_dbt", "target_name": "dev", "node_id": "test.olist_dbt.not_null_stg_customers_customer_id.e2cfb1f9aa"} */

    
    select
      count(*) as failures,
      count(*) != 0 as should_warn,
      count(*) != 0 as should_error
    from (
      
    
  
    
    



select customer_id
from `latihan-data-505310`.`olist_dataset`.`stg_customers`
where customer_id is null



  
  
      
    ) dbt_internal_test
[0m15:53:39.009722 [debug] [Thread-3 (]: Opening a new connection, currently in state closed
[0m15:53:39.232843 [info ] [Thread-4 (]: 3 of 25 PASS dbt_utils_accepted_range_stg_order_reviews_score__5__1 ............ [[32mPASS[0m in 4.22s]
[0m15:53:39.234004 [debug] [Thread-4 (]: Finished running node test.olist_dbt.dbt_utils_accepted_range_stg_order_reviews_score__5__1.0745e2ae75
[0m15:53:39.234371 [debug] [Thread-4 (]: Began running node test.olist_dbt.not_null_stg_order_items_order_id.2063801f96
[0m15:53:39.234698 [info ] [Thread-4 (]: 8 of 25 START test not_null_stg_order_items_order_id ........................... [RUN]
[0m15:53:39.235225 [debug] [Thread-4 (]: Re-using an available connection from the pool (formerly test.olist_dbt.dbt_utils_accepted_range_stg_order_reviews_score__5__1.0745e2ae75, now test.olist_dbt.not_null_stg_order_items_order_id.2063801f96)
[0m15:53:39.235554 [debug] [Thread-4 (]: Began compiling node test.olist_dbt.not_null_stg_order_items_order_id.2063801f96
[0m15:53:39.241761 [debug] [Thread-4 (]: Writing injected SQL for node "test.olist_dbt.not_null_stg_order_items_order_id.2063801f96"
[0m15:53:39.243798 [debug] [Thread-4 (]: Began executing node test.olist_dbt.not_null_stg_order_items_order_id.2063801f96
[0m15:53:39.245444 [debug] [Thread-4 (]: Writing runtime sql for node "test.olist_dbt.not_null_stg_order_items_order_id.2063801f96"
[0m15:53:39.247461 [debug] [Thread-4 (]: On test.olist_dbt.not_null_stg_order_items_order_id.2063801f96: /* {"app": "dbt", "dbt_version": "1.12.4", "profile_name": "olist_dbt", "target_name": "dev", "node_id": "test.olist_dbt.not_null_stg_order_items_order_id.2063801f96"} */

    
    select
      count(*) as failures,
      count(*) != 0 as should_warn,
      count(*) != 0 as should_error
    from (
      
    
  
    
    



select order_id
from `latihan-data-505310`.`olist_dataset`.`stg_order_items`
where order_id is null



  
  
      
    ) dbt_internal_test
[0m15:53:39.247958 [debug] [Thread-4 (]: Opening a new connection, currently in state closed
[0m15:53:41.318608 [debug] [Thread-2 (]: BigQuery adapter: https://console.cloud.google.com/bigquery?project=latihan-data-505310&j=bq:US:92444e1b-6549-414d-9674-8518df3fb4af&page=queryresults
[0m15:53:41.404103 [debug] [Thread-4 (]: BigQuery adapter: https://console.cloud.google.com/bigquery?project=latihan-data-505310&j=bq:US:67b12390-70c1-4be9-a4ff-1ff2de51e23e&page=queryresults
[0m15:53:41.533460 [debug] [Thread-3 (]: BigQuery adapter: https://console.cloud.google.com/bigquery?project=latihan-data-505310&j=bq:US:7f6695da-4b75-4cb7-b217-352f24eb10b9&page=queryresults
[0m15:53:41.571623 [debug] [Thread-5 (]: BigQuery adapter: https://console.cloud.google.com/bigquery?project=latihan-data-505310&j=bq:US:773fcef9-bb88-4d53-aad4-bc5698af6eb1&page=queryresults
[0m15:53:41.717235 [debug] [Thread-2 (]: SQL status: OK in 0.397 seconds
[0m15:53:41.842856 [debug] [Thread-4 (]: SQL status: OK in 0.438 seconds
[0m15:53:41.930323 [debug] [Thread-3 (]: SQL status: OK in 0.395 seconds
[0m15:53:42.277553 [debug] [Thread-5 (]: SQL status: OK in 0.705 seconds
[0m15:53:42.586531 [info ] [Thread-2 (]: 5 of 25 PASS not_null_fct_monthly_sales_sales_month ............................ [[32mPASS[0m in 3.70s]
[0m15:53:42.587343 [debug] [Thread-2 (]: Finished running node test.olist_dbt.not_null_fct_monthly_sales_sales_month.bd67381e1f
[0m15:53:42.587712 [debug] [Thread-2 (]: Began running node test.olist_dbt.not_null_stg_order_items_price.ff3393f991
[0m15:53:42.588037 [info ] [Thread-2 (]: 9 of 25 START test not_null_stg_order_items_price .............................. [RUN]
[0m15:53:42.588559 [debug] [Thread-2 (]: Re-using an available connection from the pool (formerly test.olist_dbt.not_null_fct_monthly_sales_sales_month.bd67381e1f, now test.olist_dbt.not_null_stg_order_items_price.ff3393f991)
[0m15:53:42.588887 [debug] [Thread-2 (]: Began compiling node test.olist_dbt.not_null_stg_order_items_price.ff3393f991
[0m15:53:42.594597 [debug] [Thread-2 (]: Writing injected SQL for node "test.olist_dbt.not_null_stg_order_items_price.ff3393f991"
[0m15:53:42.595825 [debug] [Thread-2 (]: Began executing node test.olist_dbt.not_null_stg_order_items_price.ff3393f991
[0m15:53:42.597708 [debug] [Thread-2 (]: Writing runtime sql for node "test.olist_dbt.not_null_stg_order_items_price.ff3393f991"
[0m15:53:42.598929 [debug] [Thread-2 (]: On test.olist_dbt.not_null_stg_order_items_price.ff3393f991: /* {"app": "dbt", "dbt_version": "1.12.4", "profile_name": "olist_dbt", "target_name": "dev", "node_id": "test.olist_dbt.not_null_stg_order_items_price.ff3393f991"} */

    
    select
      count(*) as failures,
      count(*) != 0 as should_warn,
      count(*) != 0 as should_error
    from (
      
    
  
    
    



select price
from `latihan-data-505310`.`olist_dataset`.`stg_order_items`
where price is null



  
  
      
    ) dbt_internal_test
[0m15:53:42.599338 [debug] [Thread-2 (]: Opening a new connection, currently in state closed
[0m15:53:42.686898 [info ] [Thread-4 (]: 8 of 25 PASS not_null_stg_order_items_order_id ................................. [[32mPASS[0m in 3.45s]
[0m15:53:42.689074 [debug] [Thread-4 (]: Finished running node test.olist_dbt.not_null_stg_order_items_order_id.2063801f96
[0m15:53:42.689863 [debug] [Thread-4 (]: Began running node test.olist_dbt.not_null_stg_order_payments_order_id.de5ce0ffc7
[0m15:53:42.690899 [info ] [Thread-4 (]: 10 of 25 START test not_null_stg_order_payments_order_id ....................... [RUN]
[0m15:53:42.691542 [debug] [Thread-4 (]: Re-using an available connection from the pool (formerly test.olist_dbt.not_null_stg_order_items_order_id.2063801f96, now test.olist_dbt.not_null_stg_order_payments_order_id.de5ce0ffc7)
[0m15:53:42.691890 [debug] [Thread-4 (]: Began compiling node test.olist_dbt.not_null_stg_order_payments_order_id.de5ce0ffc7
[0m15:53:42.700316 [debug] [Thread-4 (]: Writing injected SQL for node "test.olist_dbt.not_null_stg_order_payments_order_id.de5ce0ffc7"
[0m15:53:42.703263 [debug] [Thread-4 (]: Began executing node test.olist_dbt.not_null_stg_order_payments_order_id.de5ce0ffc7
[0m15:53:42.705092 [debug] [Thread-4 (]: Writing runtime sql for node "test.olist_dbt.not_null_stg_order_payments_order_id.de5ce0ffc7"
[0m15:53:42.707428 [debug] [Thread-4 (]: On test.olist_dbt.not_null_stg_order_payments_order_id.de5ce0ffc7: /* {"app": "dbt", "dbt_version": "1.12.4", "profile_name": "olist_dbt", "target_name": "dev", "node_id": "test.olist_dbt.not_null_stg_order_payments_order_id.de5ce0ffc7"} */

    
    select
      count(*) as failures,
      count(*) != 0 as should_warn,
      count(*) != 0 as should_error
    from (
      
    
  
    
    



select order_id
from `latihan-data-505310`.`olist_dataset`.`stg_order_payments`
where order_id is null



  
  
      
    ) dbt_internal_test
[0m15:53:42.707890 [debug] [Thread-4 (]: Opening a new connection, currently in state closed
[0m15:53:42.787077 [info ] [Thread-3 (]: 7 of 25 PASS not_null_stg_customers_customer_id ................................ [[32mPASS[0m in 3.79s]
[0m15:53:42.790428 [debug] [Thread-3 (]: Finished running node test.olist_dbt.not_null_stg_customers_customer_id.e2cfb1f9aa
[0m15:53:42.792125 [debug] [Thread-3 (]: Began running node test.olist_dbt.not_null_stg_order_payments_payment_value.d2fb714004
[0m15:53:42.793462 [info ] [Thread-3 (]: 11 of 25 START test not_null_stg_order_payments_payment_value .................. [RUN]
[0m15:53:42.795239 [debug] [Thread-3 (]: Re-using an available connection from the pool (formerly test.olist_dbt.not_null_stg_customers_customer_id.e2cfb1f9aa, now test.olist_dbt.not_null_stg_order_payments_payment_value.d2fb714004)
[0m15:53:42.796519 [debug] [Thread-3 (]: Began compiling node test.olist_dbt.not_null_stg_order_payments_payment_value.d2fb714004
[0m15:53:42.809711 [debug] [Thread-3 (]: Writing injected SQL for node "test.olist_dbt.not_null_stg_order_payments_payment_value.d2fb714004"
[0m15:53:42.814938 [debug] [Thread-3 (]: Began executing node test.olist_dbt.not_null_stg_order_payments_payment_value.d2fb714004
[0m15:53:42.817976 [debug] [Thread-3 (]: Writing runtime sql for node "test.olist_dbt.not_null_stg_order_payments_payment_value.d2fb714004"
[0m15:53:42.820088 [debug] [Thread-3 (]: On test.olist_dbt.not_null_stg_order_payments_payment_value.d2fb714004: /* {"app": "dbt", "dbt_version": "1.12.4", "profile_name": "olist_dbt", "target_name": "dev", "node_id": "test.olist_dbt.not_null_stg_order_payments_payment_value.d2fb714004"} */

    
    select
      count(*) as failures,
      count(*) != 0 as should_warn,
      count(*) != 0 as should_error
    from (
      
    
  
    
    



select payment_value
from `latihan-data-505310`.`olist_dataset`.`stg_order_payments`
where payment_value is null



  
  
      
    ) dbt_internal_test
[0m15:53:42.820714 [debug] [Thread-3 (]: Opening a new connection, currently in state closed
[0m15:53:43.079291 [info ] [Thread-5 (]: 6 of 25 PASS not_null_fct_monthly_sales_total_revenue .......................... [[32mPASS[0m in 4.17s]
[0m15:53:43.081563 [debug] [Thread-5 (]: Finished running node test.olist_dbt.not_null_fct_monthly_sales_total_revenue.ae760bb071
[0m15:53:43.082757 [debug] [Thread-5 (]: Began running node test.olist_dbt.not_null_stg_order_reviews_review_id.9ed4569df1
[0m15:53:43.084026 [info ] [Thread-5 (]: 12 of 25 START test not_null_stg_order_reviews_review_id ....................... [RUN]
[0m15:53:43.085614 [debug] [Thread-5 (]: Re-using an available connection from the pool (formerly test.olist_dbt.not_null_fct_monthly_sales_total_revenue.ae760bb071, now test.olist_dbt.not_null_stg_order_reviews_review_id.9ed4569df1)
[0m15:53:43.086708 [debug] [Thread-5 (]: Began compiling node test.olist_dbt.not_null_stg_order_reviews_review_id.9ed4569df1
[0m15:53:43.100385 [debug] [Thread-5 (]: Writing injected SQL for node "test.olist_dbt.not_null_stg_order_reviews_review_id.9ed4569df1"
[0m15:53:43.104525 [debug] [Thread-5 (]: Began executing node test.olist_dbt.not_null_stg_order_reviews_review_id.9ed4569df1
[0m15:53:43.106784 [debug] [Thread-5 (]: Writing runtime sql for node "test.olist_dbt.not_null_stg_order_reviews_review_id.9ed4569df1"
[0m15:53:43.108830 [debug] [Thread-5 (]: On test.olist_dbt.not_null_stg_order_reviews_review_id.9ed4569df1: /* {"app": "dbt", "dbt_version": "1.12.4", "profile_name": "olist_dbt", "target_name": "dev", "node_id": "test.olist_dbt.not_null_stg_order_reviews_review_id.9ed4569df1"} */

    
    select
      count(*) as failures,
      count(*) != 0 as should_warn,
      count(*) != 0 as should_error
    from (
      
    
  
    
    



select review_id
from `latihan-data-505310`.`olist_dataset`.`stg_order_reviews`
where review_id is null



  
  
      
    ) dbt_internal_test
[0m15:53:43.109293 [debug] [Thread-5 (]: Opening a new connection, currently in state closed
[0m15:53:44.669608 [debug] [Thread-2 (]: BigQuery adapter: https://console.cloud.google.com/bigquery?project=latihan-data-505310&j=bq:US:ebdae278-0a95-434e-89fd-6b097cce1298&page=queryresults
[0m15:53:44.911011 [debug] [Thread-3 (]: BigQuery adapter: https://console.cloud.google.com/bigquery?project=latihan-data-505310&j=bq:US:42f9bfe5-c73a-4663-89b6-3abf4cf88077&page=queryresults
[0m15:53:44.914387 [debug] [Thread-4 (]: BigQuery adapter: https://console.cloud.google.com/bigquery?project=latihan-data-505310&j=bq:US:cd34f04c-93b0-43f7-a029-9c979e750a27&page=queryresults
[0m15:53:45.064385 [debug] [Thread-2 (]: SQL status: OK in 0.393 seconds
[0m15:53:45.224550 [debug] [Thread-5 (]: BigQuery adapter: https://console.cloud.google.com/bigquery?project=latihan-data-505310&j=bq:US:19fb1018-2a61-42b2-adb7-d80a1aacf221&page=queryresults
[0m15:53:45.347686 [debug] [Thread-4 (]: SQL status: OK in 0.432 seconds
[0m15:53:45.652315 [debug] [Thread-5 (]: SQL status: OK in 0.426 seconds
[0m15:53:45.764574 [debug] [Thread-3 (]: SQL status: OK in 0.852 seconds
[0m15:53:45.873184 [info ] [Thread-2 (]: 9 of 25 PASS not_null_stg_order_items_price .................................... [[32mPASS[0m in 3.28s]
[0m15:53:45.874232 [debug] [Thread-2 (]: Finished running node test.olist_dbt.not_null_stg_order_items_price.ff3393f991
[0m15:53:45.874746 [debug] [Thread-2 (]: Began running node test.olist_dbt.not_null_stg_orders_customer_id.af79d5e4b5
[0m15:53:45.875299 [info ] [Thread-2 (]: 13 of 25 START test not_null_stg_orders_customer_id ............................ [RUN]
[0m15:53:45.876011 [debug] [Thread-2 (]: Re-using an available connection from the pool (formerly test.olist_dbt.not_null_stg_order_items_price.ff3393f991, now test.olist_dbt.not_null_stg_orders_customer_id.af79d5e4b5)
[0m15:53:45.876474 [debug] [Thread-2 (]: Began compiling node test.olist_dbt.not_null_stg_orders_customer_id.af79d5e4b5
[0m15:53:45.887194 [debug] [Thread-2 (]: Writing injected SQL for node "test.olist_dbt.not_null_stg_orders_customer_id.af79d5e4b5"
[0m15:53:45.890602 [debug] [Thread-2 (]: Began executing node test.olist_dbt.not_null_stg_orders_customer_id.af79d5e4b5
[0m15:53:45.892355 [debug] [Thread-2 (]: Writing runtime sql for node "test.olist_dbt.not_null_stg_orders_customer_id.af79d5e4b5"
[0m15:53:45.894932 [debug] [Thread-2 (]: On test.olist_dbt.not_null_stg_orders_customer_id.af79d5e4b5: /* {"app": "dbt", "dbt_version": "1.12.4", "profile_name": "olist_dbt", "target_name": "dev", "node_id": "test.olist_dbt.not_null_stg_orders_customer_id.af79d5e4b5"} */

    
    select
      count(*) as failures,
      count(*) != 0 as should_warn,
      count(*) != 0 as should_error
    from (
      
    
  
    
    



select customer_id
from `latihan-data-505310`.`olist_dataset`.`stg_orders`
where customer_id is null



  
  
      
    ) dbt_internal_test
[0m15:53:45.895449 [debug] [Thread-2 (]: Opening a new connection, currently in state closed
[0m15:53:46.168975 [info ] [Thread-4 (]: 10 of 25 PASS not_null_stg_order_payments_order_id ............................. [[32mPASS[0m in 3.48s]
[0m15:53:46.169937 [debug] [Thread-4 (]: Finished running node test.olist_dbt.not_null_stg_order_payments_order_id.de5ce0ffc7
[0m15:53:46.170313 [debug] [Thread-4 (]: Began running node test.olist_dbt.not_null_stg_orders_order_id.81cfe2fe64
[0m15:53:46.170642 [info ] [Thread-4 (]: 14 of 25 START test not_null_stg_orders_order_id ............................... [RUN]
[0m15:53:46.171436 [debug] [Thread-4 (]: Re-using an available connection from the pool (formerly test.olist_dbt.not_null_stg_order_payments_order_id.de5ce0ffc7, now test.olist_dbt.not_null_stg_orders_order_id.81cfe2fe64)
[0m15:53:46.171780 [debug] [Thread-4 (]: Began compiling node test.olist_dbt.not_null_stg_orders_order_id.81cfe2fe64
[0m15:53:46.177437 [debug] [Thread-4 (]: Writing injected SQL for node "test.olist_dbt.not_null_stg_orders_order_id.81cfe2fe64"
[0m15:53:46.180707 [debug] [Thread-4 (]: Began executing node test.olist_dbt.not_null_stg_orders_order_id.81cfe2fe64
[0m15:53:46.182975 [debug] [Thread-4 (]: Writing runtime sql for node "test.olist_dbt.not_null_stg_orders_order_id.81cfe2fe64"
[0m15:53:46.186189 [debug] [Thread-4 (]: On test.olist_dbt.not_null_stg_orders_order_id.81cfe2fe64: /* {"app": "dbt", "dbt_version": "1.12.4", "profile_name": "olist_dbt", "target_name": "dev", "node_id": "test.olist_dbt.not_null_stg_orders_order_id.81cfe2fe64"} */

    
    select
      count(*) as failures,
      count(*) != 0 as should_warn,
      count(*) != 0 as should_error
    from (
      
    
  
    
    



select order_id
from `latihan-data-505310`.`olist_dataset`.`stg_orders`
where order_id is null



  
  
      
    ) dbt_internal_test
[0m15:53:46.186752 [debug] [Thread-4 (]: Opening a new connection, currently in state closed
[0m15:53:46.462476 [info ] [Thread-5 (]: 12 of 25 PASS not_null_stg_order_reviews_review_id ............................. [[32mPASS[0m in 3.38s]
[0m15:53:46.463470 [debug] [Thread-5 (]: Finished running node test.olist_dbt.not_null_stg_order_reviews_review_id.9ed4569df1
[0m15:53:46.463866 [debug] [Thread-5 (]: Began running node test.olist_dbt.not_null_stg_orders_purchased_at.c1efa3edc3
[0m15:53:46.464200 [info ] [Thread-5 (]: 15 of 25 START test not_null_stg_orders_purchased_at ........................... [RUN]
[0m15:53:46.464871 [debug] [Thread-5 (]: Re-using an available connection from the pool (formerly test.olist_dbt.not_null_stg_order_reviews_review_id.9ed4569df1, now test.olist_dbt.not_null_stg_orders_purchased_at.c1efa3edc3)
[0m15:53:46.465204 [debug] [Thread-5 (]: Began compiling node test.olist_dbt.not_null_stg_orders_purchased_at.c1efa3edc3
[0m15:53:46.472453 [debug] [Thread-5 (]: Writing injected SQL for node "test.olist_dbt.not_null_stg_orders_purchased_at.c1efa3edc3"
[0m15:53:46.475928 [debug] [Thread-5 (]: Began executing node test.olist_dbt.not_null_stg_orders_purchased_at.c1efa3edc3
[0m15:53:46.477562 [debug] [Thread-5 (]: Writing runtime sql for node "test.olist_dbt.not_null_stg_orders_purchased_at.c1efa3edc3"
[0m15:53:46.480069 [debug] [Thread-5 (]: On test.olist_dbt.not_null_stg_orders_purchased_at.c1efa3edc3: /* {"app": "dbt", "dbt_version": "1.12.4", "profile_name": "olist_dbt", "target_name": "dev", "node_id": "test.olist_dbt.not_null_stg_orders_purchased_at.c1efa3edc3"} */

    
    select
      count(*) as failures,
      count(*) != 0 as should_warn,
      count(*) != 0 as should_error
    from (
      
    
  
    
    



select purchased_at
from `latihan-data-505310`.`olist_dataset`.`stg_orders`
where purchased_at is null



  
  
      
    ) dbt_internal_test
[0m15:53:46.480722 [debug] [Thread-5 (]: Opening a new connection, currently in state closed
[0m15:53:46.516439 [info ] [Thread-3 (]: 11 of 25 PASS not_null_stg_order_payments_payment_value ........................ [[32mPASS[0m in 3.72s]
[0m15:53:46.517393 [debug] [Thread-3 (]: Finished running node test.olist_dbt.not_null_stg_order_payments_payment_value.d2fb714004
[0m15:53:46.517773 [debug] [Thread-3 (]: Began running node test.olist_dbt.not_null_stg_products_product_id.6373b0acf3
[0m15:53:46.518102 [info ] [Thread-3 (]: 16 of 25 START test not_null_stg_products_product_id ........................... [RUN]
[0m15:53:46.518853 [debug] [Thread-3 (]: Re-using an available connection from the pool (formerly test.olist_dbt.not_null_stg_order_payments_payment_value.d2fb714004, now test.olist_dbt.not_null_stg_products_product_id.6373b0acf3)
[0m15:53:46.519188 [debug] [Thread-3 (]: Began compiling node test.olist_dbt.not_null_stg_products_product_id.6373b0acf3
[0m15:53:46.524874 [debug] [Thread-3 (]: Writing injected SQL for node "test.olist_dbt.not_null_stg_products_product_id.6373b0acf3"
[0m15:53:46.527372 [debug] [Thread-3 (]: Began executing node test.olist_dbt.not_null_stg_products_product_id.6373b0acf3
[0m15:53:46.528973 [debug] [Thread-3 (]: Writing runtime sql for node "test.olist_dbt.not_null_stg_products_product_id.6373b0acf3"
[0m15:53:46.531317 [debug] [Thread-3 (]: On test.olist_dbt.not_null_stg_products_product_id.6373b0acf3: /* {"app": "dbt", "dbt_version": "1.12.4", "profile_name": "olist_dbt", "target_name": "dev", "node_id": "test.olist_dbt.not_null_stg_products_product_id.6373b0acf3"} */

    
    select
      count(*) as failures,
      count(*) != 0 as should_warn,
      count(*) != 0 as should_error
    from (
      
    
  
    
    



select product_id
from `latihan-data-505310`.`olist_dataset`.`stg_products`
where product_id is null



  
  
      
    ) dbt_internal_test
[0m15:53:46.531855 [debug] [Thread-3 (]: Opening a new connection, currently in state closed
[0m15:53:48.135904 [debug] [Thread-2 (]: BigQuery adapter: https://console.cloud.google.com/bigquery?project=latihan-data-505310&j=bq:US:358ce71f-45df-4f96-8905-90ed11e52992&page=queryresults
[0m15:53:48.273036 [debug] [Thread-4 (]: BigQuery adapter: https://console.cloud.google.com/bigquery?project=latihan-data-505310&j=bq:US:68b38186-f4f3-4751-bbe2-9aa3f4ce0b46&page=queryresults
[0m15:53:48.519451 [debug] [Thread-5 (]: BigQuery adapter: https://console.cloud.google.com/bigquery?project=latihan-data-505310&j=bq:US:1a61c886-7996-4ef1-8e88-247ad5a719dc&page=queryresults
[0m15:53:48.570525 [debug] [Thread-2 (]: SQL status: OK in 0.433 seconds
[0m15:53:48.673894 [debug] [Thread-4 (]: SQL status: OK in 0.399 seconds
[0m15:53:48.681136 [debug] [Thread-3 (]: BigQuery adapter: https://console.cloud.google.com/bigquery?project=latihan-data-505310&j=bq:US:f2a1b97f-ff85-43af-84ef-e8293165856d&page=queryresults
[0m15:53:48.892344 [debug] [Thread-5 (]: SQL status: OK in 0.372 seconds
[0m15:53:49.082246 [debug] [Thread-3 (]: SQL status: OK in 0.401 seconds
[0m15:53:49.409668 [info ] [Thread-2 (]: 13 of 25 PASS not_null_stg_orders_customer_id .................................. [[32mPASS[0m in 3.53s]
[0m15:53:49.410476 [debug] [Thread-2 (]: Finished running node test.olist_dbt.not_null_stg_orders_customer_id.af79d5e4b5
[0m15:53:49.410842 [debug] [Thread-2 (]: Began running node test.olist_dbt.source_not_null_olist_raw_olist_orders_dataset_order_id.0e0a607639
[0m15:53:49.411170 [info ] [Thread-2 (]: 17 of 25 START test source_not_null_olist_raw_olist_orders_dataset_order_id .... [RUN]
[0m15:53:49.411691 [debug] [Thread-2 (]: Re-using an available connection from the pool (formerly test.olist_dbt.not_null_stg_orders_customer_id.af79d5e4b5, now test.olist_dbt.source_not_null_olist_raw_olist_orders_dataset_order_id.0e0a607639)
[0m15:53:49.412023 [debug] [Thread-2 (]: Began compiling node test.olist_dbt.source_not_null_olist_raw_olist_orders_dataset_order_id.0e0a607639
[0m15:53:49.417923 [debug] [Thread-2 (]: Writing injected SQL for node "test.olist_dbt.source_not_null_olist_raw_olist_orders_dataset_order_id.0e0a607639"
[0m15:53:49.422779 [debug] [Thread-2 (]: Began executing node test.olist_dbt.source_not_null_olist_raw_olist_orders_dataset_order_id.0e0a607639
[0m15:53:49.425764 [debug] [Thread-2 (]: Writing runtime sql for node "test.olist_dbt.source_not_null_olist_raw_olist_orders_dataset_order_id.0e0a607639"
[0m15:53:49.432275 [info ] [Thread-4 (]: 14 of 25 PASS not_null_stg_orders_order_id ..................................... [[32mPASS[0m in 3.26s]
[0m15:53:49.435405 [debug] [Thread-4 (]: Finished running node test.olist_dbt.not_null_stg_orders_order_id.81cfe2fe64
[0m15:53:49.435833 [debug] [Thread-4 (]: Began running node test.olist_dbt.source_unique_olist_raw_olist_orders_dataset_order_id.ccf0c8c1b6
[0m15:53:49.436296 [info ] [Thread-4 (]: 18 of 25 START test source_unique_olist_raw_olist_orders_dataset_order_id ...... [RUN]
[0m15:53:49.437035 [debug] [Thread-4 (]: Re-using an available connection from the pool (formerly test.olist_dbt.not_null_stg_orders_order_id.81cfe2fe64, now test.olist_dbt.source_unique_olist_raw_olist_orders_dataset_order_id.ccf0c8c1b6)
[0m15:53:49.437428 [debug] [Thread-4 (]: Began compiling node test.olist_dbt.source_unique_olist_raw_olist_orders_dataset_order_id.ccf0c8c1b6
[0m15:53:49.445169 [debug] [Thread-4 (]: Writing injected SQL for node "test.olist_dbt.source_unique_olist_raw_olist_orders_dataset_order_id.ccf0c8c1b6"
[0m15:53:49.445610 [debug] [Thread-2 (]: On test.olist_dbt.source_not_null_olist_raw_olist_orders_dataset_order_id.0e0a607639: /* {"app": "dbt", "dbt_version": "1.12.4", "profile_name": "olist_dbt", "target_name": "dev", "node_id": "test.olist_dbt.source_not_null_olist_raw_olist_orders_dataset_order_id.0e0a607639"} */

    
    select
      count(*) as failures,
      count(*) != 0 as should_warn,
      count(*) != 0 as should_error
    from (
      
    
  
    
    



select order_id
from `latihan-data-505310`.`olist_raw`.`olist_orders_dataset`
where order_id is null



  
  
      
    ) dbt_internal_test
[0m15:53:49.446125 [debug] [Thread-2 (]: Opening a new connection, currently in state closed
[0m15:53:49.479982 [debug] [Thread-4 (]: Began executing node test.olist_dbt.source_unique_olist_raw_olist_orders_dataset_order_id.ccf0c8c1b6
[0m15:53:49.482825 [debug] [Thread-4 (]: Writing runtime sql for node "test.olist_dbt.source_unique_olist_raw_olist_orders_dataset_order_id.ccf0c8c1b6"
[0m15:53:49.486937 [debug] [Thread-4 (]: On test.olist_dbt.source_unique_olist_raw_olist_orders_dataset_order_id.ccf0c8c1b6: /* {"app": "dbt", "dbt_version": "1.12.4", "profile_name": "olist_dbt", "target_name": "dev", "node_id": "test.olist_dbt.source_unique_olist_raw_olist_orders_dataset_order_id.ccf0c8c1b6"} */

    
    select
      count(*) as failures,
      count(*) != 0 as should_warn,
      count(*) != 0 as should_error
    from (
      
    
  
    
    

with dbt_test__target as (

  select order_id as unique_field
  from `latihan-data-505310`.`olist_raw`.`olist_orders_dataset`
  where order_id is not null

)

select
    unique_field,
    count(*) as n_records

from dbt_test__target
group by unique_field
having count(*) > 1



  
  
      
    ) dbt_internal_test
[0m15:53:49.487454 [debug] [Thread-4 (]: Opening a new connection, currently in state closed
[0m15:53:49.789714 [info ] [Thread-5 (]: 15 of 25 PASS not_null_stg_orders_purchased_at ................................. [[32mPASS[0m in 3.32s]
[0m15:53:49.790519 [debug] [Thread-5 (]: Finished running node test.olist_dbt.not_null_stg_orders_purchased_at.c1efa3edc3
[0m15:53:49.790879 [debug] [Thread-5 (]: Began running node test.olist_dbt.unique_dim_customers_customer_id.15c9f1e2fd
[0m15:53:49.791204 [info ] [Thread-5 (]: 19 of 25 START test unique_dim_customers_customer_id ........................... [RUN]
[0m15:53:49.791718 [debug] [Thread-5 (]: Re-using an available connection from the pool (formerly test.olist_dbt.not_null_stg_orders_purchased_at.c1efa3edc3, now test.olist_dbt.unique_dim_customers_customer_id.15c9f1e2fd)
[0m15:53:49.792047 [debug] [Thread-5 (]: Began compiling node test.olist_dbt.unique_dim_customers_customer_id.15c9f1e2fd
[0m15:53:49.798870 [debug] [Thread-5 (]: Writing injected SQL for node "test.olist_dbt.unique_dim_customers_customer_id.15c9f1e2fd"
[0m15:53:49.801160 [debug] [Thread-5 (]: Began executing node test.olist_dbt.unique_dim_customers_customer_id.15c9f1e2fd
[0m15:53:49.802703 [debug] [Thread-5 (]: Writing runtime sql for node "test.olist_dbt.unique_dim_customers_customer_id.15c9f1e2fd"
[0m15:53:49.804675 [debug] [Thread-5 (]: On test.olist_dbt.unique_dim_customers_customer_id.15c9f1e2fd: /* {"app": "dbt", "dbt_version": "1.12.4", "profile_name": "olist_dbt", "target_name": "dev", "node_id": "test.olist_dbt.unique_dim_customers_customer_id.15c9f1e2fd"} */

    
    select
      count(*) as failures,
      count(*) != 0 as should_warn,
      count(*) != 0 as should_error
    from (
      
    
  
    
    

with dbt_test__target as (

  select customer_id as unique_field
  from `latihan-data-505310`.`olist_dataset`.`dim_customers`
  where customer_id is not null

)

select
    unique_field,
    count(*) as n_records

from dbt_test__target
group by unique_field
having count(*) > 1



  
  
      
    ) dbt_internal_test
[0m15:53:49.805168 [debug] [Thread-5 (]: Opening a new connection, currently in state closed
[0m15:53:49.840529 [info ] [Thread-3 (]: 16 of 25 PASS not_null_stg_products_product_id ................................. [[32mPASS[0m in 3.32s]
[0m15:53:49.841481 [debug] [Thread-3 (]: Finished running node test.olist_dbt.not_null_stg_products_product_id.6373b0acf3
[0m15:53:49.841852 [debug] [Thread-3 (]: Began running node test.olist_dbt.unique_fct_monthly_sales_sales_month.4c5ee187eb
[0m15:53:49.842181 [info ] [Thread-3 (]: 20 of 25 START test unique_fct_monthly_sales_sales_month ....................... [RUN]
[0m15:53:49.842984 [debug] [Thread-3 (]: Re-using an available connection from the pool (formerly test.olist_dbt.not_null_stg_products_product_id.6373b0acf3, now test.olist_dbt.unique_fct_monthly_sales_sales_month.4c5ee187eb)
[0m15:53:49.843316 [debug] [Thread-3 (]: Began compiling node test.olist_dbt.unique_fct_monthly_sales_sales_month.4c5ee187eb
[0m15:53:49.850127 [debug] [Thread-3 (]: Writing injected SQL for node "test.olist_dbt.unique_fct_monthly_sales_sales_month.4c5ee187eb"
[0m15:53:49.851714 [debug] [Thread-3 (]: Began executing node test.olist_dbt.unique_fct_monthly_sales_sales_month.4c5ee187eb
[0m15:53:49.853524 [debug] [Thread-3 (]: Writing runtime sql for node "test.olist_dbt.unique_fct_monthly_sales_sales_month.4c5ee187eb"
[0m15:53:49.856003 [debug] [Thread-3 (]: On test.olist_dbt.unique_fct_monthly_sales_sales_month.4c5ee187eb: /* {"app": "dbt", "dbt_version": "1.12.4", "profile_name": "olist_dbt", "target_name": "dev", "node_id": "test.olist_dbt.unique_fct_monthly_sales_sales_month.4c5ee187eb"} */

    
    select
      count(*) as failures,
      count(*) != 0 as should_warn,
      count(*) != 0 as should_error
    from (
      
    
  
    
    

with dbt_test__target as (

  select sales_month as unique_field
  from `latihan-data-505310`.`olist_dataset`.`fct_monthly_sales`
  where sales_month is not null

)

select
    unique_field,
    count(*) as n_records

from dbt_test__target
group by unique_field
having count(*) > 1



  
  
      
    ) dbt_internal_test
[0m15:53:49.856472 [debug] [Thread-3 (]: Opening a new connection, currently in state closed
[0m15:53:51.455905 [debug] [Thread-2 (]: BigQuery adapter: https://console.cloud.google.com/bigquery?project=latihan-data-505310&j=bq:US:d7b07bb6-d5a9-442b-a20c-9ced28e0b02f&page=queryresults
[0m15:53:51.569644 [debug] [Thread-4 (]: BigQuery adapter: https://console.cloud.google.com/bigquery?project=latihan-data-505310&j=bq:US:2299a875-2ca0-45af-8afe-f87844d1b3b3&page=queryresults
[0m15:53:51.816267 [debug] [Thread-2 (]: SQL status: OK in 0.360 seconds
[0m15:53:51.957961 [debug] [Thread-4 (]: SQL status: OK in 0.388 seconds
[0m15:53:52.078748 [debug] [Thread-5 (]: BigQuery adapter: https://console.cloud.google.com/bigquery?project=latihan-data-505310&j=bq:US:f1d7c92a-a14a-4ffa-82e9-e51c0a8cf64a&page=queryresults
[0m15:53:52.312646 [debug] [Thread-3 (]: BigQuery adapter: https://console.cloud.google.com/bigquery?project=latihan-data-505310&j=bq:US:c62167cd-c46b-4e56-bc09-1c68171f02b9&page=queryresults
[0m15:53:52.572053 [debug] [Thread-5 (]: SQL status: OK in 0.493 seconds
[0m15:53:52.652533 [info ] [Thread-2 (]: 17 of 25 PASS source_not_null_olist_raw_olist_orders_dataset_order_id .......... [[32mPASS[0m in 3.24s]
[0m15:53:52.655742 [debug] [Thread-2 (]: Finished running node test.olist_dbt.source_not_null_olist_raw_olist_orders_dataset_order_id.0e0a607639
[0m15:53:52.657695 [debug] [Thread-2 (]: Began running node test.olist_dbt.unique_stg_customers_customer_id.c7614daada
[0m15:53:52.659764 [info ] [Thread-2 (]: 21 of 25 START test unique_stg_customers_customer_id ........................... [RUN]
[0m15:53:52.661787 [debug] [Thread-2 (]: Re-using an available connection from the pool (formerly test.olist_dbt.source_not_null_olist_raw_olist_orders_dataset_order_id.0e0a607639, now test.olist_dbt.unique_stg_customers_customer_id.c7614daada)
[0m15:53:52.662973 [debug] [Thread-2 (]: Began compiling node test.olist_dbt.unique_stg_customers_customer_id.c7614daada
[0m15:53:52.676964 [debug] [Thread-2 (]: Writing injected SQL for node "test.olist_dbt.unique_stg_customers_customer_id.c7614daada"
[0m15:53:52.680370 [debug] [Thread-2 (]: Began executing node test.olist_dbt.unique_stg_customers_customer_id.c7614daada
[0m15:53:52.685506 [debug] [Thread-2 (]: Writing runtime sql for node "test.olist_dbt.unique_stg_customers_customer_id.c7614daada"
[0m15:53:52.687291 [debug] [Thread-2 (]: On test.olist_dbt.unique_stg_customers_customer_id.c7614daada: /* {"app": "dbt", "dbt_version": "1.12.4", "profile_name": "olist_dbt", "target_name": "dev", "node_id": "test.olist_dbt.unique_stg_customers_customer_id.c7614daada"} */

    
    select
      count(*) as failures,
      count(*) != 0 as should_warn,
      count(*) != 0 as should_error
    from (
      
    
  
    
    

with dbt_test__target as (

  select customer_id as unique_field
  from `latihan-data-505310`.`olist_dataset`.`stg_customers`
  where customer_id is not null

)

select
    unique_field,
    count(*) as n_records

from dbt_test__target
group by unique_field
having count(*) > 1



  
  
      
    ) dbt_internal_test
[0m15:53:52.687853 [debug] [Thread-2 (]: Opening a new connection, currently in state closed
[0m15:53:52.723886 [debug] [Thread-3 (]: SQL status: OK in 0.411 seconds
[0m15:53:52.768711 [info ] [Thread-4 (]: 18 of 25 PASS source_unique_olist_raw_olist_orders_dataset_order_id ............ [[32mPASS[0m in 3.33s]
[0m15:53:52.770246 [debug] [Thread-4 (]: Finished running node test.olist_dbt.source_unique_olist_raw_olist_orders_dataset_order_id.ccf0c8c1b6
[0m15:53:52.771372 [debug] [Thread-4 (]: Began running node test.olist_dbt.unique_stg_customers_customer_unique_id.cb125a52c4
[0m15:53:52.771878 [info ] [Thread-4 (]: 22 of 25 START test unique_stg_customers_customer_unique_id .................... [RUN]
[0m15:53:52.772852 [debug] [Thread-4 (]: Re-using an available connection from the pool (formerly test.olist_dbt.source_unique_olist_raw_olist_orders_dataset_order_id.ccf0c8c1b6, now test.olist_dbt.unique_stg_customers_customer_unique_id.cb125a52c4)
[0m15:53:52.773418 [debug] [Thread-4 (]: Began compiling node test.olist_dbt.unique_stg_customers_customer_unique_id.cb125a52c4
[0m15:53:52.782437 [debug] [Thread-4 (]: Writing injected SQL for node "test.olist_dbt.unique_stg_customers_customer_unique_id.cb125a52c4"
[0m15:53:52.786896 [debug] [Thread-4 (]: Began executing node test.olist_dbt.unique_stg_customers_customer_unique_id.cb125a52c4
[0m15:53:52.790341 [debug] [Thread-4 (]: Writing runtime sql for node "test.olist_dbt.unique_stg_customers_customer_unique_id.cb125a52c4"
[0m15:53:52.792801 [debug] [Thread-4 (]: On test.olist_dbt.unique_stg_customers_customer_unique_id.cb125a52c4: /* {"app": "dbt", "dbt_version": "1.12.4", "profile_name": "olist_dbt", "target_name": "dev", "node_id": "test.olist_dbt.unique_stg_customers_customer_unique_id.cb125a52c4"} */

    
    select
      count(*) as failures,
      count(*) != 0 as should_warn,
      count(*) != 0 as should_error
    from (
      
    
  
    
    

with dbt_test__target as (

  select customer_unique_id as unique_field
  from `latihan-data-505310`.`olist_dataset`.`stg_customers`
  where customer_unique_id is not null

)

select
    unique_field,
    count(*) as n_records

from dbt_test__target
group by unique_field
having count(*) > 1



  
  
      
    ) dbt_internal_test
[0m15:53:52.793867 [debug] [Thread-4 (]: Opening a new connection, currently in state closed
[0m15:53:53.361223 [info ] [Thread-5 (]: 19 of 25 PASS unique_dim_customers_customer_id ................................. [[32mPASS[0m in 3.57s]
[0m15:53:53.372171 [debug] [Thread-5 (]: Finished running node test.olist_dbt.unique_dim_customers_customer_id.15c9f1e2fd
[0m15:53:53.373251 [debug] [Thread-5 (]: Began running node test.olist_dbt.unique_stg_order_reviews_review_id.c8b7ae444d
[0m15:53:53.374303 [info ] [Thread-5 (]: 23 of 25 START test unique_stg_order_reviews_review_id ......................... [RUN]
[0m15:53:53.381351 [debug] [Thread-5 (]: Re-using an available connection from the pool (formerly test.olist_dbt.unique_dim_customers_customer_id.15c9f1e2fd, now test.olist_dbt.unique_stg_order_reviews_review_id.c8b7ae444d)
[0m15:53:53.382483 [debug] [Thread-5 (]: Began compiling node test.olist_dbt.unique_stg_order_reviews_review_id.c8b7ae444d
[0m15:53:53.399435 [debug] [Thread-5 (]: Writing injected SQL for node "test.olist_dbt.unique_stg_order_reviews_review_id.c8b7ae444d"
[0m15:53:53.406720 [debug] [Thread-5 (]: Began executing node test.olist_dbt.unique_stg_order_reviews_review_id.c8b7ae444d
[0m15:53:53.414964 [debug] [Thread-5 (]: Writing runtime sql for node "test.olist_dbt.unique_stg_order_reviews_review_id.c8b7ae444d"
[0m15:53:53.460825 [debug] [Thread-5 (]: On test.olist_dbt.unique_stg_order_reviews_review_id.c8b7ae444d: /* {"app": "dbt", "dbt_version": "1.12.4", "profile_name": "olist_dbt", "target_name": "dev", "node_id": "test.olist_dbt.unique_stg_order_reviews_review_id.c8b7ae444d"} */

    
    select
      count(*) as failures,
      count(*) != 0 as should_warn,
      count(*) != 0 as should_error
    from (
      
    
  
    
    

with dbt_test__target as (

  select review_id as unique_field
  from `latihan-data-505310`.`olist_dataset`.`stg_order_reviews`
  where review_id is not null

)

select
    unique_field,
    count(*) as n_records

from dbt_test__target
group by unique_field
having count(*) > 1



  
  
      
    ) dbt_internal_test
[0m15:53:53.461797 [debug] [Thread-5 (]: Opening a new connection, currently in state closed
[0m15:53:53.556794 [info ] [Thread-3 (]: 20 of 25 PASS unique_fct_monthly_sales_sales_month ............................. [[32mPASS[0m in 3.71s]
[0m15:53:53.557611 [debug] [Thread-3 (]: Finished running node test.olist_dbt.unique_fct_monthly_sales_sales_month.4c5ee187eb
[0m15:53:53.558019 [debug] [Thread-3 (]: Began running node test.olist_dbt.unique_stg_orders_order_id.e3b841c71a
[0m15:53:53.558530 [info ] [Thread-3 (]: 24 of 25 START test unique_stg_orders_order_id ................................. [RUN]
[0m15:53:53.559233 [debug] [Thread-3 (]: Re-using an available connection from the pool (formerly test.olist_dbt.unique_fct_monthly_sales_sales_month.4c5ee187eb, now test.olist_dbt.unique_stg_orders_order_id.e3b841c71a)
[0m15:53:53.559683 [debug] [Thread-3 (]: Began compiling node test.olist_dbt.unique_stg_orders_order_id.e3b841c71a
[0m15:53:53.571097 [debug] [Thread-3 (]: Writing injected SQL for node "test.olist_dbt.unique_stg_orders_order_id.e3b841c71a"
[0m15:53:53.572629 [debug] [Thread-3 (]: Began executing node test.olist_dbt.unique_stg_orders_order_id.e3b841c71a
[0m15:53:53.574186 [debug] [Thread-3 (]: Writing runtime sql for node "test.olist_dbt.unique_stg_orders_order_id.e3b841c71a"
[0m15:53:53.575428 [debug] [Thread-3 (]: On test.olist_dbt.unique_stg_orders_order_id.e3b841c71a: /* {"app": "dbt", "dbt_version": "1.12.4", "profile_name": "olist_dbt", "target_name": "dev", "node_id": "test.olist_dbt.unique_stg_orders_order_id.e3b841c71a"} */

    
    select
      count(*) as failures,
      count(*) != 0 as should_warn,
      count(*) != 0 as should_error
    from (
      
    
  
    
    

with dbt_test__target as (

  select order_id as unique_field
  from `latihan-data-505310`.`olist_dataset`.`stg_orders`
  where order_id is not null

)

select
    unique_field,
    count(*) as n_records

from dbt_test__target
group by unique_field
having count(*) > 1



  
  
      
    ) dbt_internal_test
[0m15:53:53.575858 [debug] [Thread-3 (]: Opening a new connection, currently in state closed
[0m15:53:54.819672 [debug] [Thread-2 (]: BigQuery adapter: https://console.cloud.google.com/bigquery?project=latihan-data-505310&j=bq:US:8ca8820a-a541-4f17-9ebb-0e202251b7ad&page=queryresults
[0m15:53:54.875311 [debug] [Thread-4 (]: BigQuery adapter: https://console.cloud.google.com/bigquery?project=latihan-data-505310&j=bq:US:4d059f33-c467-49a3-afb4-796dfa2b8e7e&page=queryresults
[0m15:53:55.246965 [debug] [Thread-2 (]: SQL status: OK in 0.426 seconds
[0m15:53:55.268157 [debug] [Thread-4 (]: SQL status: OK in 0.392 seconds
[0m15:53:55.595912 [debug] [Thread-5 (]: BigQuery adapter: https://console.cloud.google.com/bigquery?project=latihan-data-505310&j=bq:US:26d8184b-1e2c-4f9a-93ba-6a0a81ff2883&page=queryresults
[0m15:53:55.722774 [debug] [Thread-3 (]: BigQuery adapter: https://console.cloud.google.com/bigquery?project=latihan-data-505310&j=bq:US:402d8dda-de62-43b7-a1e0-a5b20a61a0d2&page=queryresults
[0m15:53:56.002971 [error] [Thread-4 (]: 22 of 25 FAIL 2997 unique_stg_customers_customer_unique_id ..................... [[31mFAIL 2997[0m in 3.23s]
[0m15:53:56.003823 [debug] [Thread-4 (]: Finished running node test.olist_dbt.unique_stg_customers_customer_unique_id.cb125a52c4
[0m15:53:56.004192 [debug] [Thread-4 (]: Began running node test.olist_dbt.unique_stg_products_product_id.7d950a1467
[0m15:53:56.004521 [info ] [Thread-4 (]: 25 of 25 START test unique_stg_products_product_id ............................. [RUN]
[0m15:53:56.005039 [debug] [Thread-4 (]: Re-using an available connection from the pool (formerly test.olist_dbt.unique_stg_customers_customer_unique_id.cb125a52c4, now test.olist_dbt.unique_stg_products_product_id.7d950a1467)
[0m15:53:56.005370 [debug] [Thread-4 (]: Began compiling node test.olist_dbt.unique_stg_products_product_id.7d950a1467
[0m15:53:56.011853 [debug] [Thread-4 (]: Writing injected SQL for node "test.olist_dbt.unique_stg_products_product_id.7d950a1467"
[0m15:53:56.014486 [debug] [Thread-4 (]: Began executing node test.olist_dbt.unique_stg_products_product_id.7d950a1467
[0m15:53:56.016379 [debug] [Thread-4 (]: Writing runtime sql for node "test.olist_dbt.unique_stg_products_product_id.7d950a1467"
[0m15:53:56.019651 [debug] [Thread-4 (]: On test.olist_dbt.unique_stg_products_product_id.7d950a1467: /* {"app": "dbt", "dbt_version": "1.12.4", "profile_name": "olist_dbt", "target_name": "dev", "node_id": "test.olist_dbt.unique_stg_products_product_id.7d950a1467"} */

    
    select
      count(*) as failures,
      count(*) != 0 as should_warn,
      count(*) != 0 as should_error
    from (
      
    
  
    
    

with dbt_test__target as (

  select product_id as unique_field
  from `latihan-data-505310`.`olist_dataset`.`stg_products`
  where product_id is not null

)

select
    unique_field,
    count(*) as n_records

from dbt_test__target
group by unique_field
having count(*) > 1



  
  
      
    ) dbt_internal_test
[0m15:53:56.020643 [debug] [Thread-4 (]: Opening a new connection, currently in state closed
[0m15:53:56.054474 [debug] [Thread-5 (]: SQL status: OK in 0.458 seconds
[0m15:53:56.056965 [info ] [Thread-2 (]: 21 of 25 PASS unique_stg_customers_customer_id ................................. [[32mPASS[0m in 3.40s]
[0m15:53:56.058065 [debug] [Thread-2 (]: Finished running node test.olist_dbt.unique_stg_customers_customer_id.c7614daada
[0m15:53:56.069151 [debug] [Thread-3 (]: SQL status: OK in 0.345 seconds
[0m15:53:56.865558 [info ] [Thread-3 (]: 24 of 25 PASS unique_stg_orders_order_id ....................................... [[32mPASS[0m in 3.31s]
[0m15:53:56.866409 [debug] [Thread-3 (]: Finished running node test.olist_dbt.unique_stg_orders_order_id.e3b841c71a
[0m15:53:56.870648 [error] [Thread-5 (]: 23 of 25 FAIL 789 unique_stg_order_reviews_review_id ........................... [[31mFAIL 789[0m in 3.49s]
[0m15:53:56.871651 [debug] [Thread-5 (]: Finished running node test.olist_dbt.unique_stg_order_reviews_review_id.c8b7ae444d
[0m15:53:58.070704 [debug] [Thread-4 (]: BigQuery adapter: https://console.cloud.google.com/bigquery?project=latihan-data-505310&j=bq:US:7d5e652b-6f53-49f6-b9a6-f4736d41726a&page=queryresults
[0m15:53:58.457109 [debug] [Thread-4 (]: SQL status: OK in 0.386 seconds
[0m15:53:59.514479 [info ] [Thread-4 (]: 25 of 25 PASS unique_stg_products_product_id ................................... [[32mPASS[0m in 3.51s]
[0m15:53:59.515420 [debug] [Thread-4 (]: Finished running node test.olist_dbt.unique_stg_products_product_id.7d950a1467
[0m15:53:59.520914 [debug] [MainThread]: Opening a new connection, currently in state closed
[0m15:53:59.553806 [debug] [MainThread]: Connection 'master' was properly closed.
[0m15:53:59.554144 [debug] [MainThread]: Connection 'list_latihan-data-505310_olist_dataset' was properly closed.
[0m15:53:59.554402 [debug] [MainThread]: Connection 'test.olist_dbt.unique_stg_customers_customer_id.c7614daada' was properly closed.
[0m15:53:59.554651 [debug] [MainThread]: Connection 'test.olist_dbt.unique_stg_products_product_id.7d950a1467' was properly closed.
[0m15:53:59.554896 [debug] [MainThread]: Connection 'test.olist_dbt.unique_stg_orders_order_id.e3b841c71a' was properly closed.
[0m15:53:59.555141 [debug] [MainThread]: Connection 'test.olist_dbt.unique_stg_order_reviews_review_id.c8b7ae444d' was properly closed.
[0m15:53:59.555447 [info ] [MainThread]: 
[0m15:53:59.555899 [info ] [MainThread]: Finished running 25 data tests in 0 hours 0 minutes and 26.93 seconds (26.93s).
[0m15:53:59.560189 [debug] [MainThread]: Command end result
[0m15:53:59.634055 [debug] [MainThread]: Wrote artifact WritableManifest to C:\Users\USER\analytics-portofolio\olist_dbt\target\manifest.json
[0m15:53:59.638595 [debug] [MainThread]: Wrote artifact SemanticManifest to C:\Users\USER\analytics-portofolio\olist_dbt\target\semantic_manifest.json
[0m15:53:59.642788 [debug] [MainThread]: Wrote artifact OsiDocument to C:\Users\USER\analytics-portofolio\olist_dbt\target\osi_document.json
[0m15:53:59.653322 [debug] [MainThread]: Wrote artifact RunExecutionResult to C:\Users\USER\analytics-portofolio\olist_dbt\target\run_results.json
[0m15:53:59.653678 [info ] [MainThread]: 
[0m15:53:59.654153 [info ] [MainThread]: [31mCompleted with 2 errors, 0 partial successes, and 0 warnings:[0m
[0m15:53:59.654572 [info ] [MainThread]: 
[0m15:53:59.655057 [error] [MainThread]: [[31mERROR[0m]: in test unique_stg_customers_customer_unique_id (models\schema.yml)
[0m15:53:59.655523 [error] [MainThread]:   Got 2997 results, configured to fail if != 0
[0m15:53:59.655921 [info ] [MainThread]: 
[0m15:53:59.656385 [info ] [MainThread]:   compiled code at target\compiled\olist_dbt\models\schema.yml\unique_stg_customers_customer_unique_id.sql
[0m15:53:59.656794 [info ] [MainThread]: 
[0m15:53:59.657265 [error] [MainThread]: [[31mERROR[0m]: in test unique_stg_order_reviews_review_id (models\schema.yml)
[0m15:53:59.657726 [error] [MainThread]:   Got 789 results, configured to fail if != 0
[0m15:53:59.658118 [info ] [MainThread]: 
[0m15:53:59.658579 [info ] [MainThread]:   compiled code at target\compiled\olist_dbt\models\schema.yml\unique_stg_order_reviews_review_id.sql
[0m15:53:59.659158 [info ] [MainThread]: 
[0m15:53:59.659828 [info ] [MainThread]: Done. PASS=23 WARN=0 ERROR=2 SKIP=0 NO-OP=0 REUSED=0 TOTAL=25
[0m15:53:59.660966 [warn ] [MainThread]: [[33mWARNING[0m][DeprecationsSummary]: Deprecated functionality
Summary of encountered deprecations:
- MissingArgumentsPropertyInGenericTestDeprecation: 3 occurrences
To see all deprecation instances instead of just the first occurrence of each,
run command again with the `--show-all-deprecations` flag. You may also need to
run with `--no-partial-parse` as some deprecations are only encountered during
parsing.
[0m15:53:59.664525 [debug] [MainThread]: Command `dbt test` failed at 15:53:59.663965 after 32.59 seconds
[0m15:53:59.666111 [debug] [MainThread]: Sending event: {'category': 'dbt', 'action': 'invocation', 'label': 'end', 'context': [<snowplow_tracker.self_describing_json.SelfDescribingJson object at 0x000001EF3124B610>, <snowplow_tracker.self_describing_json.SelfDescribingJson object at 0x000001EF32703EC0>, <snowplow_tracker.self_describing_json.SelfDescribingJson object at 0x000001EF1B40EDD0>]}
[0m15:53:59.667130 [debug] [MainThread]: Flushing usage events
[0m15:54:00.841908 [debug] [MainThread]: An error was encountered while trying to flush usage events
[0m15:57:23.040634 [debug] [MainThread]: Sending event: {'category': 'dbt', 'action': 'invocation', 'label': 'start', 'context': [<snowplow_tracker.self_describing_json.SelfDescribingJson object at 0x000001C556C4A7B0>, <snowplow_tracker.self_describing_json.SelfDescribingJson object at 0x000001C554804E10>, <snowplow_tracker.self_describing_json.SelfDescribingJson object at 0x000001C55962B9D0>]}


============================== 15:57:23.048418 | e4e00a6e-af99-4405-89cf-e2d1950b8d23 ==============================
[0m15:57:23.048418 [info ] [MainThread]: Running with dbt=1.12.4
[0m15:57:23.049328 [debug] [MainThread]: running dbt with arguments {'maximum_seed_size_mib': '1', 'no_print': 'None', 'static_parser': 'True', 'warn_error_options': 'WarnErrorOptionsV2(error=[], warn=[], silence=[])', 'version_check': 'True', 'target_path': 'None', 'printer_width': '80', 'write_json': 'True', 'empty': 'None', 'log_cache_events': 'False', 'introspect': 'True', 'cache_selected_only': 'False', 'fail_fast': 'False', 'debug': 'False', 'log_format': 'default', 'partial_parse': 'True', 'send_anonymous_usage_stats': 'True', 'quiet': 'False', 'warn_error': 'None', 'profiles_dir': 'C:\\Users\\USER\\.dbt', 'indirect_selection': 'eager', 'hints_enabled': 'True', 'invocation_command': 'dbt test', 'use_experimental_parser': 'False', 'use_colors': 'True', 'log_path': 'C:\\Users\\USER\\analytics-portofolio\\olist_dbt\\logs'}
[0m15:57:24.838060 [debug] [MainThread]: Sending event: {'category': 'dbt', 'action': 'project_id', 'label': 'e4e00a6e-af99-4405-89cf-e2d1950b8d23', 'context': [<snowplow_tracker.self_describing_json.SelfDescribingJson object at 0x000001C56B452190>]}
[0m15:57:24.904325 [debug] [MainThread]: Sending event: {'category': 'dbt', 'action': 'adapter_info', 'label': 'e4e00a6e-af99-4405-89cf-e2d1950b8d23', 'context': [<snowplow_tracker.self_describing_json.SelfDescribingJson object at 0x000001C557854C00>]}
[0m15:57:24.905184 [info ] [MainThread]: Registered adapter: bigquery=1.12.0
[0m15:57:25.536976 [debug] [MainThread]: checksum: 3326a0a5e08c0e49abdf21ef4bcbbe25e27dc0caf425e068257066cc97e24815, vars: {}, profile: olist_dbt, target: dev, version: 1.12.4
[0m15:57:25.844495 [debug] [MainThread]: Partial parsing enabled: 0 files deleted, 0 files added, 1 files changed.
[0m15:57:25.845481 [debug] [MainThread]: Partial parsing: updated file: olist_dbt://models\schema.yml
[0m15:57:26.379490 [warn ] [MainThread]: [[33mWARNING[0m][MissingArgumentsPropertyInGenericTestDeprecation]: Deprecated
functionality
Found top-level arguments to test `dbt_utils.accepted_range` defined on
'stg_order_reviews' in package 'olist_dbt' (models\schema.yml). Arguments to
generic tests should be nested under the `arguments` property.
[0m15:57:26.380216 [debug] [MainThread]: Sending event: {'category': 'dbt', 'action': 'deprecation', 'label': 'e4e00a6e-af99-4405-89cf-e2d1950b8d23', 'property_': 'warn', 'context': [<snowplow_tracker.self_describing_json.SelfDescribingJson object at 0x000001C56B43E150>]}
[0m15:57:26.485466 [debug] [MainThread]: Sending event: {'category': 'dbt', 'action': 'load_project', 'label': 'e4e00a6e-af99-4405-89cf-e2d1950b8d23', 'context': [<snowplow_tracker.self_describing_json.SelfDescribingJson object at 0x000001C56CE81040>]}
[0m15:57:26.608820 [debug] [MainThread]: Wrote artifact WritableManifest to C:\Users\USER\analytics-portofolio\olist_dbt\target\manifest.json
[0m15:57:26.614748 [debug] [MainThread]: Wrote artifact SemanticManifest to C:\Users\USER\analytics-portofolio\olist_dbt\target\semantic_manifest.json
[0m15:57:26.652635 [debug] [MainThread]: Wrote artifact OsiDocument to C:\Users\USER\analytics-portofolio\olist_dbt\target\osi_document.json
[0m15:57:26.690011 [debug] [MainThread]: Sending event: {'category': 'dbt', 'action': 'resource_counts', 'label': 'e4e00a6e-af99-4405-89cf-e2d1950b8d23', 'context': [<snowplow_tracker.self_describing_json.SelfDescribingJson object at 0x000001C56D088E50>]}
[0m15:57:26.690461 [info ] [MainThread]: Found 9 models, 24 data tests, 6 sources, 677 macros
[0m15:57:26.690939 [debug] [MainThread]: Sending event: {'category': 'dbt', 'action': 'runnable_timing', 'label': 'e4e00a6e-af99-4405-89cf-e2d1950b8d23', 'context': [<snowplow_tracker.self_describing_json.SelfDescribingJson object at 0x000001C56D0DD710>]}
[0m15:57:26.693932 [info ] [MainThread]: 
[0m15:57:26.694382 [info ] [MainThread]: Concurrency: 4 threads (target='dev')
[0m15:57:26.694779 [info ] [MainThread]: 
[0m15:57:26.695361 [debug] [MainThread]: Acquiring new bigquery connection 'master'
[0m15:57:26.700804 [debug] [ThreadPool]: Acquiring new bigquery connection 'list_latihan-data-505310_olist_dataset'
[0m15:57:26.701500 [debug] [ThreadPool]: Opening a new connection, currently in state init
[0m15:57:29.050718 [debug] [MainThread]: Sending event: {'category': 'dbt', 'action': 'runnable_timing', 'label': 'e4e00a6e-af99-4405-89cf-e2d1950b8d23', 'context': [<snowplow_tracker.self_describing_json.SelfDescribingJson object at 0x000001C56D05F650>]}
[0m15:57:29.051172 [debug] [MainThread]: Opening a new connection, currently in state init
[0m15:57:29.089829 [debug] [Thread-2 (]: Began running node test.olist_dbt.accepted_values_stg_orders_order_status__delivered__shipped__invoiced__processing__canceled__unavailable__created__approved.58d928e90d
[0m15:57:29.091339 [debug] [Thread-3 (]: Began running node test.olist_dbt.dbt_utils_accepted_range_stg_order_items_price__0.662f69fffd
[0m15:57:29.090998 [info ] [Thread-2 (]: 1 of 24 START test accepted_values_stg_orders_order_status__delivered__shipped__invoiced__processing__canceled__unavailable__created__approved  [RUN]
[0m15:57:29.090254 [debug] [Thread-5 (]: Began running node test.olist_dbt.not_null_dim_customers_customer_id.dd91cd1c8d
[0m15:57:29.092325 [debug] [Thread-2 (]: Acquiring new bigquery connection 'test.olist_dbt.accepted_values_stg_orders_order_status__delivered__shipped__invoiced__processing__canceled__unavailable__created__approved.58d928e90d'
[0m15:57:29.090623 [debug] [Thread-4 (]: Began running node test.olist_dbt.dbt_utils_accepted_range_stg_order_reviews_score__5__1.0745e2ae75
[0m15:57:29.092832 [info ] [Thread-5 (]: 4 of 24 START test not_null_dim_customers_customer_id .......................... [RUN]
[0m15:57:29.094479 [debug] [Thread-5 (]: Acquiring new bigquery connection 'test.olist_dbt.not_null_dim_customers_customer_id.dd91cd1c8d'
[0m15:57:29.091692 [info ] [Thread-3 (]: 2 of 24 START test dbt_utils_accepted_range_stg_order_items_price__0 ........... [RUN]
[0m15:57:29.095406 [debug] [Thread-3 (]: Acquiring new bigquery connection 'test.olist_dbt.dbt_utils_accepted_range_stg_order_items_price__0.662f69fffd'
[0m15:57:29.095725 [debug] [Thread-3 (]: Began compiling node test.olist_dbt.dbt_utils_accepted_range_stg_order_items_price__0.662f69fffd
[0m15:57:29.093328 [debug] [Thread-2 (]: Began compiling node test.olist_dbt.accepted_values_stg_orders_order_status__delivered__shipped__invoiced__processing__canceled__unavailable__created__approved.58d928e90d
[0m15:57:29.094928 [debug] [Thread-5 (]: Began compiling node test.olist_dbt.not_null_dim_customers_customer_id.dd91cd1c8d
[0m15:57:29.093871 [info ] [Thread-4 (]: 3 of 24 START test dbt_utils_accepted_range_stg_order_reviews_score__5__1 ...... [RUN]
[0m15:57:29.107980 [debug] [Thread-3 (]: Writing injected SQL for node "test.olist_dbt.dbt_utils_accepted_range_stg_order_items_price__0.662f69fffd"
[0m15:57:29.155319 [debug] [Thread-5 (]: Writing injected SQL for node "test.olist_dbt.not_null_dim_customers_customer_id.dd91cd1c8d"
[0m15:57:29.155811 [debug] [Thread-2 (]: Writing injected SQL for node "test.olist_dbt.accepted_values_stg_orders_order_status__delivered__shipped__invoiced__processing__canceled__unavailable__created__approved.58d928e90d"
[0m15:57:29.156365 [debug] [Thread-4 (]: Acquiring new bigquery connection 'test.olist_dbt.dbt_utils_accepted_range_stg_order_reviews_score__5__1.0745e2ae75'
[0m15:57:29.157345 [debug] [Thread-4 (]: Began compiling node test.olist_dbt.dbt_utils_accepted_range_stg_order_reviews_score__5__1.0745e2ae75
[0m15:57:29.163726 [debug] [Thread-4 (]: Writing injected SQL for node "test.olist_dbt.dbt_utils_accepted_range_stg_order_reviews_score__5__1.0745e2ae75"
[0m15:57:29.164703 [debug] [Thread-2 (]: Began executing node test.olist_dbt.accepted_values_stg_orders_order_status__delivered__shipped__invoiced__processing__canceled__unavailable__created__approved.58d928e90d
[0m15:57:29.180846 [debug] [Thread-3 (]: Began executing node test.olist_dbt.dbt_utils_accepted_range_stg_order_items_price__0.662f69fffd
[0m15:57:29.186972 [debug] [Thread-3 (]: Writing runtime sql for node "test.olist_dbt.dbt_utils_accepted_range_stg_order_items_price__0.662f69fffd"
[0m15:57:29.165151 [debug] [Thread-5 (]: Began executing node test.olist_dbt.not_null_dim_customers_customer_id.dd91cd1c8d
[0m15:57:29.185358 [debug] [Thread-2 (]: Writing runtime sql for node "test.olist_dbt.accepted_values_stg_orders_order_status__delivered__shipped__invoiced__processing__canceled__unavailable__created__approved.58d928e90d"
[0m15:57:29.187557 [debug] [Thread-4 (]: Began executing node test.olist_dbt.dbt_utils_accepted_range_stg_order_reviews_score__5__1.0745e2ae75
[0m15:57:29.193319 [debug] [Thread-4 (]: Writing runtime sql for node "test.olist_dbt.dbt_utils_accepted_range_stg_order_reviews_score__5__1.0745e2ae75"
[0m15:57:29.189012 [debug] [Thread-5 (]: Writing runtime sql for node "test.olist_dbt.not_null_dim_customers_customer_id.dd91cd1c8d"
[0m15:57:29.193843 [debug] [Thread-3 (]: On test.olist_dbt.dbt_utils_accepted_range_stg_order_items_price__0.662f69fffd: /* {"app": "dbt", "dbt_version": "1.12.4", "profile_name": "olist_dbt", "target_name": "dev", "node_id": "test.olist_dbt.dbt_utils_accepted_range_stg_order_items_price__0.662f69fffd"} */

    
    select
      count(*) as failures,
      count(*) != 0 as should_warn,
      count(*) != 0 as should_error
    from (
      
    
  

with meet_condition as(
  select *
  from `latihan-data-505310`.`olist_dataset`.`stg_order_items`
),

validation_errors as (
  select *
  from meet_condition
  where
    -- never true, defaults to an empty result set. Exists to ensure any combo of the `or` clauses below succeeds
    1 = 2
    -- records with a value >= min_value are permitted. The `not` flips this to find records that don't meet the rule.
    or not price >= 0
)

select *
from validation_errors


  
  
      
    ) dbt_internal_test
[0m15:57:29.194815 [debug] [Thread-3 (]: Opening a new connection, currently in state init
[0m15:57:29.195610 [debug] [Thread-2 (]: On test.olist_dbt.accepted_values_stg_orders_order_status__delivered__shipped__invoiced__processing__canceled__unavailable__created__approved.58d928e90d: /* {"app": "dbt", "dbt_version": "1.12.4", "profile_name": "olist_dbt", "target_name": "dev", "node_id": "test.olist_dbt.accepted_values_stg_orders_order_status__delivered__shipped__invoiced__processing__canceled__unavailable__created__approved.58d928e90d"} */

    
    select
      count(*) as failures,
      count(*) != 0 as should_warn,
      count(*) != 0 as should_error
    from (
      
    
  
    
    

with all_values as (

    select
        order_status as value_field,
        count(*) as n_records

    from `latihan-data-505310`.`olist_dataset`.`stg_orders`
    group by order_status

)

select *
from all_values
where value_field not in (
    'delivered','shipped','invoiced','processing','canceled','unavailable','created','approved'
)



  
  
      
    ) dbt_internal_test
[0m15:57:29.196256 [debug] [Thread-2 (]: Opening a new connection, currently in state init
[0m15:57:29.196956 [debug] [Thread-5 (]: On test.olist_dbt.not_null_dim_customers_customer_id.dd91cd1c8d: /* {"app": "dbt", "dbt_version": "1.12.4", "profile_name": "olist_dbt", "target_name": "dev", "node_id": "test.olist_dbt.not_null_dim_customers_customer_id.dd91cd1c8d"} */

    
    select
      count(*) as failures,
      count(*) != 0 as should_warn,
      count(*) != 0 as should_error
    from (
      
    
  
    
    



select customer_id
from `latihan-data-505310`.`olist_dataset`.`dim_customers`
where customer_id is null



  
  
      
    ) dbt_internal_test
[0m15:57:29.226905 [debug] [Thread-5 (]: Opening a new connection, currently in state init
[0m15:57:29.258122 [debug] [Thread-4 (]: On test.olist_dbt.dbt_utils_accepted_range_stg_order_reviews_score__5__1.0745e2ae75: /* {"app": "dbt", "dbt_version": "1.12.4", "profile_name": "olist_dbt", "target_name": "dev", "node_id": "test.olist_dbt.dbt_utils_accepted_range_stg_order_reviews_score__5__1.0745e2ae75"} */

    
    select
      count(*) as failures,
      count(*) != 0 as should_warn,
      count(*) != 0 as should_error
    from (
      
    
  

with meet_condition as(
  select *
  from `latihan-data-505310`.`olist_dataset`.`stg_order_reviews`
),

validation_errors as (
  select *
  from meet_condition
  where
    -- never true, defaults to an empty result set. Exists to ensure any combo of the `or` clauses below succeeds
    1 = 2
    -- records with a value >= min_value are permitted. The `not` flips this to find records that don't meet the rule.
    or not score >= 1
    -- records with a value <= max_value are permitted. The `not` flips this to find records that don't meet the rule.
    or not score <= 5
)

select *
from validation_errors


  
  
      
    ) dbt_internal_test
[0m15:57:29.288609 [debug] [Thread-4 (]: Opening a new connection, currently in state init
[0m15:57:31.350399 [debug] [Thread-2 (]: BigQuery adapter: https://console.cloud.google.com/bigquery?project=latihan-data-505310&j=bq:US:b41142de-7c43-4807-a43f-5b3d4c7a68f7&page=queryresults
[0m15:57:31.386913 [debug] [Thread-5 (]: BigQuery adapter: https://console.cloud.google.com/bigquery?project=latihan-data-505310&j=bq:US:246c65e4-2099-4217-aa6c-593312096c2a&page=queryresults
[0m15:57:31.390185 [debug] [Thread-4 (]: BigQuery adapter: https://console.cloud.google.com/bigquery?project=latihan-data-505310&j=bq:US:07543fa3-28fb-4b32-a17f-0f623b1fb113&page=queryresults
[0m15:57:31.398582 [debug] [Thread-3 (]: BigQuery adapter: https://console.cloud.google.com/bigquery?project=latihan-data-505310&j=bq:US:e37943c8-76c9-43e6-8146-f63f98c30477&page=queryresults
[0m15:57:31.787675 [debug] [Thread-2 (]: SQL status: OK in 0.436 seconds
[0m15:57:31.790805 [debug] [Thread-4 (]: SQL status: OK in 0.399 seconds
[0m15:57:31.907722 [debug] [Thread-5 (]: SQL status: OK in 0.520 seconds
[0m15:57:31.909523 [debug] [Thread-3 (]: SQL status: OK in 0.510 seconds
[0m15:57:32.842596 [info ] [Thread-4 (]: 3 of 24 PASS dbt_utils_accepted_range_stg_order_reviews_score__5__1 ............ [[32mPASS[0m in 3.69s]
[0m15:57:32.845454 [debug] [Thread-4 (]: Finished running node test.olist_dbt.dbt_utils_accepted_range_stg_order_reviews_score__5__1.0745e2ae75
[0m15:57:32.847848 [debug] [Thread-4 (]: Began running node test.olist_dbt.not_null_fct_monthly_sales_sales_month.bd67381e1f
[0m15:57:32.850119 [info ] [Thread-4 (]: 5 of 24 START test not_null_fct_monthly_sales_sales_month ...................... [RUN]
[0m15:57:32.852479 [debug] [Thread-4 (]: Re-using an available connection from the pool (formerly test.olist_dbt.dbt_utils_accepted_range_stg_order_reviews_score__5__1.0745e2ae75, now test.olist_dbt.not_null_fct_monthly_sales_sales_month.bd67381e1f)
[0m15:57:32.853917 [debug] [Thread-4 (]: Began compiling node test.olist_dbt.not_null_fct_monthly_sales_sales_month.bd67381e1f
[0m15:57:32.862331 [debug] [Thread-4 (]: Writing injected SQL for node "test.olist_dbt.not_null_fct_monthly_sales_sales_month.bd67381e1f"
[0m15:57:32.851410 [info ] [Thread-3 (]: 2 of 24 PASS dbt_utils_accepted_range_stg_order_items_price__0 ................. [[32mPASS[0m in 3.76s]
[0m15:57:32.864834 [debug] [Thread-3 (]: Finished running node test.olist_dbt.dbt_utils_accepted_range_stg_order_items_price__0.662f69fffd
[0m15:57:32.867063 [debug] [Thread-3 (]: Began running node test.olist_dbt.not_null_fct_monthly_sales_total_revenue.ae760bb071
[0m15:57:32.868723 [info ] [Thread-3 (]: 6 of 24 START test not_null_fct_monthly_sales_total_revenue .................... [RUN]
[0m15:57:32.873112 [debug] [Thread-3 (]: Re-using an available connection from the pool (formerly test.olist_dbt.dbt_utils_accepted_range_stg_order_items_price__0.662f69fffd, now test.olist_dbt.not_null_fct_monthly_sales_total_revenue.ae760bb071)
[0m15:57:32.871459 [info ] [Thread-2 (]: 1 of 24 PASS accepted_values_stg_orders_order_status__delivered__shipped__invoiced__processing__canceled__unavailable__created__approved  [[32mPASS[0m in 3.78s]
[0m15:57:32.873936 [debug] [Thread-4 (]: Began executing node test.olist_dbt.not_null_fct_monthly_sales_sales_month.bd67381e1f
[0m15:57:32.878010 [debug] [Thread-4 (]: Writing runtime sql for node "test.olist_dbt.not_null_fct_monthly_sales_sales_month.bd67381e1f"
[0m15:57:32.875205 [info ] [Thread-5 (]: 4 of 24 PASS not_null_dim_customers_customer_id ................................ [[32mPASS[0m in 3.78s]
[0m15:57:32.876405 [debug] [Thread-2 (]: Finished running node test.olist_dbt.accepted_values_stg_orders_order_status__delivered__shipped__invoiced__processing__canceled__unavailable__created__approved.58d928e90d
[0m15:57:32.875532 [debug] [Thread-3 (]: Began compiling node test.olist_dbt.not_null_fct_monthly_sales_total_revenue.ae760bb071
[0m15:57:32.887290 [debug] [Thread-3 (]: Writing injected SQL for node "test.olist_dbt.not_null_fct_monthly_sales_total_revenue.ae760bb071"
[0m15:57:32.879188 [debug] [Thread-2 (]: Began running node test.olist_dbt.not_null_stg_customers_customer_id.e2cfb1f9aa
[0m15:57:32.878698 [debug] [Thread-5 (]: Finished running node test.olist_dbt.not_null_dim_customers_customer_id.dd91cd1c8d
[0m15:57:32.888487 [debug] [Thread-5 (]: Began running node test.olist_dbt.not_null_stg_customers_customer_unique_id.7144461cba
[0m15:57:32.887937 [info ] [Thread-2 (]: 7 of 24 START test not_null_stg_customers_customer_id .......................... [RUN]
[0m15:57:32.889651 [debug] [Thread-2 (]: Re-using an available connection from the pool (formerly test.olist_dbt.accepted_values_stg_orders_order_status__delivered__shipped__invoiced__processing__canceled__unavailable__created__approved.58d928e90d, now test.olist_dbt.not_null_stg_customers_customer_id.e2cfb1f9aa)
[0m15:57:32.889984 [debug] [Thread-2 (]: Began compiling node test.olist_dbt.not_null_stg_customers_customer_id.e2cfb1f9aa
[0m15:57:32.896424 [debug] [Thread-2 (]: Writing injected SQL for node "test.olist_dbt.not_null_stg_customers_customer_id.e2cfb1f9aa"
[0m15:57:32.888998 [info ] [Thread-5 (]: 8 of 24 START test not_null_stg_customers_customer_unique_id ................... [RUN]
[0m15:57:32.897650 [debug] [Thread-3 (]: Began executing node test.olist_dbt.not_null_fct_monthly_sales_total_revenue.ae760bb071
[0m15:57:32.898943 [debug] [Thread-4 (]: On test.olist_dbt.not_null_fct_monthly_sales_sales_month.bd67381e1f: /* {"app": "dbt", "dbt_version": "1.12.4", "profile_name": "olist_dbt", "target_name": "dev", "node_id": "test.olist_dbt.not_null_fct_monthly_sales_sales_month.bd67381e1f"} */

    
    select
      count(*) as failures,
      count(*) != 0 as should_warn,
      count(*) != 0 as should_error
    from (
      
    
  
    
    



select sales_month
from `latihan-data-505310`.`olist_dataset`.`fct_monthly_sales`
where sales_month is null



  
  
      
    ) dbt_internal_test
[0m15:57:32.900703 [debug] [Thread-5 (]: Re-using an available connection from the pool (formerly test.olist_dbt.not_null_dim_customers_customer_id.dd91cd1c8d, now test.olist_dbt.not_null_stg_customers_customer_unique_id.7144461cba)
[0m15:57:32.903519 [debug] [Thread-5 (]: Began compiling node test.olist_dbt.not_null_stg_customers_customer_unique_id.7144461cba
[0m15:57:32.909576 [debug] [Thread-5 (]: Writing injected SQL for node "test.olist_dbt.not_null_stg_customers_customer_unique_id.7144461cba"
[0m15:57:32.902546 [debug] [Thread-3 (]: Writing runtime sql for node "test.olist_dbt.not_null_fct_monthly_sales_total_revenue.ae760bb071"
[0m15:57:32.903069 [debug] [Thread-4 (]: Opening a new connection, currently in state closed
[0m15:57:32.910674 [debug] [Thread-2 (]: Began executing node test.olist_dbt.not_null_stg_customers_customer_id.e2cfb1f9aa
[0m15:57:32.912514 [debug] [Thread-2 (]: Writing runtime sql for node "test.olist_dbt.not_null_stg_customers_customer_id.e2cfb1f9aa"
[0m15:57:32.945938 [debug] [Thread-5 (]: Began executing node test.olist_dbt.not_null_stg_customers_customer_unique_id.7144461cba
[0m15:57:32.948892 [debug] [Thread-3 (]: On test.olist_dbt.not_null_fct_monthly_sales_total_revenue.ae760bb071: /* {"app": "dbt", "dbt_version": "1.12.4", "profile_name": "olist_dbt", "target_name": "dev", "node_id": "test.olist_dbt.not_null_fct_monthly_sales_total_revenue.ae760bb071"} */

    
    select
      count(*) as failures,
      count(*) != 0 as should_warn,
      count(*) != 0 as should_error
    from (
      
    
  
    
    



select total_revenue
from `latihan-data-505310`.`olist_dataset`.`fct_monthly_sales`
where total_revenue is null



  
  
      
    ) dbt_internal_test
[0m15:57:32.951986 [debug] [Thread-3 (]: Opening a new connection, currently in state closed
[0m15:57:32.950521 [debug] [Thread-5 (]: Writing runtime sql for node "test.olist_dbt.not_null_stg_customers_customer_unique_id.7144461cba"
[0m15:57:32.952774 [debug] [Thread-2 (]: On test.olist_dbt.not_null_stg_customers_customer_id.e2cfb1f9aa: /* {"app": "dbt", "dbt_version": "1.12.4", "profile_name": "olist_dbt", "target_name": "dev", "node_id": "test.olist_dbt.not_null_stg_customers_customer_id.e2cfb1f9aa"} */

    
    select
      count(*) as failures,
      count(*) != 0 as should_warn,
      count(*) != 0 as should_error
    from (
      
    
  
    
    



select customer_id
from `latihan-data-505310`.`olist_dataset`.`stg_customers`
where customer_id is null



  
  
      
    ) dbt_internal_test
[0m15:57:32.953208 [debug] [Thread-2 (]: Opening a new connection, currently in state closed
[0m15:57:33.016537 [debug] [Thread-5 (]: On test.olist_dbt.not_null_stg_customers_customer_unique_id.7144461cba: /* {"app": "dbt", "dbt_version": "1.12.4", "profile_name": "olist_dbt", "target_name": "dev", "node_id": "test.olist_dbt.not_null_stg_customers_customer_unique_id.7144461cba"} */

    
    select
      count(*) as failures,
      count(*) != 0 as should_warn,
      count(*) != 0 as should_error
    from (
      
    
  
    
    



select customer_unique_id
from `latihan-data-505310`.`olist_dataset`.`stg_customers`
where customer_unique_id is null



  
  
      
    ) dbt_internal_test
[0m15:57:33.016986 [debug] [Thread-5 (]: Opening a new connection, currently in state closed
[0m15:57:35.041132 [debug] [Thread-2 (]: BigQuery adapter: https://console.cloud.google.com/bigquery?project=latihan-data-505310&j=bq:US:c3404c0d-1e96-4b7e-a721-e407da3d19ff&page=queryresults
[0m15:57:35.066144 [debug] [Thread-3 (]: BigQuery adapter: https://console.cloud.google.com/bigquery?project=latihan-data-505310&j=bq:US:20aff4b2-854b-4918-a4ca-e4e2bd4e1b72&page=queryresults
[0m15:57:35.072138 [debug] [Thread-4 (]: BigQuery adapter: https://console.cloud.google.com/bigquery?project=latihan-data-505310&j=bq:US:22c7e213-6188-40c8-947f-35af91a35b51&page=queryresults
[0m15:57:35.095173 [debug] [Thread-5 (]: BigQuery adapter: https://console.cloud.google.com/bigquery?project=latihan-data-505310&j=bq:US:ae5d2019-9fcd-43f3-bd7c-996c422a7cf4&page=queryresults
[0m15:57:35.401048 [debug] [Thread-2 (]: SQL status: OK in 0.358 seconds
[0m15:57:35.458304 [debug] [Thread-4 (]: SQL status: OK in 0.386 seconds
[0m15:57:35.483018 [debug] [Thread-5 (]: SQL status: OK in 0.387 seconds
[0m15:57:35.486010 [debug] [Thread-3 (]: SQL status: OK in 0.419 seconds
[0m15:57:36.134466 [info ] [Thread-2 (]: 7 of 24 PASS not_null_stg_customers_customer_id ................................ [[32mPASS[0m in 3.24s]
[0m15:57:36.135237 [debug] [Thread-2 (]: Finished running node test.olist_dbt.not_null_stg_customers_customer_id.e2cfb1f9aa
[0m15:57:36.135604 [debug] [Thread-2 (]: Began running node test.olist_dbt.not_null_stg_order_items_order_id.2063801f96
[0m15:57:36.135931 [info ] [Thread-2 (]: 9 of 24 START test not_null_stg_order_items_order_id ........................... [RUN]
[0m15:57:36.136525 [debug] [Thread-2 (]: Re-using an available connection from the pool (formerly test.olist_dbt.not_null_stg_customers_customer_id.e2cfb1f9aa, now test.olist_dbt.not_null_stg_order_items_order_id.2063801f96)
[0m15:57:36.136894 [debug] [Thread-2 (]: Began compiling node test.olist_dbt.not_null_stg_order_items_order_id.2063801f96
[0m15:57:36.144055 [debug] [Thread-2 (]: Writing injected SQL for node "test.olist_dbt.not_null_stg_order_items_order_id.2063801f96"
[0m15:57:36.146418 [debug] [Thread-2 (]: Began executing node test.olist_dbt.not_null_stg_order_items_order_id.2063801f96
[0m15:57:36.149917 [debug] [Thread-2 (]: Writing runtime sql for node "test.olist_dbt.not_null_stg_order_items_order_id.2063801f96"
[0m15:57:36.151725 [debug] [Thread-2 (]: On test.olist_dbt.not_null_stg_order_items_order_id.2063801f96: /* {"app": "dbt", "dbt_version": "1.12.4", "profile_name": "olist_dbt", "target_name": "dev", "node_id": "test.olist_dbt.not_null_stg_order_items_order_id.2063801f96"} */

    
    select
      count(*) as failures,
      count(*) != 0 as should_warn,
      count(*) != 0 as should_error
    from (
      
    
  
    
    



select order_id
from `latihan-data-505310`.`olist_dataset`.`stg_order_items`
where order_id is null



  
  
      
    ) dbt_internal_test
[0m15:57:36.152156 [debug] [Thread-2 (]: Opening a new connection, currently in state closed
[0m15:57:36.215235 [info ] [Thread-3 (]: 6 of 24 PASS not_null_fct_monthly_sales_total_revenue .......................... [[32mPASS[0m in 3.34s]
[0m15:57:36.216021 [debug] [Thread-3 (]: Finished running node test.olist_dbt.not_null_fct_monthly_sales_total_revenue.ae760bb071
[0m15:57:36.216385 [debug] [Thread-3 (]: Began running node test.olist_dbt.not_null_stg_order_items_price.ff3393f991
[0m15:57:36.216708 [info ] [Thread-3 (]: 10 of 24 START test not_null_stg_order_items_price ............................. [RUN]
[0m15:57:36.217245 [debug] [Thread-3 (]: Re-using an available connection from the pool (formerly test.olist_dbt.not_null_fct_monthly_sales_total_revenue.ae760bb071, now test.olist_dbt.not_null_stg_order_items_price.ff3393f991)
[0m15:57:36.217572 [debug] [Thread-3 (]: Began compiling node test.olist_dbt.not_null_stg_order_items_price.ff3393f991
[0m15:57:36.223245 [debug] [Thread-3 (]: Writing injected SQL for node "test.olist_dbt.not_null_stg_order_items_price.ff3393f991"
[0m15:57:36.224770 [debug] [Thread-3 (]: Began executing node test.olist_dbt.not_null_stg_order_items_price.ff3393f991
[0m15:57:36.226228 [debug] [Thread-3 (]: Writing runtime sql for node "test.olist_dbt.not_null_stg_order_items_price.ff3393f991"
[0m15:57:36.227196 [debug] [Thread-3 (]: On test.olist_dbt.not_null_stg_order_items_price.ff3393f991: /* {"app": "dbt", "dbt_version": "1.12.4", "profile_name": "olist_dbt", "target_name": "dev", "node_id": "test.olist_dbt.not_null_stg_order_items_price.ff3393f991"} */

    
    select
      count(*) as failures,
      count(*) != 0 as should_warn,
      count(*) != 0 as should_error
    from (
      
    
  
    
    



select price
from `latihan-data-505310`.`olist_dataset`.`stg_order_items`
where price is null



  
  
      
    ) dbt_internal_test
[0m15:57:36.227617 [debug] [Thread-3 (]: Opening a new connection, currently in state closed
[0m15:57:36.264792 [info ] [Thread-4 (]: 5 of 24 PASS not_null_fct_monthly_sales_sales_month ............................ [[32mPASS[0m in 3.41s]
[0m15:57:36.266502 [debug] [Thread-4 (]: Finished running node test.olist_dbt.not_null_fct_monthly_sales_sales_month.bd67381e1f
[0m15:57:36.267244 [debug] [Thread-4 (]: Began running node test.olist_dbt.not_null_stg_order_payments_order_id.de5ce0ffc7
[0m15:57:36.267729 [info ] [Thread-4 (]: 11 of 24 START test not_null_stg_order_payments_order_id ....................... [RUN]
[0m15:57:36.268429 [debug] [Thread-4 (]: Re-using an available connection from the pool (formerly test.olist_dbt.not_null_fct_monthly_sales_sales_month.bd67381e1f, now test.olist_dbt.not_null_stg_order_payments_order_id.de5ce0ffc7)
[0m15:57:36.268764 [debug] [Thread-4 (]: Began compiling node test.olist_dbt.not_null_stg_order_payments_order_id.de5ce0ffc7
[0m15:57:36.275023 [debug] [Thread-4 (]: Writing injected SQL for node "test.olist_dbt.not_null_stg_order_payments_order_id.de5ce0ffc7"
[0m15:57:36.276741 [debug] [Thread-4 (]: Began executing node test.olist_dbt.not_null_stg_order_payments_order_id.de5ce0ffc7
[0m15:57:36.278471 [debug] [Thread-4 (]: Writing runtime sql for node "test.olist_dbt.not_null_stg_order_payments_order_id.de5ce0ffc7"
[0m15:57:36.280576 [debug] [Thread-4 (]: On test.olist_dbt.not_null_stg_order_payments_order_id.de5ce0ffc7: /* {"app": "dbt", "dbt_version": "1.12.4", "profile_name": "olist_dbt", "target_name": "dev", "node_id": "test.olist_dbt.not_null_stg_order_payments_order_id.de5ce0ffc7"} */

    
    select
      count(*) as failures,
      count(*) != 0 as should_warn,
      count(*) != 0 as should_error
    from (
      
    
  
    
    



select order_id
from `latihan-data-505310`.`olist_dataset`.`stg_order_payments`
where order_id is null



  
  
      
    ) dbt_internal_test
[0m15:57:36.281793 [debug] [Thread-4 (]: Opening a new connection, currently in state closed
[0m15:57:36.318935 [info ] [Thread-5 (]: 8 of 24 PASS not_null_stg_customers_customer_unique_id ......................... [[32mPASS[0m in 3.42s]
[0m15:57:36.320035 [debug] [Thread-5 (]: Finished running node test.olist_dbt.not_null_stg_customers_customer_unique_id.7144461cba
[0m15:57:36.320410 [debug] [Thread-5 (]: Began running node test.olist_dbt.not_null_stg_order_payments_payment_value.d2fb714004
[0m15:57:36.320737 [info ] [Thread-5 (]: 12 of 24 START test not_null_stg_order_payments_payment_value .................. [RUN]
[0m15:57:36.321613 [debug] [Thread-5 (]: Re-using an available connection from the pool (formerly test.olist_dbt.not_null_stg_customers_customer_unique_id.7144461cba, now test.olist_dbt.not_null_stg_order_payments_payment_value.d2fb714004)
[0m15:57:36.321953 [debug] [Thread-5 (]: Began compiling node test.olist_dbt.not_null_stg_order_payments_payment_value.d2fb714004
[0m15:57:36.327577 [debug] [Thread-5 (]: Writing injected SQL for node "test.olist_dbt.not_null_stg_order_payments_payment_value.d2fb714004"
[0m15:57:36.329027 [debug] [Thread-5 (]: Began executing node test.olist_dbt.not_null_stg_order_payments_payment_value.d2fb714004
[0m15:57:36.331740 [debug] [Thread-5 (]: Writing runtime sql for node "test.olist_dbt.not_null_stg_order_payments_payment_value.d2fb714004"
[0m15:57:36.334059 [debug] [Thread-5 (]: On test.olist_dbt.not_null_stg_order_payments_payment_value.d2fb714004: /* {"app": "dbt", "dbt_version": "1.12.4", "profile_name": "olist_dbt", "target_name": "dev", "node_id": "test.olist_dbt.not_null_stg_order_payments_payment_value.d2fb714004"} */

    
    select
      count(*) as failures,
      count(*) != 0 as should_warn,
      count(*) != 0 as should_error
    from (
      
    
  
    
    



select payment_value
from `latihan-data-505310`.`olist_dataset`.`stg_order_payments`
where payment_value is null



  
  
      
    ) dbt_internal_test
[0m15:57:36.334893 [debug] [Thread-5 (]: Opening a new connection, currently in state closed
[0m15:57:38.270548 [debug] [Thread-2 (]: BigQuery adapter: https://console.cloud.google.com/bigquery?project=latihan-data-505310&j=bq:US:d37f9cbb-623b-4e52-aab7-7c4ab5a6a55d&page=queryresults
[0m15:57:38.275849 [debug] [Thread-3 (]: BigQuery adapter: https://console.cloud.google.com/bigquery?project=latihan-data-505310&j=bq:US:24dcd12a-82f8-48ef-83cf-4544f8bde626&page=queryresults
[0m15:57:38.359005 [debug] [Thread-5 (]: BigQuery adapter: https://console.cloud.google.com/bigquery?project=latihan-data-505310&j=bq:US:ee3ac0ea-daf9-4026-8b6b-df6b2dea1beb&page=queryresults
[0m15:57:38.507096 [debug] [Thread-4 (]: BigQuery adapter: https://console.cloud.google.com/bigquery?project=latihan-data-505310&j=bq:US:c3c71357-357d-452c-b453-37ff84e03927&page=queryresults
[0m15:57:38.624187 [debug] [Thread-2 (]: SQL status: OK in 0.352 seconds
[0m15:57:38.706878 [debug] [Thread-3 (]: SQL status: OK in 0.430 seconds
[0m15:57:38.756992 [debug] [Thread-5 (]: SQL status: OK in 0.397 seconds
[0m15:57:38.935989 [debug] [Thread-4 (]: SQL status: OK in 0.427 seconds
[0m15:57:39.478518 [info ] [Thread-3 (]: 10 of 24 PASS not_null_stg_order_items_price ................................... [[32mPASS[0m in 3.26s]
[0m15:57:39.482047 [debug] [Thread-3 (]: Finished running node test.olist_dbt.not_null_stg_order_items_price.ff3393f991
[0m15:57:39.483941 [debug] [Thread-3 (]: Began running node test.olist_dbt.not_null_stg_order_reviews_review_id.9ed4569df1
[0m15:57:39.484992 [info ] [Thread-3 (]: 13 of 24 START test not_null_stg_order_reviews_review_id ....................... [RUN]
[0m15:57:39.485550 [debug] [Thread-3 (]: Re-using an available connection from the pool (formerly test.olist_dbt.not_null_stg_order_items_price.ff3393f991, now test.olist_dbt.not_null_stg_order_reviews_review_id.9ed4569df1)
[0m15:57:39.486007 [debug] [Thread-3 (]: Began compiling node test.olist_dbt.not_null_stg_order_reviews_review_id.9ed4569df1
[0m15:57:39.493900 [debug] [Thread-3 (]: Writing injected SQL for node "test.olist_dbt.not_null_stg_order_reviews_review_id.9ed4569df1"
[0m15:57:39.495286 [debug] [Thread-3 (]: Began executing node test.olist_dbt.not_null_stg_order_reviews_review_id.9ed4569df1
[0m15:57:39.497030 [debug] [Thread-3 (]: Writing runtime sql for node "test.olist_dbt.not_null_stg_order_reviews_review_id.9ed4569df1"
[0m15:57:39.499567 [debug] [Thread-3 (]: On test.olist_dbt.not_null_stg_order_reviews_review_id.9ed4569df1: /* {"app": "dbt", "dbt_version": "1.12.4", "profile_name": "olist_dbt", "target_name": "dev", "node_id": "test.olist_dbt.not_null_stg_order_reviews_review_id.9ed4569df1"} */

    
    select
      count(*) as failures,
      count(*) != 0 as should_warn,
      count(*) != 0 as should_error
    from (
      
    
  
    
    



select review_id
from `latihan-data-505310`.`olist_dataset`.`stg_order_reviews`
where review_id is null



  
  
      
    ) dbt_internal_test
[0m15:57:39.500504 [debug] [Thread-3 (]: Opening a new connection, currently in state closed
[0m15:57:39.562376 [info ] [Thread-5 (]: 12 of 24 PASS not_null_stg_order_payments_payment_value ........................ [[32mPASS[0m in 3.24s]
[0m15:57:39.563316 [debug] [Thread-5 (]: Finished running node test.olist_dbt.not_null_stg_order_payments_payment_value.d2fb714004
[0m15:57:39.563741 [debug] [Thread-5 (]: Began running node test.olist_dbt.not_null_stg_orders_customer_id.af79d5e4b5
[0m15:57:39.564066 [info ] [Thread-5 (]: 14 of 24 START test not_null_stg_orders_customer_id ............................ [RUN]
[0m15:57:39.564612 [debug] [Thread-5 (]: Re-using an available connection from the pool (formerly test.olist_dbt.not_null_stg_order_payments_payment_value.d2fb714004, now test.olist_dbt.not_null_stg_orders_customer_id.af79d5e4b5)
[0m15:57:39.564941 [debug] [Thread-5 (]: Began compiling node test.olist_dbt.not_null_stg_orders_customer_id.af79d5e4b5
[0m15:57:39.571046 [debug] [Thread-5 (]: Writing injected SQL for node "test.olist_dbt.not_null_stg_orders_customer_id.af79d5e4b5"
[0m15:57:39.572442 [debug] [Thread-5 (]: Began executing node test.olist_dbt.not_null_stg_orders_customer_id.af79d5e4b5
[0m15:57:39.573864 [debug] [Thread-5 (]: Writing runtime sql for node "test.olist_dbt.not_null_stg_orders_customer_id.af79d5e4b5"
[0m15:57:39.574931 [debug] [Thread-5 (]: On test.olist_dbt.not_null_stg_orders_customer_id.af79d5e4b5: /* {"app": "dbt", "dbt_version": "1.12.4", "profile_name": "olist_dbt", "target_name": "dev", "node_id": "test.olist_dbt.not_null_stg_orders_customer_id.af79d5e4b5"} */

    
    select
      count(*) as failures,
      count(*) != 0 as should_warn,
      count(*) != 0 as should_error
    from (
      
    
  
    
    



select customer_id
from `latihan-data-505310`.`olist_dataset`.`stg_orders`
where customer_id is null



  
  
      
    ) dbt_internal_test
[0m15:57:39.575325 [debug] [Thread-5 (]: Opening a new connection, currently in state closed
[0m15:57:39.714599 [info ] [Thread-2 (]: 9 of 24 PASS not_null_stg_order_items_order_id ................................. [[32mPASS[0m in 3.58s]
[0m15:57:39.718563 [debug] [Thread-2 (]: Finished running node test.olist_dbt.not_null_stg_order_items_order_id.2063801f96
[0m15:57:39.721868 [debug] [Thread-2 (]: Began running node test.olist_dbt.not_null_stg_orders_order_id.81cfe2fe64
[0m15:57:39.721024 [info ] [Thread-4 (]: 11 of 24 PASS not_null_stg_order_payments_order_id ............................. [[32mPASS[0m in 3.45s]
[0m15:57:39.724598 [debug] [Thread-4 (]: Finished running node test.olist_dbt.not_null_stg_order_payments_order_id.de5ce0ffc7
[0m15:57:39.723093 [info ] [Thread-2 (]: 15 of 24 START test not_null_stg_orders_order_id ............................... [RUN]
[0m15:57:39.726898 [debug] [Thread-2 (]: Re-using an available connection from the pool (formerly test.olist_dbt.not_null_stg_order_items_order_id.2063801f96, now test.olist_dbt.not_null_stg_orders_order_id.81cfe2fe64)
[0m15:57:39.725538 [debug] [Thread-4 (]: Began running node test.olist_dbt.not_null_stg_orders_purchased_at.c1efa3edc3
[0m15:57:39.727995 [debug] [Thread-2 (]: Began compiling node test.olist_dbt.not_null_stg_orders_order_id.81cfe2fe64
[0m15:57:39.742850 [debug] [Thread-2 (]: Writing injected SQL for node "test.olist_dbt.not_null_stg_orders_order_id.81cfe2fe64"
[0m15:57:39.728865 [info ] [Thread-4 (]: 16 of 24 START test not_null_stg_orders_purchased_at ........................... [RUN]
[0m15:57:39.743961 [debug] [Thread-4 (]: Re-using an available connection from the pool (formerly test.olist_dbt.not_null_stg_order_payments_order_id.de5ce0ffc7, now test.olist_dbt.not_null_stg_orders_purchased_at.c1efa3edc3)
[0m15:57:39.744512 [debug] [Thread-4 (]: Began compiling node test.olist_dbt.not_null_stg_orders_purchased_at.c1efa3edc3
[0m15:57:39.753968 [debug] [Thread-4 (]: Writing injected SQL for node "test.olist_dbt.not_null_stg_orders_purchased_at.c1efa3edc3"
[0m15:57:39.754726 [debug] [Thread-2 (]: Began executing node test.olist_dbt.not_null_stg_orders_order_id.81cfe2fe64
[0m15:57:39.756471 [debug] [Thread-2 (]: Writing runtime sql for node "test.olist_dbt.not_null_stg_orders_order_id.81cfe2fe64"
[0m15:57:39.757188 [debug] [Thread-4 (]: Began executing node test.olist_dbt.not_null_stg_orders_purchased_at.c1efa3edc3
[0m15:57:39.758832 [debug] [Thread-4 (]: Writing runtime sql for node "test.olist_dbt.not_null_stg_orders_purchased_at.c1efa3edc3"
[0m15:57:39.759579 [debug] [Thread-2 (]: On test.olist_dbt.not_null_stg_orders_order_id.81cfe2fe64: /* {"app": "dbt", "dbt_version": "1.12.4", "profile_name": "olist_dbt", "target_name": "dev", "node_id": "test.olist_dbt.not_null_stg_orders_order_id.81cfe2fe64"} */

    
    select
      count(*) as failures,
      count(*) != 0 as should_warn,
      count(*) != 0 as should_error
    from (
      
    
  
    
    



select order_id
from `latihan-data-505310`.`olist_dataset`.`stg_orders`
where order_id is null



  
  
      
    ) dbt_internal_test
[0m15:57:39.760059 [debug] [Thread-2 (]: Opening a new connection, currently in state closed
[0m15:57:39.760691 [debug] [Thread-4 (]: On test.olist_dbt.not_null_stg_orders_purchased_at.c1efa3edc3: /* {"app": "dbt", "dbt_version": "1.12.4", "profile_name": "olist_dbt", "target_name": "dev", "node_id": "test.olist_dbt.not_null_stg_orders_purchased_at.c1efa3edc3"} */

    
    select
      count(*) as failures,
      count(*) != 0 as should_warn,
      count(*) != 0 as should_error
    from (
      
    
  
    
    



select purchased_at
from `latihan-data-505310`.`olist_dataset`.`stg_orders`
where purchased_at is null



  
  
      
    ) dbt_internal_test
[0m15:57:39.761138 [debug] [Thread-4 (]: Opening a new connection, currently in state closed
[0m15:57:41.527338 [debug] [Thread-3 (]: BigQuery adapter: https://console.cloud.google.com/bigquery?project=latihan-data-505310&j=bq:US:81877b7a-f3d5-45a3-97dd-686f09b7350c&page=queryresults
[0m15:57:41.623813 [debug] [Thread-5 (]: BigQuery adapter: https://console.cloud.google.com/bigquery?project=latihan-data-505310&j=bq:US:c882f887-af20-405e-8c1a-e0abb0b336db&page=queryresults
[0m15:57:41.893973 [debug] [Thread-3 (]: SQL status: OK in 0.365 seconds
[0m15:57:42.002600 [debug] [Thread-2 (]: BigQuery adapter: https://console.cloud.google.com/bigquery?project=latihan-data-505310&j=bq:US:4e7b2dd9-f0c5-48d0-ac42-dea547a93855&page=queryresults
[0m15:57:42.022973 [debug] [Thread-5 (]: SQL status: OK in 0.398 seconds
[0m15:57:42.085057 [debug] [Thread-4 (]: BigQuery adapter: https://console.cloud.google.com/bigquery?project=latihan-data-505310&j=bq:US:a6559cbb-bb0d-43c9-a6a0-3d0e1d7c1402&page=queryresults
[0m15:57:42.386879 [debug] [Thread-2 (]: SQL status: OK in 0.383 seconds
[0m15:57:42.501842 [debug] [Thread-4 (]: SQL status: OK in 0.415 seconds
[0m15:57:42.695664 [info ] [Thread-3 (]: 13 of 24 PASS not_null_stg_order_reviews_review_id ............................. [[32mPASS[0m in 3.21s]
[0m15:57:42.696936 [debug] [Thread-3 (]: Finished running node test.olist_dbt.not_null_stg_order_reviews_review_id.9ed4569df1
[0m15:57:42.697409 [debug] [Thread-3 (]: Began running node test.olist_dbt.not_null_stg_products_product_id.6373b0acf3
[0m15:57:42.697739 [info ] [Thread-3 (]: 17 of 24 START test not_null_stg_products_product_id ........................... [RUN]
[0m15:57:42.698298 [debug] [Thread-3 (]: Re-using an available connection from the pool (formerly test.olist_dbt.not_null_stg_order_reviews_review_id.9ed4569df1, now test.olist_dbt.not_null_stg_products_product_id.6373b0acf3)
[0m15:57:42.698630 [debug] [Thread-3 (]: Began compiling node test.olist_dbt.not_null_stg_products_product_id.6373b0acf3
[0m15:57:42.704200 [debug] [Thread-3 (]: Writing injected SQL for node "test.olist_dbt.not_null_stg_products_product_id.6373b0acf3"
[0m15:57:42.705302 [debug] [Thread-3 (]: Began executing node test.olist_dbt.not_null_stg_products_product_id.6373b0acf3
[0m15:57:42.706820 [debug] [Thread-3 (]: Writing runtime sql for node "test.olist_dbt.not_null_stg_products_product_id.6373b0acf3"
[0m15:57:42.707830 [debug] [Thread-3 (]: On test.olist_dbt.not_null_stg_products_product_id.6373b0acf3: /* {"app": "dbt", "dbt_version": "1.12.4", "profile_name": "olist_dbt", "target_name": "dev", "node_id": "test.olist_dbt.not_null_stg_products_product_id.6373b0acf3"} */

    
    select
      count(*) as failures,
      count(*) != 0 as should_warn,
      count(*) != 0 as should_error
    from (
      
    
  
    
    



select product_id
from `latihan-data-505310`.`olist_dataset`.`stg_products`
where product_id is null



  
  
      
    ) dbt_internal_test
[0m15:57:42.708222 [debug] [Thread-3 (]: Opening a new connection, currently in state closed
[0m15:57:42.802525 [info ] [Thread-5 (]: 14 of 24 PASS not_null_stg_orders_customer_id .................................. [[32mPASS[0m in 3.24s]
[0m15:57:42.803455 [debug] [Thread-5 (]: Finished running node test.olist_dbt.not_null_stg_orders_customer_id.af79d5e4b5
[0m15:57:42.803878 [debug] [Thread-5 (]: Began running node test.olist_dbt.source_not_null_olist_raw_olist_orders_dataset_order_id.0e0a607639
[0m15:57:42.804205 [info ] [Thread-5 (]: 18 of 24 START test source_not_null_olist_raw_olist_orders_dataset_order_id .... [RUN]
[0m15:57:42.804723 [debug] [Thread-5 (]: Re-using an available connection from the pool (formerly test.olist_dbt.not_null_stg_orders_customer_id.af79d5e4b5, now test.olist_dbt.source_not_null_olist_raw_olist_orders_dataset_order_id.0e0a607639)
[0m15:57:42.805050 [debug] [Thread-5 (]: Began compiling node test.olist_dbt.source_not_null_olist_raw_olist_orders_dataset_order_id.0e0a607639
[0m15:57:42.811191 [debug] [Thread-5 (]: Writing injected SQL for node "test.olist_dbt.source_not_null_olist_raw_olist_orders_dataset_order_id.0e0a607639"
[0m15:57:42.812315 [debug] [Thread-5 (]: Began executing node test.olist_dbt.source_not_null_olist_raw_olist_orders_dataset_order_id.0e0a607639
[0m15:57:42.814168 [debug] [Thread-5 (]: Writing runtime sql for node "test.olist_dbt.source_not_null_olist_raw_olist_orders_dataset_order_id.0e0a607639"
[0m15:57:42.815744 [debug] [Thread-5 (]: On test.olist_dbt.source_not_null_olist_raw_olist_orders_dataset_order_id.0e0a607639: /* {"app": "dbt", "dbt_version": "1.12.4", "profile_name": "olist_dbt", "target_name": "dev", "node_id": "test.olist_dbt.source_not_null_olist_raw_olist_orders_dataset_order_id.0e0a607639"} */

    
    select
      count(*) as failures,
      count(*) != 0 as should_warn,
      count(*) != 0 as should_error
    from (
      
    
  
    
    



select order_id
from `latihan-data-505310`.`olist_raw`.`olist_orders_dataset`
where order_id is null



  
  
      
    ) dbt_internal_test
[0m15:57:42.816598 [debug] [Thread-5 (]: Opening a new connection, currently in state closed
[0m15:57:43.232519 [info ] [Thread-2 (]: 15 of 24 PASS not_null_stg_orders_order_id ..................................... [[32mPASS[0m in 3.51s]
[0m15:57:43.233301 [debug] [Thread-2 (]: Finished running node test.olist_dbt.not_null_stg_orders_order_id.81cfe2fe64
[0m15:57:43.233667 [debug] [Thread-2 (]: Began running node test.olist_dbt.source_unique_olist_raw_olist_orders_dataset_order_id.ccf0c8c1b6
[0m15:57:43.233995 [info ] [Thread-2 (]: 19 of 24 START test source_unique_olist_raw_olist_orders_dataset_order_id ...... [RUN]
[0m15:57:43.234520 [debug] [Thread-2 (]: Re-using an available connection from the pool (formerly test.olist_dbt.not_null_stg_orders_order_id.81cfe2fe64, now test.olist_dbt.source_unique_olist_raw_olist_orders_dataset_order_id.ccf0c8c1b6)
[0m15:57:43.234850 [debug] [Thread-2 (]: Began compiling node test.olist_dbt.source_unique_olist_raw_olist_orders_dataset_order_id.ccf0c8c1b6
[0m15:57:43.242398 [debug] [Thread-2 (]: Writing injected SQL for node "test.olist_dbt.source_unique_olist_raw_olist_orders_dataset_order_id.ccf0c8c1b6"
[0m15:57:43.243672 [debug] [Thread-2 (]: Began executing node test.olist_dbt.source_unique_olist_raw_olist_orders_dataset_order_id.ccf0c8c1b6
[0m15:57:43.245792 [debug] [Thread-2 (]: Writing runtime sql for node "test.olist_dbt.source_unique_olist_raw_olist_orders_dataset_order_id.ccf0c8c1b6"
[0m15:57:43.248067 [debug] [Thread-2 (]: On test.olist_dbt.source_unique_olist_raw_olist_orders_dataset_order_id.ccf0c8c1b6: /* {"app": "dbt", "dbt_version": "1.12.4", "profile_name": "olist_dbt", "target_name": "dev", "node_id": "test.olist_dbt.source_unique_olist_raw_olist_orders_dataset_order_id.ccf0c8c1b6"} */

    
    select
      count(*) as failures,
      count(*) != 0 as should_warn,
      count(*) != 0 as should_error
    from (
      
    
  
    
    

with dbt_test__target as (

  select order_id as unique_field
  from `latihan-data-505310`.`olist_raw`.`olist_orders_dataset`
  where order_id is not null

)

select
    unique_field,
    count(*) as n_records

from dbt_test__target
group by unique_field
having count(*) > 1



  
  
      
    ) dbt_internal_test
[0m15:57:43.248562 [debug] [Thread-2 (]: Opening a new connection, currently in state closed
[0m15:57:43.299273 [info ] [Thread-4 (]: 16 of 24 PASS not_null_stg_orders_purchased_at ................................. [[32mPASS[0m in 3.56s]
[0m15:57:43.300064 [debug] [Thread-4 (]: Finished running node test.olist_dbt.not_null_stg_orders_purchased_at.c1efa3edc3
[0m15:57:43.300425 [debug] [Thread-4 (]: Began running node test.olist_dbt.unique_dim_customers_customer_id.15c9f1e2fd
[0m15:57:43.300748 [info ] [Thread-4 (]: 20 of 24 START test unique_dim_customers_customer_id ........................... [RUN]
[0m15:57:43.301274 [debug] [Thread-4 (]: Re-using an available connection from the pool (formerly test.olist_dbt.not_null_stg_orders_purchased_at.c1efa3edc3, now test.olist_dbt.unique_dim_customers_customer_id.15c9f1e2fd)
[0m15:57:43.301600 [debug] [Thread-4 (]: Began compiling node test.olist_dbt.unique_dim_customers_customer_id.15c9f1e2fd
[0m15:57:43.326587 [debug] [Thread-4 (]: Writing injected SQL for node "test.olist_dbt.unique_dim_customers_customer_id.15c9f1e2fd"
[0m15:57:43.327790 [debug] [Thread-4 (]: Began executing node test.olist_dbt.unique_dim_customers_customer_id.15c9f1e2fd
[0m15:57:43.329312 [debug] [Thread-4 (]: Writing runtime sql for node "test.olist_dbt.unique_dim_customers_customer_id.15c9f1e2fd"
[0m15:57:43.331130 [debug] [Thread-4 (]: On test.olist_dbt.unique_dim_customers_customer_id.15c9f1e2fd: /* {"app": "dbt", "dbt_version": "1.12.4", "profile_name": "olist_dbt", "target_name": "dev", "node_id": "test.olist_dbt.unique_dim_customers_customer_id.15c9f1e2fd"} */

    
    select
      count(*) as failures,
      count(*) != 0 as should_warn,
      count(*) != 0 as should_error
    from (
      
    
  
    
    

with dbt_test__target as (

  select customer_id as unique_field
  from `latihan-data-505310`.`olist_dataset`.`dim_customers`
  where customer_id is not null

)

select
    unique_field,
    count(*) as n_records

from dbt_test__target
group by unique_field
having count(*) > 1



  
  
      
    ) dbt_internal_test
[0m15:57:43.332140 [debug] [Thread-4 (]: Opening a new connection, currently in state closed
[0m15:57:44.730491 [debug] [Thread-5 (]: BigQuery adapter: https://console.cloud.google.com/bigquery?project=latihan-data-505310&j=bq:US:e08018ba-1484-4c71-9d9f-93b6637cdeac&page=queryresults
[0m15:57:44.756891 [debug] [Thread-3 (]: BigQuery adapter: https://console.cloud.google.com/bigquery?project=latihan-data-505310&j=bq:US:cad6e5ff-2351-463b-b1fd-d7356cfd7077&page=queryresults
[0m15:57:45.122419 [debug] [Thread-5 (]: SQL status: OK in 0.391 seconds
[0m15:57:45.163038 [debug] [Thread-3 (]: SQL status: OK in 0.405 seconds
[0m15:57:45.272381 [debug] [Thread-2 (]: BigQuery adapter: https://console.cloud.google.com/bigquery?project=latihan-data-505310&j=bq:US:88b810f0-64bf-4c0c-984f-eb5112271d86&page=queryresults
[0m15:57:45.416484 [debug] [Thread-4 (]: BigQuery adapter: https://console.cloud.google.com/bigquery?project=latihan-data-505310&j=bq:US:5fcb1ede-8200-4230-a3b1-ef1f082ab11f&page=queryresults
[0m15:57:45.674268 [debug] [Thread-2 (]: SQL status: OK in 0.400 seconds
[0m15:57:45.806571 [debug] [Thread-4 (]: SQL status: OK in 0.388 seconds
[0m15:57:45.909105 [info ] [Thread-3 (]: 17 of 24 PASS not_null_stg_products_product_id ................................. [[32mPASS[0m in 3.21s]
[0m15:57:45.910118 [debug] [Thread-3 (]: Finished running node test.olist_dbt.not_null_stg_products_product_id.6373b0acf3
[0m15:57:45.910481 [debug] [Thread-3 (]: Began running node test.olist_dbt.unique_fct_monthly_sales_sales_month.4c5ee187eb
[0m15:57:45.910997 [info ] [Thread-3 (]: 21 of 24 START test unique_fct_monthly_sales_sales_month ....................... [RUN]
[0m15:57:45.911526 [debug] [Thread-3 (]: Re-using an available connection from the pool (formerly test.olist_dbt.not_null_stg_products_product_id.6373b0acf3, now test.olist_dbt.unique_fct_monthly_sales_sales_month.4c5ee187eb)
[0m15:57:45.911857 [debug] [Thread-3 (]: Began compiling node test.olist_dbt.unique_fct_monthly_sales_sales_month.4c5ee187eb
[0m15:57:45.918195 [debug] [Thread-3 (]: Writing injected SQL for node "test.olist_dbt.unique_fct_monthly_sales_sales_month.4c5ee187eb"
[0m15:57:45.919401 [debug] [Thread-3 (]: Began executing node test.olist_dbt.unique_fct_monthly_sales_sales_month.4c5ee187eb
[0m15:57:45.920912 [debug] [Thread-3 (]: Writing runtime sql for node "test.olist_dbt.unique_fct_monthly_sales_sales_month.4c5ee187eb"
[0m15:57:45.921957 [debug] [Thread-3 (]: On test.olist_dbt.unique_fct_monthly_sales_sales_month.4c5ee187eb: /* {"app": "dbt", "dbt_version": "1.12.4", "profile_name": "olist_dbt", "target_name": "dev", "node_id": "test.olist_dbt.unique_fct_monthly_sales_sales_month.4c5ee187eb"} */

    
    select
      count(*) as failures,
      count(*) != 0 as should_warn,
      count(*) != 0 as should_error
    from (
      
    
  
    
    

with dbt_test__target as (

  select sales_month as unique_field
  from `latihan-data-505310`.`olist_dataset`.`fct_monthly_sales`
  where sales_month is not null

)

select
    unique_field,
    count(*) as n_records

from dbt_test__target
group by unique_field
having count(*) > 1



  
  
      
    ) dbt_internal_test
[0m15:57:45.922360 [debug] [Thread-3 (]: Opening a new connection, currently in state closed
[0m15:57:45.957990 [info ] [Thread-5 (]: 18 of 24 PASS source_not_null_olist_raw_olist_orders_dataset_order_id .......... [[32mPASS[0m in 3.15s]
[0m15:57:45.958832 [debug] [Thread-5 (]: Finished running node test.olist_dbt.source_not_null_olist_raw_olist_orders_dataset_order_id.0e0a607639
[0m15:57:45.959192 [debug] [Thread-5 (]: Began running node test.olist_dbt.unique_stg_customers_customer_id.c7614daada
[0m15:57:45.959514 [info ] [Thread-5 (]: 22 of 24 START test unique_stg_customers_customer_id ........................... [RUN]
[0m15:57:45.960470 [debug] [Thread-5 (]: Re-using an available connection from the pool (formerly test.olist_dbt.source_not_null_olist_raw_olist_orders_dataset_order_id.0e0a607639, now test.olist_dbt.unique_stg_customers_customer_id.c7614daada)
[0m15:57:45.960800 [debug] [Thread-5 (]: Began compiling node test.olist_dbt.unique_stg_customers_customer_id.c7614daada
[0m15:57:45.967087 [debug] [Thread-5 (]: Writing injected SQL for node "test.olist_dbt.unique_stg_customers_customer_id.c7614daada"
[0m15:57:45.968804 [debug] [Thread-5 (]: Began executing node test.olist_dbt.unique_stg_customers_customer_id.c7614daada
[0m15:57:45.970346 [debug] [Thread-5 (]: Writing runtime sql for node "test.olist_dbt.unique_stg_customers_customer_id.c7614daada"
[0m15:57:45.971404 [debug] [Thread-5 (]: On test.olist_dbt.unique_stg_customers_customer_id.c7614daada: /* {"app": "dbt", "dbt_version": "1.12.4", "profile_name": "olist_dbt", "target_name": "dev", "node_id": "test.olist_dbt.unique_stg_customers_customer_id.c7614daada"} */

    
    select
      count(*) as failures,
      count(*) != 0 as should_warn,
      count(*) != 0 as should_error
    from (
      
    
  
    
    

with dbt_test__target as (

  select customer_id as unique_field
  from `latihan-data-505310`.`olist_dataset`.`stg_customers`
  where customer_id is not null

)

select
    unique_field,
    count(*) as n_records

from dbt_test__target
group by unique_field
having count(*) > 1



  
  
      
    ) dbt_internal_test
[0m15:57:45.971807 [debug] [Thread-5 (]: Opening a new connection, currently in state closed
[0m15:57:46.457359 [info ] [Thread-2 (]: 19 of 24 PASS source_unique_olist_raw_olist_orders_dataset_order_id ............ [[32mPASS[0m in 3.22s]
[0m15:57:46.458768 [debug] [Thread-2 (]: Finished running node test.olist_dbt.source_unique_olist_raw_olist_orders_dataset_order_id.ccf0c8c1b6
[0m15:57:46.459616 [debug] [Thread-2 (]: Began running node test.olist_dbt.unique_stg_orders_order_id.e3b841c71a
[0m15:57:46.460398 [info ] [Thread-2 (]: 23 of 24 START test unique_stg_orders_order_id ................................. [RUN]
[0m15:57:46.461403 [debug] [Thread-2 (]: Re-using an available connection from the pool (formerly test.olist_dbt.source_unique_olist_raw_olist_orders_dataset_order_id.ccf0c8c1b6, now test.olist_dbt.unique_stg_orders_order_id.e3b841c71a)
[0m15:57:46.462068 [debug] [Thread-2 (]: Began compiling node test.olist_dbt.unique_stg_orders_order_id.e3b841c71a
[0m15:57:46.474003 [debug] [Thread-2 (]: Writing injected SQL for node "test.olist_dbt.unique_stg_orders_order_id.e3b841c71a"
[0m15:57:46.476134 [debug] [Thread-2 (]: Began executing node test.olist_dbt.unique_stg_orders_order_id.e3b841c71a
[0m15:57:46.478985 [debug] [Thread-2 (]: Writing runtime sql for node "test.olist_dbt.unique_stg_orders_order_id.e3b841c71a"
[0m15:57:46.482093 [debug] [Thread-2 (]: On test.olist_dbt.unique_stg_orders_order_id.e3b841c71a: /* {"app": "dbt", "dbt_version": "1.12.4", "profile_name": "olist_dbt", "target_name": "dev", "node_id": "test.olist_dbt.unique_stg_orders_order_id.e3b841c71a"} */

    
    select
      count(*) as failures,
      count(*) != 0 as should_warn,
      count(*) != 0 as should_error
    from (
      
    
  
    
    

with dbt_test__target as (

  select order_id as unique_field
  from `latihan-data-505310`.`olist_dataset`.`stg_orders`
  where order_id is not null

)

select
    unique_field,
    count(*) as n_records

from dbt_test__target
group by unique_field
having count(*) > 1



  
  
      
    ) dbt_internal_test
[0m15:57:46.483334 [debug] [Thread-2 (]: Opening a new connection, currently in state closed
[0m15:57:46.720964 [info ] [Thread-4 (]: 20 of 24 PASS unique_dim_customers_customer_id ................................. [[32mPASS[0m in 3.42s]
[0m15:57:46.721831 [debug] [Thread-4 (]: Finished running node test.olist_dbt.unique_dim_customers_customer_id.15c9f1e2fd
[0m15:57:46.722193 [debug] [Thread-4 (]: Began running node test.olist_dbt.unique_stg_products_product_id.7d950a1467
[0m15:57:46.722518 [info ] [Thread-4 (]: 24 of 24 START test unique_stg_products_product_id ............................. [RUN]
[0m15:57:46.723060 [debug] [Thread-4 (]: Re-using an available connection from the pool (formerly test.olist_dbt.unique_dim_customers_customer_id.15c9f1e2fd, now test.olist_dbt.unique_stg_products_product_id.7d950a1467)
[0m15:57:46.723384 [debug] [Thread-4 (]: Began compiling node test.olist_dbt.unique_stg_products_product_id.7d950a1467
[0m15:57:46.728902 [debug] [Thread-4 (]: Writing injected SQL for node "test.olist_dbt.unique_stg_products_product_id.7d950a1467"
[0m15:57:46.730130 [debug] [Thread-4 (]: Began executing node test.olist_dbt.unique_stg_products_product_id.7d950a1467
[0m15:57:46.731656 [debug] [Thread-4 (]: Writing runtime sql for node "test.olist_dbt.unique_stg_products_product_id.7d950a1467"
[0m15:57:46.732689 [debug] [Thread-4 (]: On test.olist_dbt.unique_stg_products_product_id.7d950a1467: /* {"app": "dbt", "dbt_version": "1.12.4", "profile_name": "olist_dbt", "target_name": "dev", "node_id": "test.olist_dbt.unique_stg_products_product_id.7d950a1467"} */

    
    select
      count(*) as failures,
      count(*) != 0 as should_warn,
      count(*) != 0 as should_error
    from (
      
    
  
    
    

with dbt_test__target as (

  select product_id as unique_field
  from `latihan-data-505310`.`olist_dataset`.`stg_products`
  where product_id is not null

)

select
    unique_field,
    count(*) as n_records

from dbt_test__target
group by unique_field
having count(*) > 1



  
  
      
    ) dbt_internal_test
[0m15:57:46.733090 [debug] [Thread-4 (]: Opening a new connection, currently in state closed
[0m15:57:47.940794 [debug] [Thread-5 (]: BigQuery adapter: https://console.cloud.google.com/bigquery?project=latihan-data-505310&j=bq:US:6fd845fd-0207-4194-a8f8-4a9f9aa638b8&page=queryresults
[0m15:57:48.037922 [debug] [Thread-3 (]: BigQuery adapter: https://console.cloud.google.com/bigquery?project=latihan-data-505310&j=bq:US:0e2ed1c6-f39c-4534-88e9-c1a26f981aeb&page=queryresults
[0m15:57:48.276826 [debug] [Thread-5 (]: SQL status: OK in 0.334 seconds
[0m15:57:48.423018 [debug] [Thread-2 (]: BigQuery adapter: https://console.cloud.google.com/bigquery?project=latihan-data-505310&j=bq:US:546c411d-ceb4-4745-88bb-a003c809c1f9&page=queryresults
[0m15:57:48.446830 [debug] [Thread-3 (]: SQL status: OK in 0.408 seconds
[0m15:57:48.781148 [debug] [Thread-2 (]: SQL status: OK in 0.357 seconds
[0m15:57:48.806722 [debug] [Thread-4 (]: BigQuery adapter: https://console.cloud.google.com/bigquery?project=latihan-data-505310&j=bq:US:3762d4fa-8834-4d4f-855a-5b57f4cb1d6a&page=queryresults
[0m15:57:49.011578 [info ] [Thread-5 (]: 22 of 24 PASS unique_stg_customers_customer_id ................................. [[32mPASS[0m in 3.05s]
[0m15:57:49.012730 [debug] [Thread-5 (]: Finished running node test.olist_dbt.unique_stg_customers_customer_id.c7614daada
[0m15:57:49.228268 [debug] [Thread-4 (]: SQL status: OK in 0.421 seconds
[0m15:57:49.263250 [info ] [Thread-3 (]: 21 of 24 PASS unique_fct_monthly_sales_sales_month ............................. [[32mPASS[0m in 3.35s]
[0m15:57:49.264356 [debug] [Thread-3 (]: Finished running node test.olist_dbt.unique_fct_monthly_sales_sales_month.4c5ee187eb
[0m15:57:49.724069 [info ] [Thread-2 (]: 23 of 24 PASS unique_stg_orders_order_id ....................................... [[32mPASS[0m in 3.26s]
[0m15:57:49.724840 [debug] [Thread-2 (]: Finished running node test.olist_dbt.unique_stg_orders_order_id.e3b841c71a
[0m15:57:50.039269 [info ] [Thread-4 (]: 24 of 24 PASS unique_stg_products_product_id ................................... [[32mPASS[0m in 3.32s]
[0m15:57:50.042488 [debug] [Thread-4 (]: Finished running node test.olist_dbt.unique_stg_products_product_id.7d950a1467
[0m15:57:50.049923 [debug] [MainThread]: Opening a new connection, currently in state closed
[0m15:57:50.092124 [debug] [MainThread]: Connection 'master' was properly closed.
[0m15:57:50.092793 [debug] [MainThread]: Connection 'list_latihan-data-505310_olist_dataset' was properly closed.
[0m15:57:50.093173 [debug] [MainThread]: Connection 'test.olist_dbt.unique_stg_orders_order_id.e3b841c71a' was properly closed.
[0m15:57:50.093646 [debug] [MainThread]: Connection 'test.olist_dbt.unique_stg_customers_customer_id.c7614daada' was properly closed.
[0m15:57:50.094372 [debug] [MainThread]: Connection 'test.olist_dbt.unique_fct_monthly_sales_sales_month.4c5ee187eb' was properly closed.
[0m15:57:50.095284 [debug] [MainThread]: Connection 'test.olist_dbt.unique_stg_products_product_id.7d950a1467' was properly closed.
[0m15:57:50.096446 [info ] [MainThread]: 
[0m15:57:50.098369 [info ] [MainThread]: Finished running 24 data tests in 0 hours 0 minutes and 23.40 seconds (23.40s).
[0m15:57:50.107323 [debug] [MainThread]: Command end result
[0m15:57:50.194496 [debug] [MainThread]: Wrote artifact WritableManifest to C:\Users\USER\analytics-portofolio\olist_dbt\target\manifest.json
[0m15:57:50.200281 [debug] [MainThread]: Wrote artifact SemanticManifest to C:\Users\USER\analytics-portofolio\olist_dbt\target\semantic_manifest.json
[0m15:57:50.204817 [debug] [MainThread]: Wrote artifact OsiDocument to C:\Users\USER\analytics-portofolio\olist_dbt\target\osi_document.json
[0m15:57:50.213908 [debug] [MainThread]: Wrote artifact RunExecutionResult to C:\Users\USER\analytics-portofolio\olist_dbt\target\run_results.json
[0m15:57:50.214281 [info ] [MainThread]: 
[0m15:57:50.214749 [info ] [MainThread]: [32mCompleted successfully[0m
[0m15:57:50.215160 [info ] [MainThread]: 
[0m15:57:50.215576 [info ] [MainThread]: Done. PASS=24 WARN=0 ERROR=0 SKIP=0 NO-OP=0 REUSED=0 TOTAL=24
[0m15:57:50.216159 [warn ] [MainThread]: [[33mWARNING[0m][DeprecationsSummary]: Deprecated functionality
Summary of encountered deprecations:
- MissingArgumentsPropertyInGenericTestDeprecation: 1 occurrence
To see all deprecation instances instead of just the first occurrence of each,
run command again with the `--show-all-deprecations` flag. You may also need to
run with `--no-partial-parse` as some deprecations are only encountered during
parsing.
[0m15:57:50.217406 [debug] [MainThread]: Command `dbt test` succeeded at 15:57:50.217298 after 27.40 seconds
[0m15:57:50.217749 [debug] [MainThread]: Sending event: {'category': 'dbt', 'action': 'invocation', 'label': 'end', 'context': [<snowplow_tracker.self_describing_json.SelfDescribingJson object at 0x000001C56CC8AFC0>, <snowplow_tracker.self_describing_json.SelfDescribingJson object at 0x000001C56D164730>, <snowplow_tracker.self_describing_json.SelfDescribingJson object at 0x000001C56D164550>]}
[0m15:57:50.218081 [debug] [MainThread]: Flushing usage events
[0m15:57:51.342713 [debug] [MainThread]: An error was encountered while trying to flush usage events
[0m16:00:15.518966 [debug] [MainThread]: Sending event: {'category': 'dbt', 'action': 'invocation', 'label': 'start', 'context': [<snowplow_tracker.self_describing_json.SelfDescribingJson object at 0x00000165AE1DA7B0>, <snowplow_tracker.self_describing_json.SelfDescribingJson object at 0x00000165ABD94E10>, <snowplow_tracker.self_describing_json.SelfDescribingJson object at 0x00000165B0BB7890>]}


============================== 16:00:15.523323 | a1e15c02-3851-4c2a-b98e-e133d52f2460 ==============================
[0m16:00:15.523323 [info ] [MainThread]: Running with dbt=1.12.4
[0m16:00:15.524067 [debug] [MainThread]: running dbt with arguments {'maximum_seed_size_mib': '1', 'no_print': 'None', 'version_check': 'True', 'warn_error_options': 'WarnErrorOptionsV2(error=[], warn=[], silence=[])', 'static_parser': 'True', 'target_path': 'None', 'printer_width': '80', 'write_json': 'True', 'introspect': 'True', 'log_cache_events': 'False', 'empty': 'None', 'cache_selected_only': 'False', 'fail_fast': 'False', 'debug': 'False', 'log_format': 'default', 'profiles_dir': 'C:\\Users\\USER\\.dbt', 'send_anonymous_usage_stats': 'True', 'quiet': 'False', 'warn_error': 'None', 'partial_parse': 'True', 'use_colors': 'True', 'hints_enabled': 'True', 'indirect_selection': 'eager', 'use_experimental_parser': 'False', 'invocation_command': 'dbt docs generate', 'log_path': 'C:\\Users\\USER\\analytics-portofolio\\olist_dbt\\logs'}
[0m16:00:16.741164 [debug] [MainThread]: Sending event: {'category': 'dbt', 'action': 'project_id', 'label': 'a1e15c02-3851-4c2a-b98e-e133d52f2460', 'context': [<snowplow_tracker.self_describing_json.SelfDescribingJson object at 0x00000165C29D62C0>]}
[0m16:00:16.806854 [debug] [MainThread]: Sending event: {'category': 'dbt', 'action': 'adapter_info', 'label': 'a1e15c02-3851-4c2a-b98e-e133d52f2460', 'context': [<snowplow_tracker.self_describing_json.SelfDescribingJson object at 0x00000165AEDE4C00>]}
[0m16:00:16.807974 [info ] [MainThread]: Registered adapter: bigquery=1.12.0
[0m16:00:17.422687 [debug] [MainThread]: checksum: 3326a0a5e08c0e49abdf21ef4bcbbe25e27dc0caf425e068257066cc97e24815, vars: {}, profile: olist_dbt, target: dev, version: 1.12.4
[0m16:00:17.672563 [debug] [MainThread]: Partial parsing enabled: 0 files deleted, 0 files added, 0 files changed.
[0m16:00:17.672925 [debug] [MainThread]: Nothing changed, skipping partial parsing.
[0m16:00:17.673177 [debug] [MainThread]: Partial parsing enabled, no changes found, skipping parsing
[0m16:00:17.682422 [debug] [MainThread]: Sending event: {'category': 'dbt', 'action': 'load_project', 'label': 'a1e15c02-3851-4c2a-b98e-e133d52f2460', 'context': [<snowplow_tracker.self_describing_json.SelfDescribingJson object at 0x00000165C416D250>]}
[0m16:00:17.739378 [debug] [MainThread]: Sending event: {'category': 'dbt', 'action': 'resource_counts', 'label': 'a1e15c02-3851-4c2a-b98e-e133d52f2460', 'context': [<snowplow_tracker.self_describing_json.SelfDescribingJson object at 0x00000165C413D7C0>]}
[0m16:00:17.739830 [info ] [MainThread]: Found 9 models, 24 data tests, 6 sources, 677 macros
[0m16:00:17.740334 [debug] [MainThread]: Sending event: {'category': 'dbt', 'action': 'runnable_timing', 'label': 'a1e15c02-3851-4c2a-b98e-e133d52f2460', 'context': [<snowplow_tracker.self_describing_json.SelfDescribingJson object at 0x00000165C41D65F0>]}
[0m16:00:17.743132 [info ] [MainThread]: 
[0m16:00:17.743589 [info ] [MainThread]: Concurrency: 4 threads (target='dev')
[0m16:00:17.744019 [info ] [MainThread]: 
[0m16:00:17.744675 [debug] [MainThread]: Acquiring new bigquery connection 'master'
[0m16:00:17.750263 [debug] [ThreadPool]: Acquiring new bigquery connection 'list_latihan-data-505310_olist_dataset'
[0m16:00:17.750725 [debug] [ThreadPool]: Opening a new connection, currently in state init
[0m16:00:19.965892 [debug] [MainThread]: Sending event: {'category': 'dbt', 'action': 'runnable_timing', 'label': 'a1e15c02-3851-4c2a-b98e-e133d52f2460', 'context': [<snowplow_tracker.self_describing_json.SelfDescribingJson object at 0x00000165B0C34AE0>]}
[0m16:00:19.966308 [debug] [MainThread]: Opening a new connection, currently in state init
[0m16:00:20.003143 [debug] [Thread-2 (]: Began running node model.olist_dbt.stg_customers
[0m16:00:20.004810 [debug] [Thread-2 (]: Acquiring new bigquery connection 'model.olist_dbt.stg_customers'
[0m16:00:20.003575 [debug] [Thread-3 (]: Began running node model.olist_dbt.stg_order_items
[0m16:00:20.004315 [debug] [Thread-5 (]: Began running node model.olist_dbt.stg_order_reviews
[0m16:00:20.006568 [debug] [Thread-5 (]: Acquiring new bigquery connection 'model.olist_dbt.stg_order_reviews'
[0m16:00:20.003943 [debug] [Thread-4 (]: Began running node model.olist_dbt.stg_order_payments
[0m16:00:20.007404 [debug] [Thread-4 (]: Acquiring new bigquery connection 'model.olist_dbt.stg_order_payments'
[0m16:00:20.007724 [debug] [Thread-4 (]: Began compiling node model.olist_dbt.stg_order_payments
[0m16:00:20.005143 [debug] [Thread-2 (]: Began compiling node model.olist_dbt.stg_customers
[0m16:00:20.016977 [debug] [Thread-2 (]: Writing injected SQL for node "model.olist_dbt.stg_customers"
[0m16:00:20.005941 [debug] [Thread-3 (]: Acquiring new bigquery connection 'model.olist_dbt.stg_order_items'
[0m16:00:20.006899 [debug] [Thread-5 (]: Began compiling node model.olist_dbt.stg_order_reviews
[0m16:00:20.015291 [debug] [Thread-4 (]: Writing injected SQL for node "model.olist_dbt.stg_order_payments"
[0m16:00:20.017449 [debug] [Thread-3 (]: Began compiling node model.olist_dbt.stg_order_items
[0m16:00:20.021263 [debug] [Thread-3 (]: Writing injected SQL for node "model.olist_dbt.stg_order_items"
[0m16:00:20.018959 [debug] [Thread-5 (]: Writing injected SQL for node "model.olist_dbt.stg_order_reviews"
[0m16:00:20.022258 [debug] [Thread-2 (]: Began executing node model.olist_dbt.stg_customers
[0m16:00:20.022768 [debug] [Thread-2 (]: Opening a new connection, currently in state init
[0m16:00:20.023434 [debug] [Thread-4 (]: Began executing node model.olist_dbt.stg_order_payments
[0m16:00:20.024266 [debug] [Thread-4 (]: Opening a new connection, currently in state init
[0m16:00:20.023889 [debug] [Thread-3 (]: Began executing node model.olist_dbt.stg_order_items
[0m16:00:20.055916 [debug] [Thread-3 (]: Opening a new connection, currently in state init
[0m16:00:20.055489 [debug] [Thread-2 (]: Finished running node model.olist_dbt.stg_customers
[0m16:00:20.056470 [debug] [Thread-2 (]: Began running node model.olist_dbt.stg_orders
[0m16:00:20.056845 [debug] [Thread-2 (]: Re-using an available connection from the pool (formerly model.olist_dbt.stg_customers, now model.olist_dbt.stg_orders)
[0m16:00:20.057169 [debug] [Thread-2 (]: Began compiling node model.olist_dbt.stg_orders
[0m16:00:20.058819 [debug] [Thread-2 (]: Writing injected SQL for node "model.olist_dbt.stg_orders"
[0m16:00:20.059567 [debug] [Thread-5 (]: Began executing node model.olist_dbt.stg_order_reviews
[0m16:00:20.089745 [debug] [Thread-5 (]: Opening a new connection, currently in state init
[0m16:00:20.120946 [debug] [Thread-2 (]: Began executing node model.olist_dbt.stg_orders
[0m16:00:20.122744 [debug] [Thread-2 (]: Opening a new connection, currently in state closed
[0m16:00:20.122358 [debug] [Thread-3 (]: Finished running node model.olist_dbt.stg_order_items
[0m16:00:20.121752 [debug] [Thread-4 (]: Finished running node model.olist_dbt.stg_order_payments
[0m16:00:20.154467 [debug] [Thread-3 (]: Began running node model.olist_dbt.stg_products
[0m16:00:20.155735 [debug] [Thread-5 (]: Finished running node model.olist_dbt.stg_order_reviews
[0m16:00:20.156333 [debug] [Thread-4 (]: Began running node test.olist_dbt.source_not_null_olist_raw_olist_orders_dataset_order_id.0e0a607639
[0m16:00:20.189102 [debug] [Thread-2 (]: Finished running node model.olist_dbt.stg_orders
[0m16:00:20.189505 [debug] [Thread-3 (]: Re-using an available connection from the pool (formerly model.olist_dbt.stg_order_items, now model.olist_dbt.stg_products)
[0m16:00:20.189937 [debug] [Thread-5 (]: Began running node test.olist_dbt.source_unique_olist_raw_olist_orders_dataset_order_id.ccf0c8c1b6
[0m16:00:20.190483 [debug] [Thread-4 (]: Re-using an available connection from the pool (formerly model.olist_dbt.stg_order_payments, now test.olist_dbt.source_not_null_olist_raw_olist_orders_dataset_order_id.0e0a607639)
[0m16:00:20.190894 [debug] [Thread-2 (]: Began running node test.olist_dbt.not_null_stg_customers_customer_id.e2cfb1f9aa
[0m16:00:20.191268 [debug] [Thread-3 (]: Began compiling node model.olist_dbt.stg_products
[0m16:00:20.194358 [debug] [Thread-3 (]: Writing injected SQL for node "model.olist_dbt.stg_products"
[0m16:00:20.192257 [debug] [Thread-4 (]: Began compiling node test.olist_dbt.source_not_null_olist_raw_olist_orders_dataset_order_id.0e0a607639
[0m16:00:20.192652 [debug] [Thread-2 (]: Re-using an available connection from the pool (formerly model.olist_dbt.stg_orders, now test.olist_dbt.not_null_stg_customers_customer_id.e2cfb1f9aa)
[0m16:00:20.191839 [debug] [Thread-5 (]: Re-using an available connection from the pool (formerly model.olist_dbt.stg_order_reviews, now test.olist_dbt.source_unique_olist_raw_olist_orders_dataset_order_id.ccf0c8c1b6)
[0m16:00:20.209340 [debug] [Thread-5 (]: Began compiling node test.olist_dbt.source_unique_olist_raw_olist_orders_dataset_order_id.ccf0c8c1b6
[0m16:00:20.208878 [debug] [Thread-2 (]: Began compiling node test.olist_dbt.not_null_stg_customers_customer_id.e2cfb1f9aa
[0m16:00:20.208403 [debug] [Thread-4 (]: Writing injected SQL for node "test.olist_dbt.source_not_null_olist_raw_olist_orders_dataset_order_id.0e0a607639"
[0m16:00:20.217730 [debug] [Thread-5 (]: Writing injected SQL for node "test.olist_dbt.source_unique_olist_raw_olist_orders_dataset_order_id.ccf0c8c1b6"
[0m16:00:20.223286 [debug] [Thread-2 (]: Writing injected SQL for node "test.olist_dbt.not_null_stg_customers_customer_id.e2cfb1f9aa"
[0m16:00:20.223649 [debug] [Thread-3 (]: Began executing node model.olist_dbt.stg_products
[0m16:00:20.224443 [debug] [Thread-3 (]: Opening a new connection, currently in state closed
[0m16:00:20.225333 [debug] [Thread-5 (]: Began executing node test.olist_dbt.source_unique_olist_raw_olist_orders_dataset_order_id.ccf0c8c1b6
[0m16:00:20.225693 [debug] [Thread-5 (]: Opening a new connection, currently in state closed
[0m16:00:20.226084 [debug] [Thread-2 (]: Began executing node test.olist_dbt.not_null_stg_customers_customer_id.e2cfb1f9aa
[0m16:00:20.226409 [debug] [Thread-2 (]: Opening a new connection, currently in state closed
[0m16:00:20.226758 [debug] [Thread-4 (]: Began executing node test.olist_dbt.source_not_null_olist_raw_olist_orders_dataset_order_id.0e0a607639
[0m16:00:20.227090 [debug] [Thread-4 (]: Opening a new connection, currently in state closed
[0m16:00:20.288932 [debug] [Thread-5 (]: Finished running node test.olist_dbt.source_unique_olist_raw_olist_orders_dataset_order_id.ccf0c8c1b6
[0m16:00:20.289363 [debug] [Thread-5 (]: Began running node test.olist_dbt.not_null_stg_customers_customer_unique_id.7144461cba
[0m16:00:20.289715 [debug] [Thread-5 (]: Re-using an available connection from the pool (formerly test.olist_dbt.source_unique_olist_raw_olist_orders_dataset_order_id.ccf0c8c1b6, now test.olist_dbt.not_null_stg_customers_customer_unique_id.7144461cba)
[0m16:00:20.290332 [debug] [Thread-3 (]: Finished running node model.olist_dbt.stg_products
[0m16:00:20.320531 [debug] [Thread-5 (]: Began compiling node test.olist_dbt.not_null_stg_customers_customer_unique_id.7144461cba
[0m16:00:20.353770 [debug] [Thread-4 (]: Finished running node test.olist_dbt.source_not_null_olist_raw_olist_orders_dataset_order_id.0e0a607639
[0m16:00:20.354402 [debug] [Thread-2 (]: Finished running node test.olist_dbt.not_null_stg_customers_customer_id.e2cfb1f9aa
[0m16:00:20.360155 [debug] [Thread-2 (]: Began running node test.olist_dbt.not_null_stg_order_items_order_id.2063801f96
[0m16:00:20.360547 [debug] [Thread-2 (]: Re-using an available connection from the pool (formerly test.olist_dbt.not_null_stg_customers_customer_id.e2cfb1f9aa, now test.olist_dbt.not_null_stg_order_items_order_id.2063801f96)
[0m16:00:20.351103 [debug] [Thread-3 (]: Began running node test.olist_dbt.unique_stg_customers_customer_id.c7614daada
[0m16:00:20.361381 [debug] [Thread-3 (]: Re-using an available connection from the pool (formerly model.olist_dbt.stg_products, now test.olist_dbt.unique_stg_customers_customer_id.c7614daada)
[0m16:00:20.359666 [debug] [Thread-4 (]: Began running node test.olist_dbt.dbt_utils_accepted_range_stg_order_items_price__0.662f69fffd
[0m16:00:20.359270 [debug] [Thread-5 (]: Writing injected SQL for node "test.olist_dbt.not_null_stg_customers_customer_unique_id.7144461cba"
[0m16:00:20.361705 [debug] [Thread-3 (]: Began compiling node test.olist_dbt.unique_stg_customers_customer_id.c7614daada
[0m16:00:20.360868 [debug] [Thread-2 (]: Began compiling node test.olist_dbt.not_null_stg_order_items_order_id.2063801f96
[0m16:00:20.362130 [debug] [Thread-4 (]: Re-using an available connection from the pool (formerly test.olist_dbt.source_not_null_olist_raw_olist_orders_dataset_order_id.0e0a607639, now test.olist_dbt.dbt_utils_accepted_range_stg_order_items_price__0.662f69fffd)
[0m16:00:20.367808 [debug] [Thread-3 (]: Writing injected SQL for node "test.olist_dbt.unique_stg_customers_customer_id.c7614daada"
[0m16:00:20.374311 [debug] [Thread-2 (]: Writing injected SQL for node "test.olist_dbt.not_null_stg_order_items_order_id.2063801f96"
[0m16:00:20.374803 [debug] [Thread-4 (]: Began compiling node test.olist_dbt.dbt_utils_accepted_range_stg_order_items_price__0.662f69fffd
[0m16:00:20.388322 [debug] [Thread-4 (]: Writing injected SQL for node "test.olist_dbt.dbt_utils_accepted_range_stg_order_items_price__0.662f69fffd"
[0m16:00:20.375380 [debug] [Thread-5 (]: Began executing node test.olist_dbt.not_null_stg_customers_customer_unique_id.7144461cba
[0m16:00:20.389126 [debug] [Thread-5 (]: Opening a new connection, currently in state closed
[0m16:00:20.389863 [debug] [Thread-2 (]: Began executing node test.olist_dbt.not_null_stg_order_items_order_id.2063801f96
[0m16:00:20.390214 [debug] [Thread-2 (]: Opening a new connection, currently in state closed
[0m16:00:20.390757 [debug] [Thread-3 (]: Began executing node test.olist_dbt.unique_stg_customers_customer_id.c7614daada
[0m16:00:20.391095 [debug] [Thread-3 (]: Opening a new connection, currently in state closed
[0m16:00:20.421680 [debug] [Thread-4 (]: Began executing node test.olist_dbt.dbt_utils_accepted_range_stg_order_items_price__0.662f69fffd
[0m16:00:20.422161 [debug] [Thread-4 (]: Opening a new connection, currently in state closed
[0m16:00:20.452986 [debug] [Thread-5 (]: Finished running node test.olist_dbt.not_null_stg_customers_customer_unique_id.7144461cba
[0m16:00:20.483076 [debug] [Thread-5 (]: Began running node test.olist_dbt.not_null_stg_order_items_price.ff3393f991
[0m16:00:20.483554 [debug] [Thread-5 (]: Re-using an available connection from the pool (formerly test.olist_dbt.not_null_stg_customers_customer_unique_id.7144461cba, now test.olist_dbt.not_null_stg_order_items_price.ff3393f991)
[0m16:00:20.483886 [debug] [Thread-5 (]: Began compiling node test.olist_dbt.not_null_stg_order_items_price.ff3393f991
[0m16:00:20.519990 [debug] [Thread-5 (]: Writing injected SQL for node "test.olist_dbt.not_null_stg_order_items_price.ff3393f991"
[0m16:00:20.514347 [debug] [Thread-2 (]: Finished running node test.olist_dbt.not_null_stg_order_items_order_id.2063801f96
[0m16:00:20.521450 [debug] [Thread-2 (]: Began running node test.olist_dbt.not_null_stg_order_payments_order_id.de5ce0ffc7
[0m16:00:20.521804 [debug] [Thread-2 (]: Re-using an available connection from the pool (formerly test.olist_dbt.not_null_stg_order_items_order_id.2063801f96, now test.olist_dbt.not_null_stg_order_payments_order_id.de5ce0ffc7)
[0m16:00:20.522123 [debug] [Thread-2 (]: Began compiling node test.olist_dbt.not_null_stg_order_payments_order_id.de5ce0ffc7
[0m16:00:20.521009 [debug] [Thread-3 (]: Finished running node test.olist_dbt.unique_stg_customers_customer_id.c7614daada
[0m16:00:20.526901 [debug] [Thread-3 (]: Began running node test.olist_dbt.not_null_stg_order_payments_payment_value.d2fb714004
[0m16:00:20.527512 [debug] [Thread-3 (]: Re-using an available connection from the pool (formerly test.olist_dbt.unique_stg_customers_customer_id.c7614daada, now test.olist_dbt.not_null_stg_order_payments_payment_value.d2fb714004)
[0m16:00:20.527865 [debug] [Thread-3 (]: Began compiling node test.olist_dbt.not_null_stg_order_payments_payment_value.d2fb714004
[0m16:00:20.534105 [debug] [Thread-3 (]: Writing injected SQL for node "test.olist_dbt.not_null_stg_order_payments_payment_value.d2fb714004"
[0m16:00:20.536908 [debug] [Thread-2 (]: Writing injected SQL for node "test.olist_dbt.not_null_stg_order_payments_order_id.de5ce0ffc7"
[0m16:00:20.526251 [debug] [Thread-4 (]: Finished running node test.olist_dbt.dbt_utils_accepted_range_stg_order_items_price__0.662f69fffd
[0m16:00:20.538351 [debug] [Thread-4 (]: Began running node test.olist_dbt.dbt_utils_accepted_range_stg_order_reviews_score__5__1.0745e2ae75
[0m16:00:20.538969 [debug] [Thread-4 (]: Re-using an available connection from the pool (formerly test.olist_dbt.dbt_utils_accepted_range_stg_order_items_price__0.662f69fffd, now test.olist_dbt.dbt_utils_accepted_range_stg_order_reviews_score__5__1.0745e2ae75)
[0m16:00:20.539320 [debug] [Thread-4 (]: Began compiling node test.olist_dbt.dbt_utils_accepted_range_stg_order_reviews_score__5__1.0745e2ae75
[0m16:00:20.537723 [debug] [Thread-5 (]: Began executing node test.olist_dbt.not_null_stg_order_items_price.ff3393f991
[0m16:00:20.545639 [debug] [Thread-5 (]: Opening a new connection, currently in state closed
[0m16:00:20.545214 [debug] [Thread-4 (]: Writing injected SQL for node "test.olist_dbt.dbt_utils_accepted_range_stg_order_reviews_score__5__1.0745e2ae75"
[0m16:00:20.546303 [debug] [Thread-2 (]: Began executing node test.olist_dbt.not_null_stg_order_payments_order_id.de5ce0ffc7
[0m16:00:20.546652 [debug] [Thread-2 (]: Opening a new connection, currently in state closed
[0m16:00:20.607026 [debug] [Thread-3 (]: Began executing node test.olist_dbt.not_null_stg_order_payments_payment_value.d2fb714004
[0m16:00:20.607841 [debug] [Thread-3 (]: Opening a new connection, currently in state closed
[0m16:00:20.608591 [debug] [Thread-5 (]: Finished running node test.olist_dbt.not_null_stg_order_items_price.ff3393f991
[0m16:00:20.609585 [debug] [Thread-5 (]: Began running node test.olist_dbt.not_null_stg_order_reviews_review_id.9ed4569df1
[0m16:00:20.609950 [debug] [Thread-5 (]: Re-using an available connection from the pool (formerly test.olist_dbt.not_null_stg_order_items_price.ff3393f991, now test.olist_dbt.not_null_stg_order_reviews_review_id.9ed4569df1)
[0m16:00:20.610271 [debug] [Thread-5 (]: Began compiling node test.olist_dbt.not_null_stg_order_reviews_review_id.9ed4569df1
[0m16:00:20.615945 [debug] [Thread-5 (]: Writing injected SQL for node "test.olist_dbt.not_null_stg_order_reviews_review_id.9ed4569df1"
[0m16:00:20.609204 [debug] [Thread-4 (]: Began executing node test.olist_dbt.dbt_utils_accepted_range_stg_order_reviews_score__5__1.0745e2ae75
[0m16:00:20.617228 [debug] [Thread-4 (]: Opening a new connection, currently in state closed
[0m16:00:20.616737 [debug] [Thread-2 (]: Finished running node test.olist_dbt.not_null_stg_order_payments_order_id.de5ce0ffc7
[0m16:00:20.617866 [debug] [Thread-2 (]: Began running node model.olist_dbt.dim_customers
[0m16:00:20.648020 [debug] [Thread-2 (]: Re-using an available connection from the pool (formerly test.olist_dbt.not_null_stg_order_payments_order_id.de5ce0ffc7, now model.olist_dbt.dim_customers)
[0m16:00:20.648445 [debug] [Thread-2 (]: Began compiling node model.olist_dbt.dim_customers
[0m16:00:20.650757 [debug] [Thread-2 (]: Writing injected SQL for node "model.olist_dbt.dim_customers"
[0m16:00:20.681895 [debug] [Thread-5 (]: Began executing node test.olist_dbt.not_null_stg_order_reviews_review_id.9ed4569df1
[0m16:00:20.683716 [debug] [Thread-5 (]: Opening a new connection, currently in state closed
[0m16:00:20.682554 [debug] [Thread-3 (]: Finished running node test.olist_dbt.not_null_stg_order_payments_payment_value.d2fb714004
[0m16:00:20.684368 [debug] [Thread-3 (]: Began running node model.olist_dbt.fct_monthly_sales
[0m16:00:20.684744 [debug] [Thread-3 (]: Re-using an available connection from the pool (formerly test.olist_dbt.not_null_stg_order_payments_payment_value.d2fb714004, now model.olist_dbt.fct_monthly_sales)
[0m16:00:20.685066 [debug] [Thread-3 (]: Began compiling node model.olist_dbt.fct_monthly_sales
[0m16:00:20.687111 [debug] [Thread-3 (]: Writing injected SQL for node "model.olist_dbt.fct_monthly_sales"
[0m16:00:20.683322 [debug] [Thread-4 (]: Finished running node test.olist_dbt.dbt_utils_accepted_range_stg_order_reviews_score__5__1.0745e2ae75
[0m16:00:20.688081 [debug] [Thread-4 (]: Began running node test.olist_dbt.accepted_values_stg_orders_order_status__delivered__shipped__invoiced__processing__canceled__unavailable__created__approved.58d928e90d
[0m16:00:20.688454 [debug] [Thread-4 (]: Re-using an available connection from the pool (formerly test.olist_dbt.dbt_utils_accepted_range_stg_order_reviews_score__5__1.0745e2ae75, now test.olist_dbt.accepted_values_stg_orders_order_status__delivered__shipped__invoiced__processing__canceled__unavailable__created__approved.58d928e90d)
[0m16:00:20.688783 [debug] [Thread-4 (]: Began compiling node test.olist_dbt.accepted_values_stg_orders_order_status__delivered__shipped__invoiced__processing__canceled__unavailable__created__approved.58d928e90d
[0m16:00:20.687591 [debug] [Thread-2 (]: Began executing node model.olist_dbt.dim_customers
[0m16:00:20.745096 [debug] [Thread-2 (]: Opening a new connection, currently in state closed
[0m16:00:20.745806 [debug] [Thread-5 (]: Finished running node test.olist_dbt.not_null_stg_order_reviews_review_id.9ed4569df1
[0m16:00:20.757231 [debug] [Thread-5 (]: Began running node test.olist_dbt.not_null_stg_orders_customer_id.af79d5e4b5
[0m16:00:20.757638 [debug] [Thread-5 (]: Re-using an available connection from the pool (formerly test.olist_dbt.not_null_stg_order_reviews_review_id.9ed4569df1, now test.olist_dbt.not_null_stg_orders_customer_id.af79d5e4b5)
[0m16:00:20.757970 [debug] [Thread-5 (]: Began compiling node test.olist_dbt.not_null_stg_orders_customer_id.af79d5e4b5
[0m16:00:20.763993 [debug] [Thread-5 (]: Writing injected SQL for node "test.olist_dbt.not_null_stg_orders_customer_id.af79d5e4b5"
[0m16:00:20.764406 [debug] [Thread-3 (]: Began executing node model.olist_dbt.fct_monthly_sales
[0m16:00:20.756573 [debug] [Thread-4 (]: Writing injected SQL for node "test.olist_dbt.accepted_values_stg_orders_order_status__delivered__shipped__invoiced__processing__canceled__unavailable__created__approved.58d928e90d"
[0m16:00:20.795887 [debug] [Thread-3 (]: Opening a new connection, currently in state closed
[0m16:00:20.796941 [debug] [Thread-2 (]: Finished running node model.olist_dbt.dim_customers
[0m16:00:20.798354 [debug] [Thread-2 (]: Began running node test.olist_dbt.not_null_stg_orders_order_id.81cfe2fe64
[0m16:00:20.798797 [debug] [Thread-2 (]: Re-using an available connection from the pool (formerly model.olist_dbt.dim_customers, now test.olist_dbt.not_null_stg_orders_order_id.81cfe2fe64)
[0m16:00:20.799178 [debug] [Thread-2 (]: Began compiling node test.olist_dbt.not_null_stg_orders_order_id.81cfe2fe64
[0m16:00:20.805465 [debug] [Thread-2 (]: Writing injected SQL for node "test.olist_dbt.not_null_stg_orders_order_id.81cfe2fe64"
[0m16:00:20.797782 [debug] [Thread-5 (]: Began executing node test.olist_dbt.not_null_stg_orders_customer_id.af79d5e4b5
[0m16:00:20.806490 [debug] [Thread-5 (]: Opening a new connection, currently in state closed
[0m16:00:20.836945 [debug] [Thread-4 (]: Began executing node test.olist_dbt.accepted_values_stg_orders_order_status__delivered__shipped__invoiced__processing__canceled__unavailable__created__approved.58d928e90d
[0m16:00:20.837403 [debug] [Thread-4 (]: Opening a new connection, currently in state closed
[0m16:00:20.838728 [debug] [Thread-2 (]: Began executing node test.olist_dbt.not_null_stg_orders_order_id.81cfe2fe64
[0m16:00:20.839186 [debug] [Thread-2 (]: Opening a new connection, currently in state closed
[0m16:00:20.838396 [debug] [Thread-3 (]: Finished running node model.olist_dbt.fct_monthly_sales
[0m16:00:20.868961 [debug] [Thread-3 (]: Began running node test.olist_dbt.not_null_stg_orders_purchased_at.c1efa3edc3
[0m16:00:20.869422 [debug] [Thread-3 (]: Re-using an available connection from the pool (formerly model.olist_dbt.fct_monthly_sales, now test.olist_dbt.not_null_stg_orders_purchased_at.c1efa3edc3)
[0m16:00:20.869756 [debug] [Thread-3 (]: Began compiling node test.olist_dbt.not_null_stg_orders_purchased_at.c1efa3edc3
[0m16:00:20.876555 [debug] [Thread-3 (]: Writing injected SQL for node "test.olist_dbt.not_null_stg_orders_purchased_at.c1efa3edc3"
[0m16:00:20.870981 [debug] [Thread-5 (]: Finished running node test.olist_dbt.not_null_stg_orders_customer_id.af79d5e4b5
[0m16:00:20.937059 [debug] [Thread-5 (]: Began running node test.olist_dbt.unique_stg_orders_order_id.e3b841c71a
[0m16:00:20.938050 [debug] [Thread-5 (]: Re-using an available connection from the pool (formerly test.olist_dbt.not_null_stg_orders_customer_id.af79d5e4b5, now test.olist_dbt.unique_stg_orders_order_id.e3b841c71a)
[0m16:00:20.938399 [debug] [Thread-5 (]: Began compiling node test.olist_dbt.unique_stg_orders_order_id.e3b841c71a
[0m16:00:20.944296 [debug] [Thread-5 (]: Writing injected SQL for node "test.olist_dbt.unique_stg_orders_order_id.e3b841c71a"
[0m16:00:20.946016 [debug] [Thread-4 (]: Finished running node test.olist_dbt.accepted_values_stg_orders_order_status__delivered__shipped__invoiced__processing__canceled__unavailable__created__approved.58d928e90d
[0m16:00:20.945223 [debug] [Thread-2 (]: Finished running node test.olist_dbt.not_null_stg_orders_order_id.81cfe2fe64
[0m16:00:20.947436 [debug] [Thread-2 (]: Began running node test.olist_dbt.not_null_stg_products_product_id.6373b0acf3
[0m16:00:20.946401 [debug] [Thread-3 (]: Began executing node test.olist_dbt.not_null_stg_orders_purchased_at.c1efa3edc3
[0m16:00:20.946866 [debug] [Thread-4 (]: Began running node model.olist_dbt.ct_order_details
[0m16:00:20.949358 [debug] [Thread-4 (]: Re-using an available connection from the pool (formerly test.olist_dbt.accepted_values_stg_orders_order_status__delivered__shipped__invoiced__processing__canceled__unavailable__created__approved.58d928e90d, now model.olist_dbt.ct_order_details)
[0m16:00:20.949691 [debug] [Thread-4 (]: Began compiling node model.olist_dbt.ct_order_details
[0m16:00:20.952435 [debug] [Thread-4 (]: Writing injected SQL for node "model.olist_dbt.ct_order_details"
[0m16:00:20.948943 [debug] [Thread-5 (]: Began executing node test.olist_dbt.unique_stg_orders_order_id.e3b841c71a
[0m16:00:20.947837 [debug] [Thread-2 (]: Re-using an available connection from the pool (formerly test.olist_dbt.not_null_stg_orders_order_id.81cfe2fe64, now test.olist_dbt.not_null_stg_products_product_id.6373b0acf3)
[0m16:00:20.948591 [debug] [Thread-3 (]: Opening a new connection, currently in state closed
[0m16:00:20.952939 [debug] [Thread-5 (]: Opening a new connection, currently in state closed
[0m16:00:20.953328 [debug] [Thread-2 (]: Began compiling node test.olist_dbt.not_null_stg_products_product_id.6373b0acf3
[0m16:00:20.959109 [debug] [Thread-2 (]: Writing injected SQL for node "test.olist_dbt.not_null_stg_products_product_id.6373b0acf3"
[0m16:00:21.023148 [debug] [Thread-3 (]: Finished running node test.olist_dbt.not_null_stg_orders_purchased_at.c1efa3edc3
[0m16:00:21.023896 [debug] [Thread-3 (]: Began running node test.olist_dbt.unique_stg_products_product_id.7d950a1467
[0m16:00:21.025158 [debug] [Thread-3 (]: Re-using an available connection from the pool (formerly test.olist_dbt.not_null_stg_orders_purchased_at.c1efa3edc3, now test.olist_dbt.unique_stg_products_product_id.7d950a1467)
[0m16:00:21.025595 [debug] [Thread-4 (]: Began executing node model.olist_dbt.ct_order_details
[0m16:00:21.024751 [debug] [Thread-5 (]: Finished running node test.olist_dbt.unique_stg_orders_order_id.e3b841c71a
[0m16:00:21.027678 [debug] [Thread-5 (]: Began running node test.olist_dbt.not_null_dim_customers_customer_id.dd91cd1c8d
[0m16:00:21.028105 [debug] [Thread-5 (]: Re-using an available connection from the pool (formerly test.olist_dbt.unique_stg_orders_order_id.e3b841c71a, now test.olist_dbt.not_null_dim_customers_customer_id.dd91cd1c8d)
[0m16:00:21.028470 [debug] [Thread-5 (]: Began compiling node test.olist_dbt.not_null_dim_customers_customer_id.dd91cd1c8d
[0m16:00:21.035190 [debug] [Thread-5 (]: Writing injected SQL for node "test.olist_dbt.not_null_dim_customers_customer_id.dd91cd1c8d"
[0m16:00:21.026804 [debug] [Thread-2 (]: Began executing node test.olist_dbt.not_null_stg_products_product_id.6373b0acf3
[0m16:00:21.025981 [debug] [Thread-3 (]: Began compiling node test.olist_dbt.unique_stg_products_product_id.7d950a1467
[0m16:00:21.027205 [debug] [Thread-4 (]: Opening a new connection, currently in state closed
[0m16:00:21.035979 [debug] [Thread-2 (]: Opening a new connection, currently in state closed
[0m16:00:21.042427 [debug] [Thread-3 (]: Writing injected SQL for node "test.olist_dbt.unique_stg_products_product_id.7d950a1467"
[0m16:00:21.043332 [debug] [Thread-5 (]: Began executing node test.olist_dbt.not_null_dim_customers_customer_id.dd91cd1c8d
[0m16:00:21.074859 [debug] [Thread-5 (]: Opening a new connection, currently in state closed
[0m16:00:21.075822 [debug] [Thread-4 (]: Finished running node model.olist_dbt.ct_order_details
[0m16:00:21.108455 [debug] [Thread-4 (]: Began running node test.olist_dbt.unique_dim_customers_customer_id.15c9f1e2fd
[0m16:00:21.109043 [debug] [Thread-4 (]: Re-using an available connection from the pool (formerly model.olist_dbt.ct_order_details, now test.olist_dbt.unique_dim_customers_customer_id.15c9f1e2fd)
[0m16:00:21.109819 [debug] [Thread-4 (]: Began compiling node test.olist_dbt.unique_dim_customers_customer_id.15c9f1e2fd
[0m16:00:21.110230 [debug] [Thread-3 (]: Began executing node test.olist_dbt.unique_stg_products_product_id.7d950a1467
[0m16:00:21.141473 [debug] [Thread-2 (]: Finished running node test.olist_dbt.not_null_stg_products_product_id.6373b0acf3
[0m16:00:21.147890 [debug] [Thread-4 (]: Writing injected SQL for node "test.olist_dbt.unique_dim_customers_customer_id.15c9f1e2fd"
[0m16:00:21.148768 [debug] [Thread-3 (]: Opening a new connection, currently in state closed
[0m16:00:21.149534 [debug] [Thread-5 (]: Finished running node test.olist_dbt.not_null_dim_customers_customer_id.dd91cd1c8d
[0m16:00:21.150904 [debug] [Thread-5 (]: Began running node test.olist_dbt.not_null_fct_monthly_sales_total_revenue.ae760bb071
[0m16:00:21.150025 [debug] [Thread-2 (]: Began running node test.olist_dbt.not_null_fct_monthly_sales_sales_month.bd67381e1f
[0m16:00:21.152371 [debug] [Thread-2 (]: Re-using an available connection from the pool (formerly test.olist_dbt.not_null_stg_products_product_id.6373b0acf3, now test.olist_dbt.not_null_fct_monthly_sales_sales_month.bd67381e1f)
[0m16:00:21.152770 [debug] [Thread-2 (]: Began compiling node test.olist_dbt.not_null_fct_monthly_sales_sales_month.bd67381e1f
[0m16:00:21.151794 [debug] [Thread-5 (]: Re-using an available connection from the pool (formerly test.olist_dbt.not_null_dim_customers_customer_id.dd91cd1c8d, now test.olist_dbt.not_null_fct_monthly_sales_total_revenue.ae760bb071)
[0m16:00:21.183935 [debug] [Thread-4 (]: Began executing node test.olist_dbt.unique_dim_customers_customer_id.15c9f1e2fd
[0m16:00:21.190921 [debug] [Thread-2 (]: Writing injected SQL for node "test.olist_dbt.not_null_fct_monthly_sales_sales_month.bd67381e1f"
[0m16:00:21.191483 [debug] [Thread-5 (]: Began compiling node test.olist_dbt.not_null_fct_monthly_sales_total_revenue.ae760bb071
[0m16:00:21.192418 [debug] [Thread-3 (]: Finished running node test.olist_dbt.unique_stg_products_product_id.7d950a1467
[0m16:00:21.192788 [debug] [Thread-4 (]: Opening a new connection, currently in state closed
[0m16:00:21.200907 [debug] [Thread-5 (]: Writing injected SQL for node "test.olist_dbt.not_null_fct_monthly_sales_total_revenue.ae760bb071"
[0m16:00:21.201483 [debug] [Thread-3 (]: Began running node test.olist_dbt.unique_fct_monthly_sales_sales_month.4c5ee187eb
[0m16:00:21.202855 [debug] [Thread-3 (]: Re-using an available connection from the pool (formerly test.olist_dbt.unique_stg_products_product_id.7d950a1467, now test.olist_dbt.unique_fct_monthly_sales_sales_month.4c5ee187eb)
[0m16:00:21.203256 [debug] [Thread-3 (]: Began compiling node test.olist_dbt.unique_fct_monthly_sales_sales_month.4c5ee187eb
[0m16:00:21.209370 [debug] [Thread-3 (]: Writing injected SQL for node "test.olist_dbt.unique_fct_monthly_sales_sales_month.4c5ee187eb"
[0m16:00:21.202366 [debug] [Thread-2 (]: Began executing node test.olist_dbt.not_null_fct_monthly_sales_sales_month.bd67381e1f
[0m16:00:21.240235 [debug] [Thread-2 (]: Opening a new connection, currently in state closed
[0m16:00:21.240966 [debug] [Thread-4 (]: Finished running node test.olist_dbt.unique_dim_customers_customer_id.15c9f1e2fd
[0m16:00:21.282437 [debug] [Thread-5 (]: Began executing node test.olist_dbt.not_null_fct_monthly_sales_total_revenue.ae760bb071
[0m16:00:21.283394 [debug] [Thread-5 (]: Opening a new connection, currently in state closed
[0m16:00:21.285804 [debug] [Thread-2 (]: Finished running node test.olist_dbt.not_null_fct_monthly_sales_sales_month.bd67381e1f
[0m16:00:21.288130 [debug] [Thread-3 (]: Began executing node test.olist_dbt.unique_fct_monthly_sales_sales_month.4c5ee187eb
[0m16:00:21.289143 [debug] [Thread-3 (]: Opening a new connection, currently in state closed
[0m16:00:21.405229 [debug] [Thread-3 (]: Finished running node test.olist_dbt.unique_fct_monthly_sales_sales_month.4c5ee187eb
[0m16:00:21.405930 [debug] [Thread-5 (]: Finished running node test.olist_dbt.not_null_fct_monthly_sales_total_revenue.ae760bb071
[0m16:00:21.407637 [debug] [MainThread]: Connection 'master' was properly closed.
[0m16:00:21.408035 [debug] [MainThread]: Connection 'list_latihan-data-505310_olist_dataset' was properly closed.
[0m16:00:21.408367 [debug] [MainThread]: Connection 'test.olist_dbt.not_null_fct_monthly_sales_sales_month.bd67381e1f' was properly closed.
[0m16:00:21.408670 [debug] [MainThread]: Connection 'test.olist_dbt.unique_fct_monthly_sales_sales_month.4c5ee187eb' was properly closed.
[0m16:00:21.408987 [debug] [MainThread]: Connection 'test.olist_dbt.not_null_fct_monthly_sales_total_revenue.ae760bb071' was properly closed.
[0m16:00:21.409247 [debug] [MainThread]: Connection 'test.olist_dbt.unique_dim_customers_customer_id.15c9f1e2fd' was properly closed.
[0m16:00:21.414530 [debug] [MainThread]: Command end result
[0m16:00:21.537300 [debug] [MainThread]: Wrote artifact WritableManifest to C:\Users\USER\analytics-portofolio\olist_dbt\target\manifest.json
[0m16:00:21.541442 [debug] [MainThread]: Wrote artifact SemanticManifest to C:\Users\USER\analytics-portofolio\olist_dbt\target\semantic_manifest.json
[0m16:00:21.571071 [debug] [MainThread]: Wrote artifact OsiDocument to C:\Users\USER\analytics-portofolio\olist_dbt\target\osi_document.json
[0m16:00:21.579701 [debug] [MainThread]: Wrote artifact RunExecutionResult to C:\Users\USER\analytics-portofolio\olist_dbt\target\run_results.json
[0m16:00:21.589993 [debug] [MainThread]: Acquiring new bigquery connection 'generate_catalog'
[0m16:00:21.590731 [info ] [MainThread]: Building catalog
[0m16:00:21.601230 [debug] [MainThread]: Opening a new connection, currently in state init
[0m16:00:23.738646 [debug] [ThreadPool]: Acquiring new bigquery connection 'latihan-data-505310.information_schema'
[0m16:00:23.753594 [debug] [ThreadPool]: Acquiring new bigquery connection 'latihan-data-505310.information_schema'
[0m16:00:23.764816 [debug] [ThreadPool]: On latihan-data-505310.information_schema: /* {"app": "dbt", "dbt_version": "1.12.4", "profile_name": "olist_dbt", "target_name": "dev", "connection_name": "latihan-data-505310.information_schema"} */

    with
                table_shards_stage as (
    select
        tables.project_id as table_catalog,
        tables.dataset_id as table_schema,
        coalesce(REGEXP_EXTRACT(tables.table_id, '^(.+)[0-9]{8}$'), tables.table_id) as table_name,
        tables.table_id as shard_name,
        REGEXP_EXTRACT(tables.table_id, '^.+([0-9]{8})$') as shard_index,
        REGEXP_CONTAINS(tables.table_id, '^.+[0-9]{8}$') and tables.type = 1 as is_date_shard,
        case
            when materialized_views.table_name is not null then 'materialized view'
            when tables.type = 1 then 'table'
            when tables.type = 2 then 'view'
            else 'external'
        end as table_type,
        tables.type = 1 as is_table,
        JSON_VALUE(table_description.option_value) as table_comment,
        tables.size_bytes,
        tables.row_count
    from `latihan-data-505310`.`olist_raw`.__TABLES__ tables
    left join `latihan-data-505310`.`olist_raw`.INFORMATION_SCHEMA.MATERIALIZED_VIEWS materialized_views
        on materialized_views.table_catalog = tables.project_id
        and materialized_views.table_schema = tables.dataset_id
        and materialized_views.table_name = tables.table_id
    left join `latihan-data-505310`.`olist_raw`.INFORMATION_SCHEMA.TABLE_OPTIONS table_description
        on table_description.table_catalog = tables.project_id
        and table_description.table_schema = tables.dataset_id
        and table_description.table_name = tables.table_id
        and table_description.option_name = 'description'
),
                table_shards as (
                    select * from table_shards_stage
                    where ((
                                upper(table_schema) = upper('olist_raw')
                            and upper(table_name) = upper('olist_products_dataset')
                            ) or (
                                upper(table_schema) = upper('olist_raw')
                            and upper(table_name) = upper('olist_order_reviews_dataset')
                            ) or (
                                upper(table_schema) = upper('olist_raw')
                            and upper(table_name) = upper('olist_customers_dataset')
                            ) or (
                                upper(table_schema) = upper('olist_raw')
                            and upper(table_name) = upper('olist_order_payments_dataset')
                            ) or (
                                upper(table_schema) = upper('olist_raw')
                            and upper(table_name) = upper('olist_order_items_dataset')
                            ) or (
                                upper(table_schema) = upper('olist_raw')
                            and upper(table_name) = upper('olist_orders_dataset')
                            ))
                ),
                tables as (
    select distinct
        table_catalog,
        table_schema,
        table_name,
        is_date_shard,
        table_type,
        is_table,
        table_comment
    from table_shards
),
                table_stats as (
    select
        table_catalog,
        table_schema,
        table_name,
        max(shard_name) as latest_shard_name,
        min(shard_index) as shard_min,
        max(shard_index) as shard_max,
        count(shard_index) as shard_count,
        sum(size_bytes) as size_bytes,
        sum(row_count) as row_count
    from table_shards
    group by 1, 2, 3
),

                columns as (
    select
        columns.table_catalog,
        columns.table_schema,
        columns.table_name as shard_name,
        coalesce(paths.field_path, '<unknown>') as column_name,
        -- invent a row number to account for nested fields
        -- BQ does not treat these nested properties as independent fields
        row_number() over (
            partition by
                columns.table_catalog,
                columns.table_schema,
                columns.table_name
            order by
                columns.ordinal_position,
                paths.field_path
        ) as column_index,
        coalesce(paths.data_type, '<unknown>') as column_type,
        paths.description as column_comment,
        case when columns.is_partitioning_column = 'YES' then 1 else 0 end as is_partitioning_column,
        case when columns.is_partitioning_column = 'YES' then paths.field_path end as partition_column,
        case when columns.clustering_ordinal_position is not null then 1 else 0 end as is_clustering_column,
        case when columns.clustering_ordinal_position is not null then paths.field_path end as cluster_column,
        columns.clustering_ordinal_position
    from `latihan-data-505310`.`olist_raw`.INFORMATION_SCHEMA.COLUMNS columns
    join `latihan-data-505310`.`olist_raw`.INFORMATION_SCHEMA.COLUMN_FIELD_PATHS paths
        on paths.table_catalog = columns.table_catalog
        and paths.table_schema = columns.table_schema
        and paths.table_name = columns.table_name
        and paths.column_name = columns.column_name
    where columns.ordinal_position is not null
),
                column_stats as (
    select
        table_catalog,
        table_schema,
        shard_name,
        max(is_partitioning_column) = 1 as is_partitioned,
        max(partition_column) as partition_column,
        max(is_clustering_column) = 1 as is_clustered,
        array_to_string(
            array_agg(
                cluster_column ignore nulls
                order by clustering_ordinal_position
            ), ', '
        ) as clustering_columns
    from columns
    group by 1, 2, 3
)

            
    select
        tables.table_catalog as table_database,
        tables.table_schema,
        case
            when tables.is_date_shard then concat(tables.table_name, '*')
            else tables.table_name
        end as table_name,
        tables.table_type,
        tables.table_comment,
        -- coalesce column metadata fields to ensure they are non-null for catalog generation
        -- external table columns are not present in COLUMN_FIELD_PATHS
        coalesce(columns.column_name, '<unknown>') as column_name,
        coalesce(columns.column_index, 1) as column_index,
        coalesce(columns.column_type, '<unknown>') as column_type,
        coalesce(columns.column_comment, '') as column_comment,

        'Shard count' as `stats__date_shards__label`,
        table_stats.shard_count as `stats__date_shards__value`,
        'The number of date shards in this table' as `stats__date_shards__description`,
        tables.is_date_shard as `stats__date_shards__include`,

        'Shard (min)' as `stats__date_shard_min__label`,
        table_stats.shard_min as `stats__date_shard_min__value`,
        'The first date shard in this table' as `stats__date_shard_min__description`,
        tables.is_date_shard as `stats__date_shard_min__include`,

        'Shard (max)' as `stats__date_shard_max__label`,
        table_stats.shard_max as `stats__date_shard_max__value`,
        'The last date shard in this table' as `stats__date_shard_max__description`,
        tables.is_date_shard as `stats__date_shard_max__include`,

        '# Rows' as `stats__num_rows__label`,
        table_stats.row_count as `stats__num_rows__value`,
        'Approximate count of rows in this table' as `stats__num_rows__description`,
        tables.is_table as `stats__num_rows__include`,

        'Approximate Size' as `stats__num_bytes__label`,
        table_stats.size_bytes as `stats__num_bytes__value`,
        'Approximate size of table as reported by BigQuery' as `stats__num_bytes__description`,
        tables.is_table as `stats__num_bytes__include`,

        'Partitioned By' as `stats__partitioning_type__label`,
        column_stats.partition_column as `stats__partitioning_type__value`,
        'The partitioning column for this table' as `stats__partitioning_type__description`,
        column_stats.is_partitioned as `stats__partitioning_type__include`,

        'Clustered By' as `stats__clustering_fields__label`,
        column_stats.clustering_columns as `stats__clustering_fields__value`,
        'The clustering columns for this table' as `stats__clustering_fields__description`,
        column_stats.is_clustered as `stats__clustering_fields__include`

    from tables
    join table_stats
        on table_stats.table_catalog = tables.table_catalog
        and table_stats.table_schema = tables.table_schema
        and table_stats.table_name = tables.table_name
    left join column_stats
        on column_stats.table_catalog = tables.table_catalog
        and column_stats.table_schema = tables.table_schema
        and column_stats.shard_name = table_stats.latest_shard_name
    left join columns
        on columns.table_catalog = tables.table_catalog
        and columns.table_schema = tables.table_schema
        and columns.shard_name = table_stats.latest_shard_name

  
[0m16:00:23.762588 [debug] [ThreadPool]: On latihan-data-505310.information_schema: /* {"app": "dbt", "dbt_version": "1.12.4", "profile_name": "olist_dbt", "target_name": "dev", "connection_name": "latihan-data-505310.information_schema"} */

    with
                table_shards_stage as (
    select
        tables.project_id as table_catalog,
        tables.dataset_id as table_schema,
        coalesce(REGEXP_EXTRACT(tables.table_id, '^(.+)[0-9]{8}$'), tables.table_id) as table_name,
        tables.table_id as shard_name,
        REGEXP_EXTRACT(tables.table_id, '^.+([0-9]{8})$') as shard_index,
        REGEXP_CONTAINS(tables.table_id, '^.+[0-9]{8}$') and tables.type = 1 as is_date_shard,
        case
            when materialized_views.table_name is not null then 'materialized view'
            when tables.type = 1 then 'table'
            when tables.type = 2 then 'view'
            else 'external'
        end as table_type,
        tables.type = 1 as is_table,
        JSON_VALUE(table_description.option_value) as table_comment,
        tables.size_bytes,
        tables.row_count
    from `latihan-data-505310`.`olist_dataset`.__TABLES__ tables
    left join `latihan-data-505310`.`olist_dataset`.INFORMATION_SCHEMA.MATERIALIZED_VIEWS materialized_views
        on materialized_views.table_catalog = tables.project_id
        and materialized_views.table_schema = tables.dataset_id
        and materialized_views.table_name = tables.table_id
    left join `latihan-data-505310`.`olist_dataset`.INFORMATION_SCHEMA.TABLE_OPTIONS table_description
        on table_description.table_catalog = tables.project_id
        and table_description.table_schema = tables.dataset_id
        and table_description.table_name = tables.table_id
        and table_description.option_name = 'description'
),
                table_shards as (
                    select * from table_shards_stage
                    where ((
                                upper(table_schema) = upper('olist_dataset')
                            and upper(table_name) = upper('stg_customers')
                            ) or (
                                upper(table_schema) = upper('olist_dataset')
                            and upper(table_name) = upper('fct_monthly_sales')
                            ) or (
                                upper(table_schema) = upper('olist_dataset')
                            and upper(table_name) = upper('dim_customers')
                            ) or (
                                upper(table_schema) = upper('olist_dataset')
                            and upper(table_name) = upper('stg_orders')
                            ) or (
                                upper(table_schema) = upper('olist_dataset')
                            and upper(table_name) = upper('stg_products')
                            ) or (
                                upper(table_schema) = upper('olist_dataset')
                            and upper(table_name) = upper('stg_order_items')
                            ) or (
                                upper(table_schema) = upper('olist_dataset')
                            and upper(table_name) = upper('stg_order_payments')
                            ) or (
                                upper(table_schema) = upper('olist_dataset')
                            and upper(table_name) = upper('stg_order_reviews')
                            ) or (
                                upper(table_schema) = upper('olist_dataset')
                            and upper(table_name) = upper('ct_order_details')
                            ))
                ),
                tables as (
    select distinct
        table_catalog,
        table_schema,
        table_name,
        is_date_shard,
        table_type,
        is_table,
        table_comment
    from table_shards
),
                table_stats as (
    select
        table_catalog,
        table_schema,
        table_name,
        max(shard_name) as latest_shard_name,
        min(shard_index) as shard_min,
        max(shard_index) as shard_max,
        count(shard_index) as shard_count,
        sum(size_bytes) as size_bytes,
        sum(row_count) as row_count
    from table_shards
    group by 1, 2, 3
),

                columns as (
    select
        columns.table_catalog,
        columns.table_schema,
        columns.table_name as shard_name,
        coalesce(paths.field_path, '<unknown>') as column_name,
        -- invent a row number to account for nested fields
        -- BQ does not treat these nested properties as independent fields
        row_number() over (
            partition by
                columns.table_catalog,
                columns.table_schema,
                columns.table_name
            order by
                columns.ordinal_position,
                paths.field_path
        ) as column_index,
        coalesce(paths.data_type, '<unknown>') as column_type,
        paths.description as column_comment,
        case when columns.is_partitioning_column = 'YES' then 1 else 0 end as is_partitioning_column,
        case when columns.is_partitioning_column = 'YES' then paths.field_path end as partition_column,
        case when columns.clustering_ordinal_position is not null then 1 else 0 end as is_clustering_column,
        case when columns.clustering_ordinal_position is not null then paths.field_path end as cluster_column,
        columns.clustering_ordinal_position
    from `latihan-data-505310`.`olist_dataset`.INFORMATION_SCHEMA.COLUMNS columns
    join `latihan-data-505310`.`olist_dataset`.INFORMATION_SCHEMA.COLUMN_FIELD_PATHS paths
        on paths.table_catalog = columns.table_catalog
        and paths.table_schema = columns.table_schema
        and paths.table_name = columns.table_name
        and paths.column_name = columns.column_name
    where columns.ordinal_position is not null
),
                column_stats as (
    select
        table_catalog,
        table_schema,
        shard_name,
        max(is_partitioning_column) = 1 as is_partitioned,
        max(partition_column) as partition_column,
        max(is_clustering_column) = 1 as is_clustered,
        array_to_string(
            array_agg(
                cluster_column ignore nulls
                order by clustering_ordinal_position
            ), ', '
        ) as clustering_columns
    from columns
    group by 1, 2, 3
)

            
    select
        tables.table_catalog as table_database,
        tables.table_schema,
        case
            when tables.is_date_shard then concat(tables.table_name, '*')
            else tables.table_name
        end as table_name,
        tables.table_type,
        tables.table_comment,
        -- coalesce column metadata fields to ensure they are non-null for catalog generation
        -- external table columns are not present in COLUMN_FIELD_PATHS
        coalesce(columns.column_name, '<unknown>') as column_name,
        coalesce(columns.column_index, 1) as column_index,
        coalesce(columns.column_type, '<unknown>') as column_type,
        coalesce(columns.column_comment, '') as column_comment,

        'Shard count' as `stats__date_shards__label`,
        table_stats.shard_count as `stats__date_shards__value`,
        'The number of date shards in this table' as `stats__date_shards__description`,
        tables.is_date_shard as `stats__date_shards__include`,

        'Shard (min)' as `stats__date_shard_min__label`,
        table_stats.shard_min as `stats__date_shard_min__value`,
        'The first date shard in this table' as `stats__date_shard_min__description`,
        tables.is_date_shard as `stats__date_shard_min__include`,

        'Shard (max)' as `stats__date_shard_max__label`,
        table_stats.shard_max as `stats__date_shard_max__value`,
        'The last date shard in this table' as `stats__date_shard_max__description`,
        tables.is_date_shard as `stats__date_shard_max__include`,

        '# Rows' as `stats__num_rows__label`,
        table_stats.row_count as `stats__num_rows__value`,
        'Approximate count of rows in this table' as `stats__num_rows__description`,
        tables.is_table as `stats__num_rows__include`,

        'Approximate Size' as `stats__num_bytes__label`,
        table_stats.size_bytes as `stats__num_bytes__value`,
        'Approximate size of table as reported by BigQuery' as `stats__num_bytes__description`,
        tables.is_table as `stats__num_bytes__include`,

        'Partitioned By' as `stats__partitioning_type__label`,
        column_stats.partition_column as `stats__partitioning_type__value`,
        'The partitioning column for this table' as `stats__partitioning_type__description`,
        column_stats.is_partitioned as `stats__partitioning_type__include`,

        'Clustered By' as `stats__clustering_fields__label`,
        column_stats.clustering_columns as `stats__clustering_fields__value`,
        'The clustering columns for this table' as `stats__clustering_fields__description`,
        column_stats.is_clustered as `stats__clustering_fields__include`

    from tables
    join table_stats
        on table_stats.table_catalog = tables.table_catalog
        and table_stats.table_schema = tables.table_schema
        and table_stats.table_name = tables.table_name
    left join column_stats
        on column_stats.table_catalog = tables.table_catalog
        and column_stats.table_schema = tables.table_schema
        and column_stats.shard_name = table_stats.latest_shard_name
    left join columns
        on columns.table_catalog = tables.table_catalog
        and columns.table_schema = tables.table_schema
        and columns.shard_name = table_stats.latest_shard_name

  
[0m16:00:23.768132 [debug] [ThreadPool]: Opening a new connection, currently in state init
[0m16:00:23.767559 [debug] [ThreadPool]: Opening a new connection, currently in state init
[0m16:00:25.726768 [debug] [ThreadPool]: BigQuery adapter: https://console.cloud.google.com/bigquery?project=latihan-data-505310&j=bq:US:bb7d7f9e-5c66-4a5f-ba59-9f303102157d&page=queryresults
[0m16:00:26.414292 [debug] [ThreadPool]: BigQuery adapter: https://console.cloud.google.com/bigquery?project=latihan-data-505310&j=bq:US:0a11a97a-60f1-47f7-be9f-af1981b88788&page=queryresults
[0m16:00:28.172633 [debug] [ThreadPool]: SQL status: OK in 1.757 seconds
[0m16:00:29.229336 [debug] [ThreadPool]: SQL status: OK in 3.501 seconds
[0m16:00:30.151793 [debug] [MainThread]: Wrote artifact CatalogArtifact to C:\Users\USER\analytics-portofolio\olist_dbt\target\catalog.json
[0m16:00:30.200076 [debug] [MainThread]: Wrote artifact WritableManifest to C:\Users\USER\analytics-portofolio\olist_dbt\target\manifest.json
[0m16:00:30.204041 [debug] [MainThread]: Wrote artifact SemanticManifest to C:\Users\USER\analytics-portofolio\olist_dbt\target\semantic_manifest.json
[0m16:00:30.207888 [debug] [MainThread]: Wrote artifact OsiDocument to C:\Users\USER\analytics-portofolio\olist_dbt\target\osi_document.json
[0m16:00:30.208234 [info ] [MainThread]: Catalog written to C:\Users\USER\analytics-portofolio\olist_dbt\target\catalog.json
[0m16:00:30.209732 [debug] [MainThread]: Command `dbt docs generate` succeeded at 16:00:30.209615 after 14.91 seconds
[0m16:00:30.210036 [debug] [MainThread]: Connection 'generate_catalog' was properly closed.
[0m16:00:30.210295 [debug] [MainThread]: Connection 'latihan-data-505310.information_schema' was properly closed.
[0m16:00:30.210540 [debug] [MainThread]: Connection 'latihan-data-505310.information_schema' was properly closed.
[0m16:00:30.210835 [debug] [MainThread]: Sending event: {'category': 'dbt', 'action': 'invocation', 'label': 'end', 'context': [<snowplow_tracker.self_describing_json.SelfDescribingJson object at 0x00000165C4213D10>, <snowplow_tracker.self_describing_json.SelfDescribingJson object at 0x00000165ADC21BD0>, <snowplow_tracker.self_describing_json.SelfDescribingJson object at 0x00000165C427E150>]}
[0m16:00:30.211153 [debug] [MainThread]: Flushing usage events
[0m16:00:31.429062 [debug] [MainThread]: An error was encountered while trying to flush usage events
[0m16:01:20.732969 [debug] [MainThread]: Sending event: {'category': 'dbt', 'action': 'invocation', 'label': 'start', 'context': [<snowplow_tracker.self_describing_json.SelfDescribingJson object at 0x000001C3FF79A7B0>, <snowplow_tracker.self_describing_json.SelfDescribingJson object at 0x000001C3FD360E10>, <snowplow_tracker.self_describing_json.SelfDescribingJson object at 0x000001C3821E3D90>]}


============================== 16:01:20.737155 | 6ce2efe7-b775-44ca-b3cc-dc855b8628ae ==============================
[0m16:01:20.737155 [info ] [MainThread]: Running with dbt=1.12.4
[0m16:01:20.737790 [debug] [MainThread]: running dbt with arguments {'static_parser': 'True', 'no_print': 'None', 'version_check': 'True', 'warn_error_options': 'WarnErrorOptionsV2(error=[], warn=[], silence=[])', 'maximum_seed_size_mib': '1', 'target_path': 'None', 'printer_width': '80', 'write_json': 'True', 'introspect': 'True', 'log_cache_events': 'False', 'empty': 'None', 'cache_selected_only': 'False', 'fail_fast': 'False', 'debug': 'False', 'log_format': 'default', 'partial_parse': 'True', 'send_anonymous_usage_stats': 'True', 'quiet': 'False', 'warn_error': 'None', 'profiles_dir': 'C:\\Users\\USER\\.dbt', 'indirect_selection': 'eager', 'hints_enabled': 'True', 'invocation_command': 'dbt docs serve', 'use_experimental_parser': 'False', 'use_colors': 'True', 'log_path': 'C:\\Users\\USER\\analytics-portofolio\\olist_dbt\\logs'}
[0m16:01:21.947623 [debug] [MainThread]: Sending event: {'category': 'dbt', 'action': 'project_id', 'label': '6ce2efe7-b775-44ca-b3cc-dc855b8628ae', 'context': [<snowplow_tracker.self_describing_json.SelfDescribingJson object at 0x000001C3941E4770>]}
[0m16:01:22.017417 [debug] [MainThread]: Sending event: {'category': 'dbt', 'action': 'adapter_info', 'label': '6ce2efe7-b775-44ca-b3cc-dc855b8628ae', 'context': [<snowplow_tracker.self_describing_json.SelfDescribingJson object at 0x000001C380464C00>]}
[0m16:03:00.881805 [error] [MainThread]: [[31mERROR[0m]: Encountered an error:

[0m16:03:00.908609 [error] [MainThread]: Traceback (most recent call last):
  File "C:\Users\USER\analytics-portofolio\venv\Lib\site-packages\dbt\cli\requires.py", line 198, in wrapper
    result, success = func(*args, **kwargs)
                      ~~~~^^^^^^^^^^^^^^^^^
  File "C:\Users\USER\analytics-portofolio\venv\Lib\site-packages\dbt\cli\requires.py", line 144, in wrapper
    return func(*args, **kwargs)
  File "C:\Users\USER\analytics-portofolio\venv\Lib\site-packages\dbt\cli\requires.py", line 295, in wrapper
    return func(*args, **kwargs)
  File "C:\Users\USER\analytics-portofolio\venv\Lib\site-packages\dbt\cli\requires.py", line 340, in wrapper
    return func(*args, **kwargs)
  File "C:\Users\USER\analytics-portofolio\venv\Lib\site-packages\dbt\cli\requires.py", line 387, in wrapper
    return func(*args, **kwargs)
  File "C:\Users\USER\analytics-portofolio\venv\Lib\site-packages\dbt\cli\main.py", line 323, in docs_serve
    results = task.run()
  File "C:\Users\USER\analytics-portofolio\venv\Lib\site-packages\dbt\task\docs\serve.py", line 29, in run
    httpd.serve_forever()
    ~~~~~~~~~~~~~~~~~~~^^
  File "C:\Users\USER\AppData\Local\Programs\Python\Python314\Lib\socketserver.py", line 235, in serve_forever
    ready = selector.select(poll_interval)
  File "C:\Users\USER\AppData\Local\Programs\Python\Python314\Lib\selectors.py", line 314, in select
    r, w, _ = self._select(self._readers, self._writers, [], timeout)
              ~~~~~~~~~~~~^^^^^^^^^^^^^^^^^^^^^^^^^^^^^^^^^^^^^^^^^^^
  File "C:\Users\USER\AppData\Local\Programs\Python\Python314\Lib\selectors.py", line 305, in _select
    r, w, x = select.select(r, w, w, timeout)
              ~~~~~~~~~~~~~^^^^^^^^^^^^^^^^^^
KeyboardInterrupt

[0m16:03:00.916176 [debug] [MainThread]: Command `dbt docs serve` failed at 16:03:00.915273 after 100.39 seconds
[0m16:03:00.917451 [debug] [MainThread]: Sending event: {'category': 'dbt', 'action': 'invocation', 'label': 'end', 'context': [<snowplow_tracker.self_describing_json.SelfDescribingJson object at 0x000001C39450E250>, <snowplow_tracker.self_describing_json.SelfDescribingJson object at 0x000001C39450E350>, <snowplow_tracker.self_describing_json.SelfDescribingJson object at 0x000001C394512300>]}
[0m16:03:00.918529 [debug] [MainThread]: Flushing usage events
[0m16:03:02.108294 [debug] [MainThread]: An error was encountered while trying to flush usage events
[0m16:06:53.118194 [debug] [MainThread]: Sending event: {'category': 'dbt', 'action': 'invocation', 'label': 'start', 'context': [<snowplow_tracker.self_describing_json.SelfDescribingJson object at 0x0000020B08C5A7B0>, <snowplow_tracker.self_describing_json.SelfDescribingJson object at 0x0000020B06810E10>, <snowplow_tracker.self_describing_json.SelfDescribingJson object at 0x0000020B0B637890>]}


============================== 16:06:53.124459 | 6d99bfe1-5221-470d-b674-e0f223f75026 ==============================
[0m16:06:53.124459 [info ] [MainThread]: Running with dbt=1.12.4
[0m16:06:53.125141 [debug] [MainThread]: running dbt with arguments {'static_parser': 'True', 'no_print': 'None', 'maximum_seed_size_mib': '1', 'target_path': 'None', 'warn_error_options': 'WarnErrorOptionsV2(error=[], warn=[], silence=[])', 'version_check': 'True', 'printer_width': '80', 'write_json': 'True', 'introspect': 'True', 'log_cache_events': 'False', 'empty': 'None', 'cache_selected_only': 'False', 'fail_fast': 'False', 'debug': 'False', 'log_format': 'default', 'partial_parse': 'True', 'send_anonymous_usage_stats': 'True', 'quiet': 'False', 'warn_error': 'None', 'profiles_dir': 'C:\\Users\\USER\\.dbt', 'invocation_command': 'dbt docs generate', 'hints_enabled': 'True', 'indirect_selection': 'eager', 'use_experimental_parser': 'False', 'use_colors': 'True', 'log_path': 'C:\\Users\\USER\\analytics-portofolio\\olist_dbt\\logs'}
[0m16:06:55.081066 [debug] [MainThread]: Sending event: {'category': 'dbt', 'action': 'project_id', 'label': '6d99bfe1-5221-470d-b674-e0f223f75026', 'context': [<snowplow_tracker.self_describing_json.SelfDescribingJson object at 0x0000020B1D4862C0>]}
[0m16:06:55.149553 [debug] [MainThread]: Sending event: {'category': 'dbt', 'action': 'adapter_info', 'label': '6d99bfe1-5221-470d-b674-e0f223f75026', 'context': [<snowplow_tracker.self_describing_json.SelfDescribingJson object at 0x0000020B09864C00>]}
[0m16:06:55.150460 [info ] [MainThread]: Registered adapter: bigquery=1.12.0
[0m16:06:55.789703 [debug] [MainThread]: checksum: 3326a0a5e08c0e49abdf21ef4bcbbe25e27dc0caf425e068257066cc97e24815, vars: {}, profile: olist_dbt, target: dev, version: 1.12.4
[0m16:06:56.132057 [debug] [MainThread]: Partial parsing enabled: 0 files deleted, 0 files added, 0 files changed.
[0m16:06:56.132419 [debug] [MainThread]: Nothing changed, skipping partial parsing.
[0m16:06:56.132672 [debug] [MainThread]: Partial parsing enabled, no changes found, skipping parsing
[0m16:06:56.141957 [debug] [MainThread]: Sending event: {'category': 'dbt', 'action': 'load_project', 'label': '6d99bfe1-5221-470d-b674-e0f223f75026', 'context': [<snowplow_tracker.self_describing_json.SelfDescribingJson object at 0x0000020B1EC19250>]}
[0m16:06:56.197571 [debug] [MainThread]: Sending event: {'category': 'dbt', 'action': 'resource_counts', 'label': '6d99bfe1-5221-470d-b674-e0f223f75026', 'context': [<snowplow_tracker.self_describing_json.SelfDescribingJson object at 0x0000020B1EBF17C0>]}
[0m16:06:56.198085 [info ] [MainThread]: Found 9 models, 24 data tests, 6 sources, 677 macros
[0m16:06:56.198526 [debug] [MainThread]: Sending event: {'category': 'dbt', 'action': 'runnable_timing', 'label': '6d99bfe1-5221-470d-b674-e0f223f75026', 'context': [<snowplow_tracker.self_describing_json.SelfDescribingJson object at 0x0000020B1EC8A5F0>]}
[0m16:06:56.201812 [info ] [MainThread]: 
[0m16:06:56.202204 [info ] [MainThread]: Concurrency: 4 threads (target='dev')
[0m16:06:56.202547 [info ] [MainThread]: 
[0m16:06:56.203063 [debug] [MainThread]: Acquiring new bigquery connection 'master'
[0m16:06:56.207745 [debug] [ThreadPool]: Acquiring new bigquery connection 'list_latihan-data-505310_olist_dataset'
[0m16:06:56.208381 [debug] [ThreadPool]: Opening a new connection, currently in state init
[0m16:06:58.460575 [debug] [MainThread]: Sending event: {'category': 'dbt', 'action': 'runnable_timing', 'label': '6d99bfe1-5221-470d-b674-e0f223f75026', 'context': [<snowplow_tracker.self_describing_json.SelfDescribingJson object at 0x0000020B0B6B4AE0>]}
[0m16:06:58.461039 [debug] [MainThread]: Opening a new connection, currently in state init
[0m16:06:58.500610 [debug] [Thread-3 (]: Began running node model.olist_dbt.stg_order_items
[0m16:06:58.502250 [debug] [Thread-3 (]: Acquiring new bigquery connection 'model.olist_dbt.stg_order_items'
[0m16:06:58.502585 [debug] [Thread-3 (]: Began compiling node model.olist_dbt.stg_order_items
[0m16:06:58.509964 [debug] [Thread-3 (]: Writing injected SQL for node "model.olist_dbt.stg_order_items"
[0m16:06:58.501039 [debug] [Thread-2 (]: Began running node model.olist_dbt.stg_customers
[0m16:06:58.501397 [debug] [Thread-5 (]: Began running node model.olist_dbt.stg_order_reviews
[0m16:06:58.501761 [debug] [Thread-4 (]: Began running node model.olist_dbt.stg_order_payments
[0m16:06:58.511690 [debug] [Thread-4 (]: Acquiring new bigquery connection 'model.olist_dbt.stg_order_payments'
[0m16:06:58.512059 [debug] [Thread-4 (]: Began compiling node model.olist_dbt.stg_order_payments
[0m16:06:58.513638 [debug] [Thread-4 (]: Writing injected SQL for node "model.olist_dbt.stg_order_payments"
[0m16:06:58.511211 [debug] [Thread-5 (]: Acquiring new bigquery connection 'model.olist_dbt.stg_order_reviews'
[0m16:06:58.510703 [debug] [Thread-2 (]: Acquiring new bigquery connection 'model.olist_dbt.stg_customers'
[0m16:06:58.514861 [debug] [Thread-2 (]: Began compiling node model.olist_dbt.stg_customers
[0m16:06:58.517159 [debug] [Thread-2 (]: Writing injected SQL for node "model.olist_dbt.stg_customers"
[0m16:06:58.514327 [debug] [Thread-5 (]: Began compiling node model.olist_dbt.stg_order_reviews
[0m16:06:58.519442 [debug] [Thread-5 (]: Writing injected SQL for node "model.olist_dbt.stg_order_reviews"
[0m16:06:58.520083 [debug] [Thread-3 (]: Began executing node model.olist_dbt.stg_order_items
[0m16:06:58.520676 [debug] [Thread-3 (]: Opening a new connection, currently in state init
[0m16:06:58.521166 [debug] [Thread-4 (]: Began executing node model.olist_dbt.stg_order_payments
[0m16:06:58.521961 [debug] [Thread-4 (]: Opening a new connection, currently in state init
[0m16:06:58.521528 [debug] [Thread-2 (]: Began executing node model.olist_dbt.stg_customers
[0m16:06:58.522435 [debug] [Thread-2 (]: Opening a new connection, currently in state init
[0m16:06:58.552572 [debug] [Thread-5 (]: Began executing node model.olist_dbt.stg_order_reviews
[0m16:06:58.553023 [debug] [Thread-5 (]: Opening a new connection, currently in state init
[0m16:06:58.613708 [debug] [Thread-3 (]: Finished running node model.olist_dbt.stg_order_items
[0m16:06:58.614255 [debug] [Thread-3 (]: Began running node model.olist_dbt.stg_orders
[0m16:06:58.614655 [debug] [Thread-3 (]: Re-using an available connection from the pool (formerly model.olist_dbt.stg_order_items, now model.olist_dbt.stg_orders)
[0m16:06:58.614982 [debug] [Thread-3 (]: Began compiling node model.olist_dbt.stg_orders
[0m16:06:58.646101 [debug] [Thread-3 (]: Writing injected SQL for node "model.olist_dbt.stg_orders"
[0m16:06:58.647425 [debug] [Thread-5 (]: Finished running node model.olist_dbt.stg_order_reviews
[0m16:06:58.648108 [debug] [Thread-5 (]: Began running node model.olist_dbt.stg_products
[0m16:06:58.649374 [debug] [Thread-5 (]: Re-using an available connection from the pool (formerly model.olist_dbt.stg_order_reviews, now model.olist_dbt.stg_products)
[0m16:06:58.649745 [debug] [Thread-5 (]: Began compiling node model.olist_dbt.stg_products
[0m16:06:58.651921 [debug] [Thread-5 (]: Writing injected SQL for node "model.olist_dbt.stg_products"
[0m16:06:58.648830 [debug] [Thread-4 (]: Finished running node model.olist_dbt.stg_order_payments
[0m16:06:58.653244 [debug] [Thread-4 (]: Began running node test.olist_dbt.source_not_null_olist_raw_olist_orders_dataset_order_id.0e0a607639
[0m16:06:58.653626 [debug] [Thread-4 (]: Re-using an available connection from the pool (formerly model.olist_dbt.stg_order_payments, now test.olist_dbt.source_not_null_olist_raw_olist_orders_dataset_order_id.0e0a607639)
[0m16:06:58.653954 [debug] [Thread-4 (]: Began compiling node test.olist_dbt.source_not_null_olist_raw_olist_orders_dataset_order_id.0e0a607639
[0m16:06:58.664182 [debug] [Thread-2 (]: Finished running node model.olist_dbt.stg_customers
[0m16:06:58.664914 [debug] [Thread-2 (]: Began running node test.olist_dbt.source_unique_olist_raw_olist_orders_dataset_order_id.ccf0c8c1b6
[0m16:06:58.671003 [debug] [Thread-2 (]: Re-using an available connection from the pool (formerly model.olist_dbt.stg_customers, now test.olist_dbt.source_unique_olist_raw_olist_orders_dataset_order_id.ccf0c8c1b6)
[0m16:06:58.652605 [debug] [Thread-3 (]: Began executing node model.olist_dbt.stg_orders
[0m16:06:58.671857 [debug] [Thread-3 (]: Opening a new connection, currently in state closed
[0m16:06:58.670410 [debug] [Thread-4 (]: Writing injected SQL for node "test.olist_dbt.source_not_null_olist_raw_olist_orders_dataset_order_id.0e0a607639"
[0m16:06:58.671394 [debug] [Thread-2 (]: Began compiling node test.olist_dbt.source_unique_olist_raw_olist_orders_dataset_order_id.ccf0c8c1b6
[0m16:06:58.710151 [debug] [Thread-2 (]: Writing injected SQL for node "test.olist_dbt.source_unique_olist_raw_olist_orders_dataset_order_id.ccf0c8c1b6"
[0m16:06:58.702196 [debug] [Thread-5 (]: Began executing node model.olist_dbt.stg_products
[0m16:06:58.710956 [debug] [Thread-5 (]: Opening a new connection, currently in state closed
[0m16:06:58.712245 [debug] [Thread-3 (]: Finished running node model.olist_dbt.stg_orders
[0m16:06:58.713229 [debug] [Thread-3 (]: Began running node test.olist_dbt.dbt_utils_accepted_range_stg_order_items_price__0.662f69fffd
[0m16:06:58.713605 [debug] [Thread-3 (]: Re-using an available connection from the pool (formerly model.olist_dbt.stg_orders, now test.olist_dbt.dbt_utils_accepted_range_stg_order_items_price__0.662f69fffd)
[0m16:06:58.713951 [debug] [Thread-3 (]: Began compiling node test.olist_dbt.dbt_utils_accepted_range_stg_order_items_price__0.662f69fffd
[0m16:06:58.723785 [debug] [Thread-3 (]: Writing injected SQL for node "test.olist_dbt.dbt_utils_accepted_range_stg_order_items_price__0.662f69fffd"
[0m16:06:58.724175 [debug] [Thread-2 (]: Began executing node test.olist_dbt.source_unique_olist_raw_olist_orders_dataset_order_id.ccf0c8c1b6
[0m16:06:58.712666 [debug] [Thread-4 (]: Began executing node test.olist_dbt.source_not_null_olist_raw_olist_orders_dataset_order_id.0e0a607639
[0m16:06:58.755863 [debug] [Thread-4 (]: Opening a new connection, currently in state closed
[0m16:06:58.755069 [debug] [Thread-5 (]: Finished running node model.olist_dbt.stg_products
[0m16:06:58.756517 [debug] [Thread-5 (]: Began running node test.olist_dbt.not_null_stg_order_items_order_id.2063801f96
[0m16:06:58.756890 [debug] [Thread-5 (]: Re-using an available connection from the pool (formerly model.olist_dbt.stg_products, now test.olist_dbt.not_null_stg_order_items_order_id.2063801f96)
[0m16:06:58.757209 [debug] [Thread-5 (]: Began compiling node test.olist_dbt.not_null_stg_order_items_order_id.2063801f96
[0m16:06:58.755458 [debug] [Thread-2 (]: Opening a new connection, currently in state closed
[0m16:06:58.763269 [debug] [Thread-5 (]: Writing injected SQL for node "test.olist_dbt.not_null_stg_order_items_order_id.2063801f96"
[0m16:06:58.794638 [debug] [Thread-4 (]: Finished running node test.olist_dbt.source_not_null_olist_raw_olist_orders_dataset_order_id.0e0a607639
[0m16:06:58.795225 [debug] [Thread-4 (]: Began running node test.olist_dbt.not_null_stg_order_items_price.ff3393f991
[0m16:06:58.825979 [debug] [Thread-4 (]: Re-using an available connection from the pool (formerly test.olist_dbt.source_not_null_olist_raw_olist_orders_dataset_order_id.0e0a607639, now test.olist_dbt.not_null_stg_order_items_price.ff3393f991)
[0m16:06:58.827089 [debug] [Thread-4 (]: Began compiling node test.olist_dbt.not_null_stg_order_items_price.ff3393f991
[0m16:06:58.826406 [debug] [Thread-3 (]: Began executing node test.olist_dbt.dbt_utils_accepted_range_stg_order_items_price__0.662f69fffd
[0m16:06:58.826750 [debug] [Thread-5 (]: Began executing node test.olist_dbt.not_null_stg_order_items_order_id.2063801f96
[0m16:06:58.834854 [debug] [Thread-5 (]: Opening a new connection, currently in state closed
[0m16:06:58.835594 [debug] [Thread-2 (]: Finished running node test.olist_dbt.source_unique_olist_raw_olist_orders_dataset_order_id.ccf0c8c1b6
[0m16:06:58.835949 [debug] [Thread-2 (]: Began running node test.olist_dbt.dbt_utils_accepted_range_stg_order_reviews_score__5__1.0745e2ae75
[0m16:06:58.836293 [debug] [Thread-2 (]: Re-using an available connection from the pool (formerly test.olist_dbt.source_unique_olist_raw_olist_orders_dataset_order_id.ccf0c8c1b6, now test.olist_dbt.dbt_utils_accepted_range_stg_order_reviews_score__5__1.0745e2ae75)
[0m16:06:58.836614 [debug] [Thread-2 (]: Began compiling node test.olist_dbt.dbt_utils_accepted_range_stg_order_reviews_score__5__1.0745e2ae75
[0m16:06:58.842117 [debug] [Thread-2 (]: Writing injected SQL for node "test.olist_dbt.dbt_utils_accepted_range_stg_order_reviews_score__5__1.0745e2ae75"
[0m16:06:58.834271 [debug] [Thread-3 (]: Opening a new connection, currently in state closed
[0m16:06:58.833798 [debug] [Thread-4 (]: Writing injected SQL for node "test.olist_dbt.not_null_stg_order_items_price.ff3393f991"
[0m16:06:58.875600 [debug] [Thread-2 (]: Began executing node test.olist_dbt.dbt_utils_accepted_range_stg_order_reviews_score__5__1.0745e2ae75
[0m16:06:58.876002 [debug] [Thread-2 (]: Opening a new connection, currently in state closed
[0m16:06:58.876920 [debug] [Thread-5 (]: Finished running node test.olist_dbt.not_null_stg_order_items_order_id.2063801f96
[0m16:06:58.877283 [debug] [Thread-5 (]: Began running node test.olist_dbt.not_null_stg_order_reviews_review_id.9ed4569df1
[0m16:06:58.877642 [debug] [Thread-5 (]: Re-using an available connection from the pool (formerly test.olist_dbt.not_null_stg_order_items_order_id.2063801f96, now test.olist_dbt.not_null_stg_order_reviews_review_id.9ed4569df1)
[0m16:06:58.877962 [debug] [Thread-5 (]: Began compiling node test.olist_dbt.not_null_stg_order_reviews_review_id.9ed4569df1
[0m16:06:58.884069 [debug] [Thread-5 (]: Writing injected SQL for node "test.olist_dbt.not_null_stg_order_reviews_review_id.9ed4569df1"
[0m16:06:58.945472 [debug] [Thread-3 (]: Finished running node test.olist_dbt.dbt_utils_accepted_range_stg_order_items_price__0.662f69fffd
[0m16:06:58.947210 [debug] [Thread-3 (]: Began running node test.olist_dbt.not_null_stg_order_payments_order_id.de5ce0ffc7
[0m16:06:58.947823 [debug] [Thread-3 (]: Re-using an available connection from the pool (formerly test.olist_dbt.dbt_utils_accepted_range_stg_order_items_price__0.662f69fffd, now test.olist_dbt.not_null_stg_order_payments_order_id.de5ce0ffc7)
[0m16:06:58.946345 [debug] [Thread-2 (]: Finished running node test.olist_dbt.dbt_utils_accepted_range_stg_order_reviews_score__5__1.0745e2ae75
[0m16:06:58.946801 [debug] [Thread-4 (]: Began executing node test.olist_dbt.not_null_stg_order_items_price.ff3393f991
[0m16:06:58.949375 [debug] [Thread-4 (]: Opening a new connection, currently in state closed
[0m16:06:58.948563 [debug] [Thread-5 (]: Began executing node test.olist_dbt.not_null_stg_order_reviews_review_id.9ed4569df1
[0m16:06:58.949902 [debug] [Thread-5 (]: Opening a new connection, currently in state closed
[0m16:06:58.948202 [debug] [Thread-3 (]: Began compiling node test.olist_dbt.not_null_stg_order_payments_order_id.de5ce0ffc7
[0m16:06:58.958893 [debug] [Thread-3 (]: Writing injected SQL for node "test.olist_dbt.not_null_stg_order_payments_order_id.de5ce0ffc7"
[0m16:06:58.948979 [debug] [Thread-2 (]: Began running node test.olist_dbt.not_null_stg_order_payments_payment_value.d2fb714004
[0m16:06:58.989904 [debug] [Thread-2 (]: Re-using an available connection from the pool (formerly test.olist_dbt.dbt_utils_accepted_range_stg_order_reviews_score__5__1.0745e2ae75, now test.olist_dbt.not_null_stg_order_payments_payment_value.d2fb714004)
[0m16:06:58.990339 [debug] [Thread-2 (]: Began compiling node test.olist_dbt.not_null_stg_order_payments_payment_value.d2fb714004
[0m16:06:59.026619 [debug] [Thread-2 (]: Writing injected SQL for node "test.olist_dbt.not_null_stg_order_payments_payment_value.d2fb714004"
[0m16:06:59.027720 [debug] [Thread-4 (]: Finished running node test.olist_dbt.not_null_stg_order_items_price.ff3393f991
[0m16:06:59.028092 [debug] [Thread-4 (]: Began running node test.olist_dbt.not_null_stg_customers_customer_id.e2cfb1f9aa
[0m16:06:59.028450 [debug] [Thread-4 (]: Re-using an available connection from the pool (formerly test.olist_dbt.not_null_stg_order_items_price.ff3393f991, now test.olist_dbt.not_null_stg_customers_customer_id.e2cfb1f9aa)
[0m16:06:59.028777 [debug] [Thread-4 (]: Began compiling node test.olist_dbt.not_null_stg_customers_customer_id.e2cfb1f9aa
[0m16:06:59.034221 [debug] [Thread-5 (]: Finished running node test.olist_dbt.not_null_stg_order_reviews_review_id.9ed4569df1
[0m16:06:59.036673 [debug] [Thread-5 (]: Began running node test.olist_dbt.not_null_stg_customers_customer_unique_id.7144461cba
[0m16:06:59.036084 [debug] [Thread-4 (]: Writing injected SQL for node "test.olist_dbt.not_null_stg_customers_customer_id.e2cfb1f9aa"
[0m16:06:59.037145 [debug] [Thread-3 (]: Began executing node test.olist_dbt.not_null_stg_order_payments_order_id.de5ce0ffc7
[0m16:06:59.038531 [debug] [Thread-3 (]: Opening a new connection, currently in state closed
[0m16:06:59.037548 [debug] [Thread-5 (]: Re-using an available connection from the pool (formerly test.olist_dbt.not_null_stg_order_reviews_review_id.9ed4569df1, now test.olist_dbt.not_null_stg_customers_customer_unique_id.7144461cba)
[0m16:06:59.039105 [debug] [Thread-5 (]: Began compiling node test.olist_dbt.not_null_stg_customers_customer_unique_id.7144461cba
[0m16:06:59.038090 [debug] [Thread-2 (]: Began executing node test.olist_dbt.not_null_stg_order_payments_payment_value.d2fb714004
[0m16:06:59.045218 [debug] [Thread-5 (]: Writing injected SQL for node "test.olist_dbt.not_null_stg_customers_customer_unique_id.7144461cba"
[0m16:06:59.076848 [debug] [Thread-4 (]: Began executing node test.olist_dbt.not_null_stg_customers_customer_id.e2cfb1f9aa
[0m16:06:59.077213 [debug] [Thread-4 (]: Opening a new connection, currently in state closed
[0m16:06:59.076388 [debug] [Thread-3 (]: Finished running node test.olist_dbt.not_null_stg_order_payments_order_id.de5ce0ffc7
[0m16:06:59.075581 [debug] [Thread-2 (]: Opening a new connection, currently in state closed
[0m16:06:59.077716 [debug] [Thread-3 (]: Began running node test.olist_dbt.unique_stg_customers_customer_id.c7614daada
[0m16:06:59.078582 [debug] [Thread-3 (]: Re-using an available connection from the pool (formerly test.olist_dbt.not_null_stg_order_payments_order_id.de5ce0ffc7, now test.olist_dbt.unique_stg_customers_customer_id.c7614daada)
[0m16:06:59.078938 [debug] [Thread-3 (]: Began compiling node test.olist_dbt.unique_stg_customers_customer_id.c7614daada
[0m16:06:59.087002 [debug] [Thread-3 (]: Writing injected SQL for node "test.olist_dbt.unique_stg_customers_customer_id.c7614daada"
[0m16:06:59.189817 [debug] [Thread-4 (]: Finished running node test.olist_dbt.not_null_stg_customers_customer_id.e2cfb1f9aa
[0m16:06:59.190276 [debug] [Thread-4 (]: Began running node model.olist_dbt.dim_customers
[0m16:06:59.190892 [debug] [Thread-4 (]: Re-using an available connection from the pool (formerly test.olist_dbt.not_null_stg_customers_customer_id.e2cfb1f9aa, now model.olist_dbt.dim_customers)
[0m16:06:59.191239 [debug] [Thread-4 (]: Began compiling node model.olist_dbt.dim_customers
[0m16:06:59.193356 [debug] [Thread-4 (]: Writing injected SQL for node "model.olist_dbt.dim_customers"
[0m16:06:59.193786 [debug] [Thread-5 (]: Began executing node test.olist_dbt.not_null_stg_customers_customer_unique_id.7144461cba
[0m16:06:59.194950 [debug] [Thread-5 (]: Opening a new connection, currently in state closed
[0m16:06:59.195751 [debug] [Thread-2 (]: Finished running node test.olist_dbt.not_null_stg_order_payments_payment_value.d2fb714004
[0m16:06:59.196677 [debug] [Thread-2 (]: Began running node model.olist_dbt.fct_monthly_sales
[0m16:06:59.197047 [debug] [Thread-2 (]: Re-using an available connection from the pool (formerly test.olist_dbt.not_null_stg_order_payments_payment_value.d2fb714004, now model.olist_dbt.fct_monthly_sales)
[0m16:06:59.197632 [debug] [Thread-2 (]: Began compiling node model.olist_dbt.fct_monthly_sales
[0m16:06:59.200967 [debug] [Thread-2 (]: Writing injected SQL for node "model.olist_dbt.fct_monthly_sales"
[0m16:06:59.196293 [debug] [Thread-3 (]: Began executing node test.olist_dbt.unique_stg_customers_customer_id.c7614daada
[0m16:06:59.198497 [debug] [Thread-4 (]: Began executing node model.olist_dbt.dim_customers
[0m16:06:59.237359 [debug] [Thread-4 (]: Opening a new connection, currently in state closed
[0m16:06:59.237779 [debug] [Thread-2 (]: Began executing node model.olist_dbt.fct_monthly_sales
[0m16:06:59.236211 [debug] [Thread-3 (]: Opening a new connection, currently in state closed
[0m16:06:59.236960 [debug] [Thread-5 (]: Finished running node test.olist_dbt.not_null_stg_customers_customer_unique_id.7144461cba
[0m16:06:59.238148 [debug] [Thread-2 (]: Opening a new connection, currently in state closed
[0m16:06:59.270093 [debug] [Thread-5 (]: Began running node test.olist_dbt.accepted_values_stg_orders_order_status__delivered__shipped__invoiced__processing__canceled__unavailable__created__approved.58d928e90d
[0m16:06:59.271422 [debug] [Thread-5 (]: Re-using an available connection from the pool (formerly test.olist_dbt.not_null_stg_customers_customer_unique_id.7144461cba, now test.olist_dbt.accepted_values_stg_orders_order_status__delivered__shipped__invoiced__processing__canceled__unavailable__created__approved.58d928e90d)
[0m16:06:59.271782 [debug] [Thread-5 (]: Began compiling node test.olist_dbt.accepted_values_stg_orders_order_status__delivered__shipped__invoiced__processing__canceled__unavailable__created__approved.58d928e90d
[0m16:06:59.271002 [debug] [Thread-4 (]: Finished running node model.olist_dbt.dim_customers
[0m16:06:59.372861 [debug] [Thread-4 (]: Began running node test.olist_dbt.not_null_stg_orders_customer_id.af79d5e4b5
[0m16:06:59.374077 [debug] [Thread-4 (]: Re-using an available connection from the pool (formerly model.olist_dbt.dim_customers, now test.olist_dbt.not_null_stg_orders_customer_id.af79d5e4b5)
[0m16:06:59.372401 [debug] [Thread-5 (]: Writing injected SQL for node "test.olist_dbt.accepted_values_stg_orders_order_status__delivered__shipped__invoiced__processing__canceled__unavailable__created__approved.58d928e90d"
[0m16:06:59.374701 [debug] [Thread-3 (]: Finished running node test.olist_dbt.unique_stg_customers_customer_id.c7614daada
[0m16:06:59.375588 [debug] [Thread-3 (]: Began running node test.olist_dbt.not_null_stg_orders_order_id.81cfe2fe64
[0m16:06:59.373534 [debug] [Thread-2 (]: Finished running node model.olist_dbt.fct_monthly_sales
[0m16:06:59.376473 [debug] [Thread-2 (]: Began running node test.olist_dbt.not_null_stg_orders_purchased_at.c1efa3edc3
[0m16:06:59.375041 [debug] [Thread-4 (]: Began compiling node test.olist_dbt.not_null_stg_orders_customer_id.af79d5e4b5
[0m16:06:59.383659 [debug] [Thread-4 (]: Writing injected SQL for node "test.olist_dbt.not_null_stg_orders_customer_id.af79d5e4b5"
[0m16:06:59.375947 [debug] [Thread-3 (]: Re-using an available connection from the pool (formerly test.olist_dbt.unique_stg_customers_customer_id.c7614daada, now test.olist_dbt.not_null_stg_orders_order_id.81cfe2fe64)
[0m16:06:59.376844 [debug] [Thread-2 (]: Re-using an available connection from the pool (formerly model.olist_dbt.fct_monthly_sales, now test.olist_dbt.not_null_stg_orders_purchased_at.c1efa3edc3)
[0m16:06:59.384955 [debug] [Thread-2 (]: Began compiling node test.olist_dbt.not_null_stg_orders_purchased_at.c1efa3edc3
[0m16:06:59.391091 [debug] [Thread-2 (]: Writing injected SQL for node "test.olist_dbt.not_null_stg_orders_purchased_at.c1efa3edc3"
[0m16:06:59.384204 [debug] [Thread-5 (]: Began executing node test.olist_dbt.accepted_values_stg_orders_order_status__delivered__shipped__invoiced__processing__canceled__unavailable__created__approved.58d928e90d
[0m16:06:59.391608 [debug] [Thread-5 (]: Opening a new connection, currently in state closed
[0m16:06:59.384561 [debug] [Thread-3 (]: Began compiling node test.olist_dbt.not_null_stg_orders_order_id.81cfe2fe64
[0m16:06:59.397726 [debug] [Thread-3 (]: Writing injected SQL for node "test.olist_dbt.not_null_stg_orders_order_id.81cfe2fe64"
[0m16:06:59.398517 [debug] [Thread-4 (]: Began executing node test.olist_dbt.not_null_stg_orders_customer_id.af79d5e4b5
[0m16:06:59.398976 [debug] [Thread-4 (]: Opening a new connection, currently in state closed
[0m16:06:59.431217 [debug] [Thread-2 (]: Began executing node test.olist_dbt.not_null_stg_orders_purchased_at.c1efa3edc3
[0m16:06:59.431652 [debug] [Thread-2 (]: Opening a new connection, currently in state closed
[0m16:06:59.432615 [debug] [Thread-5 (]: Finished running node test.olist_dbt.accepted_values_stg_orders_order_status__delivered__shipped__invoiced__processing__canceled__unavailable__created__approved.58d928e90d
[0m16:06:59.432995 [debug] [Thread-5 (]: Began running node test.olist_dbt.unique_stg_orders_order_id.e3b841c71a
[0m16:06:59.433343 [debug] [Thread-5 (]: Re-using an available connection from the pool (formerly test.olist_dbt.accepted_values_stg_orders_order_status__delivered__shipped__invoiced__processing__canceled__unavailable__created__approved.58d928e90d, now test.olist_dbt.unique_stg_orders_order_id.e3b841c71a)
[0m16:06:59.433661 [debug] [Thread-5 (]: Began compiling node test.olist_dbt.unique_stg_orders_order_id.e3b841c71a
[0m16:06:59.439272 [debug] [Thread-5 (]: Writing injected SQL for node "test.olist_dbt.unique_stg_orders_order_id.e3b841c71a"
[0m16:06:59.500508 [debug] [Thread-3 (]: Began executing node test.olist_dbt.not_null_stg_orders_order_id.81cfe2fe64
[0m16:06:59.501207 [debug] [Thread-3 (]: Opening a new connection, currently in state closed
[0m16:06:59.501935 [debug] [Thread-2 (]: Finished running node test.olist_dbt.not_null_stg_orders_purchased_at.c1efa3edc3
[0m16:06:59.502293 [debug] [Thread-2 (]: Began running node model.olist_dbt.ct_order_details
[0m16:06:59.502639 [debug] [Thread-2 (]: Re-using an available connection from the pool (formerly test.olist_dbt.not_null_stg_orders_purchased_at.c1efa3edc3, now model.olist_dbt.ct_order_details)
[0m16:06:59.502956 [debug] [Thread-2 (]: Began compiling node model.olist_dbt.ct_order_details
[0m16:06:59.505607 [debug] [Thread-2 (]: Writing injected SQL for node "model.olist_dbt.ct_order_details"
[0m16:06:59.537733 [debug] [Thread-4 (]: Finished running node test.olist_dbt.not_null_stg_orders_customer_id.af79d5e4b5
[0m16:06:59.538363 [debug] [Thread-4 (]: Began running node test.olist_dbt.not_null_stg_products_product_id.6373b0acf3
[0m16:06:59.538981 [debug] [Thread-4 (]: Re-using an available connection from the pool (formerly test.olist_dbt.not_null_stg_orders_customer_id.af79d5e4b5, now test.olist_dbt.not_null_stg_products_product_id.6373b0acf3)
[0m16:06:59.540465 [debug] [Thread-4 (]: Began compiling node test.olist_dbt.not_null_stg_products_product_id.6373b0acf3
[0m16:06:59.547761 [debug] [Thread-4 (]: Writing injected SQL for node "test.olist_dbt.not_null_stg_products_product_id.6373b0acf3"
[0m16:06:59.540088 [debug] [Thread-3 (]: Finished running node test.olist_dbt.not_null_stg_orders_order_id.81cfe2fe64
[0m16:06:59.548887 [debug] [Thread-3 (]: Began running node test.olist_dbt.unique_stg_products_product_id.7d950a1467
[0m16:06:59.540923 [debug] [Thread-2 (]: Began executing node model.olist_dbt.ct_order_details
[0m16:06:59.548253 [debug] [Thread-5 (]: Began executing node test.olist_dbt.unique_stg_orders_order_id.e3b841c71a
[0m16:06:59.550729 [debug] [Thread-5 (]: Opening a new connection, currently in state closed
[0m16:06:59.550203 [debug] [Thread-2 (]: Opening a new connection, currently in state closed
[0m16:06:59.549452 [debug] [Thread-3 (]: Re-using an available connection from the pool (formerly test.olist_dbt.not_null_stg_orders_order_id.81cfe2fe64, now test.olist_dbt.unique_stg_products_product_id.7d950a1467)
[0m16:06:59.552041 [debug] [Thread-3 (]: Began compiling node test.olist_dbt.unique_stg_products_product_id.7d950a1467
[0m16:06:59.558220 [debug] [Thread-3 (]: Writing injected SQL for node "test.olist_dbt.unique_stg_products_product_id.7d950a1467"
[0m16:06:59.551442 [debug] [Thread-4 (]: Began executing node test.olist_dbt.not_null_stg_products_product_id.6373b0acf3
[0m16:06:59.625436 [debug] [Thread-4 (]: Opening a new connection, currently in state closed
[0m16:06:59.627150 [debug] [Thread-3 (]: Began executing node test.olist_dbt.unique_stg_products_product_id.7d950a1467
[0m16:06:59.626227 [debug] [Thread-5 (]: Finished running node test.olist_dbt.unique_stg_orders_order_id.e3b841c71a
[0m16:06:59.627931 [debug] [Thread-2 (]: Finished running node model.olist_dbt.ct_order_details
[0m16:06:59.628315 [debug] [Thread-3 (]: Opening a new connection, currently in state closed
[0m16:06:59.659623 [debug] [Thread-5 (]: Began running node test.olist_dbt.not_null_dim_customers_customer_id.dd91cd1c8d
[0m16:06:59.662130 [debug] [Thread-5 (]: Re-using an available connection from the pool (formerly test.olist_dbt.unique_stg_orders_order_id.e3b841c71a, now test.olist_dbt.not_null_dim_customers_customer_id.dd91cd1c8d)
[0m16:06:59.662512 [debug] [Thread-5 (]: Began compiling node test.olist_dbt.not_null_dim_customers_customer_id.dd91cd1c8d
[0m16:06:59.669093 [debug] [Thread-5 (]: Writing injected SQL for node "test.olist_dbt.not_null_dim_customers_customer_id.dd91cd1c8d"
[0m16:06:59.660803 [debug] [Thread-4 (]: Finished running node test.olist_dbt.not_null_stg_products_product_id.6373b0acf3
[0m16:06:59.661339 [debug] [Thread-2 (]: Began running node test.olist_dbt.unique_dim_customers_customer_id.15c9f1e2fd
[0m16:06:59.669779 [debug] [Thread-4 (]: Began running node test.olist_dbt.not_null_fct_monthly_sales_sales_month.bd67381e1f
[0m16:06:59.702562 [debug] [Thread-2 (]: Re-using an available connection from the pool (formerly model.olist_dbt.ct_order_details, now test.olist_dbt.unique_dim_customers_customer_id.15c9f1e2fd)
[0m16:06:59.704722 [debug] [Thread-2 (]: Began compiling node test.olist_dbt.unique_dim_customers_customer_id.15c9f1e2fd
[0m16:06:59.710811 [debug] [Thread-2 (]: Writing injected SQL for node "test.olist_dbt.unique_dim_customers_customer_id.15c9f1e2fd"
[0m16:06:59.703719 [debug] [Thread-3 (]: Finished running node test.olist_dbt.unique_stg_products_product_id.7d950a1467
[0m16:06:59.704203 [debug] [Thread-4 (]: Re-using an available connection from the pool (formerly test.olist_dbt.not_null_stg_products_product_id.6373b0acf3, now test.olist_dbt.not_null_fct_monthly_sales_sales_month.bd67381e1f)
[0m16:06:59.712511 [debug] [Thread-4 (]: Began compiling node test.olist_dbt.not_null_fct_monthly_sales_sales_month.bd67381e1f
[0m16:06:59.711960 [debug] [Thread-3 (]: Began running node test.olist_dbt.not_null_fct_monthly_sales_total_revenue.ae760bb071
[0m16:06:59.711497 [debug] [Thread-5 (]: Began executing node test.olist_dbt.not_null_dim_customers_customer_id.dd91cd1c8d
[0m16:06:59.720280 [debug] [Thread-5 (]: Opening a new connection, currently in state closed
[0m16:06:59.719733 [debug] [Thread-3 (]: Re-using an available connection from the pool (formerly test.olist_dbt.unique_stg_products_product_id.7d950a1467, now test.olist_dbt.not_null_fct_monthly_sales_total_revenue.ae760bb071)
[0m16:06:59.718734 [debug] [Thread-4 (]: Writing injected SQL for node "test.olist_dbt.not_null_fct_monthly_sales_sales_month.bd67381e1f"
[0m16:06:59.720798 [debug] [Thread-2 (]: Began executing node test.olist_dbt.unique_dim_customers_customer_id.15c9f1e2fd
[0m16:06:59.721174 [debug] [Thread-3 (]: Began compiling node test.olist_dbt.not_null_fct_monthly_sales_total_revenue.ae760bb071
[0m16:06:59.760680 [debug] [Thread-3 (]: Writing injected SQL for node "test.olist_dbt.not_null_fct_monthly_sales_total_revenue.ae760bb071"
[0m16:06:59.754513 [debug] [Thread-2 (]: Opening a new connection, currently in state closed
[0m16:06:59.754122 [debug] [Thread-5 (]: Finished running node test.olist_dbt.not_null_dim_customers_customer_id.dd91cd1c8d
[0m16:06:59.761583 [debug] [Thread-5 (]: Began running node test.olist_dbt.unique_fct_monthly_sales_sales_month.4c5ee187eb
[0m16:06:59.762008 [debug] [Thread-5 (]: Re-using an available connection from the pool (formerly test.olist_dbt.not_null_dim_customers_customer_id.dd91cd1c8d, now test.olist_dbt.unique_fct_monthly_sales_sales_month.4c5ee187eb)
[0m16:06:59.762335 [debug] [Thread-5 (]: Began compiling node test.olist_dbt.unique_fct_monthly_sales_sales_month.4c5ee187eb
[0m16:06:59.768153 [debug] [Thread-5 (]: Writing injected SQL for node "test.olist_dbt.unique_fct_monthly_sales_sales_month.4c5ee187eb"
[0m16:06:59.768671 [debug] [Thread-4 (]: Began executing node test.olist_dbt.not_null_fct_monthly_sales_sales_month.bd67381e1f
[0m16:06:59.769022 [debug] [Thread-4 (]: Opening a new connection, currently in state closed
[0m16:06:59.800330 [debug] [Thread-3 (]: Began executing node test.olist_dbt.not_null_fct_monthly_sales_total_revenue.ae760bb071
[0m16:06:59.801169 [debug] [Thread-2 (]: Finished running node test.olist_dbt.unique_dim_customers_customer_id.15c9f1e2fd
[0m16:06:59.831038 [debug] [Thread-3 (]: Opening a new connection, currently in state closed
[0m16:06:59.832037 [debug] [Thread-4 (]: Finished running node test.olist_dbt.not_null_fct_monthly_sales_sales_month.bd67381e1f
[0m16:06:59.832609 [debug] [Thread-5 (]: Began executing node test.olist_dbt.unique_fct_monthly_sales_sales_month.4c5ee187eb
[0m16:06:59.833201 [debug] [Thread-5 (]: Opening a new connection, currently in state closed
[0m16:06:59.863865 [debug] [Thread-3 (]: Finished running node test.olist_dbt.not_null_fct_monthly_sales_total_revenue.ae760bb071
[0m16:06:59.896146 [debug] [Thread-5 (]: Finished running node test.olist_dbt.unique_fct_monthly_sales_sales_month.4c5ee187eb
[0m16:06:59.897802 [debug] [MainThread]: Connection 'master' was properly closed.
[0m16:06:59.898151 [debug] [MainThread]: Connection 'list_latihan-data-505310_olist_dataset' was properly closed.
[0m16:06:59.898407 [debug] [MainThread]: Connection 'test.olist_dbt.not_null_fct_monthly_sales_total_revenue.ae760bb071' was properly closed.
[0m16:06:59.898658 [debug] [MainThread]: Connection 'test.olist_dbt.unique_dim_customers_customer_id.15c9f1e2fd' was properly closed.
[0m16:06:59.898904 [debug] [MainThread]: Connection 'test.olist_dbt.unique_fct_monthly_sales_sales_month.4c5ee187eb' was properly closed.
[0m16:06:59.899150 [debug] [MainThread]: Connection 'test.olist_dbt.not_null_fct_monthly_sales_sales_month.bd67381e1f' was properly closed.
[0m16:06:59.903762 [debug] [MainThread]: Command end result
[0m16:07:00.022736 [debug] [MainThread]: Wrote artifact WritableManifest to C:\Users\USER\analytics-portofolio\olist_dbt\target\manifest.json
[0m16:07:00.027584 [debug] [MainThread]: Wrote artifact SemanticManifest to C:\Users\USER\analytics-portofolio\olist_dbt\target\semantic_manifest.json
[0m16:07:00.087681 [debug] [MainThread]: Wrote artifact OsiDocument to C:\Users\USER\analytics-portofolio\olist_dbt\target\osi_document.json
[0m16:07:00.096587 [debug] [MainThread]: Wrote artifact RunExecutionResult to C:\Users\USER\analytics-portofolio\olist_dbt\target\run_results.json
[0m16:07:00.104501 [debug] [MainThread]: Acquiring new bigquery connection 'generate_catalog'
[0m16:07:00.104821 [info ] [MainThread]: Building catalog
[0m16:07:00.110320 [debug] [MainThread]: Opening a new connection, currently in state init
[0m16:07:02.325036 [debug] [ThreadPool]: Acquiring new bigquery connection 'latihan-data-505310.information_schema'
[0m16:07:02.326783 [debug] [ThreadPool]: Acquiring new bigquery connection 'latihan-data-505310.information_schema'
[0m16:07:02.347551 [debug] [ThreadPool]: On latihan-data-505310.information_schema: /* {"app": "dbt", "dbt_version": "1.12.4", "profile_name": "olist_dbt", "target_name": "dev", "connection_name": "latihan-data-505310.information_schema"} */

    with
                table_shards_stage as (
    select
        tables.project_id as table_catalog,
        tables.dataset_id as table_schema,
        coalesce(REGEXP_EXTRACT(tables.table_id, '^(.+)[0-9]{8}$'), tables.table_id) as table_name,
        tables.table_id as shard_name,
        REGEXP_EXTRACT(tables.table_id, '^.+([0-9]{8})$') as shard_index,
        REGEXP_CONTAINS(tables.table_id, '^.+[0-9]{8}$') and tables.type = 1 as is_date_shard,
        case
            when materialized_views.table_name is not null then 'materialized view'
            when tables.type = 1 then 'table'
            when tables.type = 2 then 'view'
            else 'external'
        end as table_type,
        tables.type = 1 as is_table,
        JSON_VALUE(table_description.option_value) as table_comment,
        tables.size_bytes,
        tables.row_count
    from `latihan-data-505310`.`olist_raw`.__TABLES__ tables
    left join `latihan-data-505310`.`olist_raw`.INFORMATION_SCHEMA.MATERIALIZED_VIEWS materialized_views
        on materialized_views.table_catalog = tables.project_id
        and materialized_views.table_schema = tables.dataset_id
        and materialized_views.table_name = tables.table_id
    left join `latihan-data-505310`.`olist_raw`.INFORMATION_SCHEMA.TABLE_OPTIONS table_description
        on table_description.table_catalog = tables.project_id
        and table_description.table_schema = tables.dataset_id
        and table_description.table_name = tables.table_id
        and table_description.option_name = 'description'
),
                table_shards as (
                    select * from table_shards_stage
                    where ((
                                upper(table_schema) = upper('olist_raw')
                            and upper(table_name) = upper('olist_products_dataset')
                            ) or (
                                upper(table_schema) = upper('olist_raw')
                            and upper(table_name) = upper('olist_order_payments_dataset')
                            ) or (
                                upper(table_schema) = upper('olist_raw')
                            and upper(table_name) = upper('olist_order_reviews_dataset')
                            ) or (
                                upper(table_schema) = upper('olist_raw')
                            and upper(table_name) = upper('olist_customers_dataset')
                            ) or (
                                upper(table_schema) = upper('olist_raw')
                            and upper(table_name) = upper('olist_order_items_dataset')
                            ) or (
                                upper(table_schema) = upper('olist_raw')
                            and upper(table_name) = upper('olist_orders_dataset')
                            ))
                ),
                tables as (
    select distinct
        table_catalog,
        table_schema,
        table_name,
        is_date_shard,
        table_type,
        is_table,
        table_comment
    from table_shards
),
                table_stats as (
    select
        table_catalog,
        table_schema,
        table_name,
        max(shard_name) as latest_shard_name,
        min(shard_index) as shard_min,
        max(shard_index) as shard_max,
        count(shard_index) as shard_count,
        sum(size_bytes) as size_bytes,
        sum(row_count) as row_count
    from table_shards
    group by 1, 2, 3
),

                columns as (
    select
        columns.table_catalog,
        columns.table_schema,
        columns.table_name as shard_name,
        coalesce(paths.field_path, '<unknown>') as column_name,
        -- invent a row number to account for nested fields
        -- BQ does not treat these nested properties as independent fields
        row_number() over (
            partition by
                columns.table_catalog,
                columns.table_schema,
                columns.table_name
            order by
                columns.ordinal_position,
                paths.field_path
        ) as column_index,
        coalesce(paths.data_type, '<unknown>') as column_type,
        paths.description as column_comment,
        case when columns.is_partitioning_column = 'YES' then 1 else 0 end as is_partitioning_column,
        case when columns.is_partitioning_column = 'YES' then paths.field_path end as partition_column,
        case when columns.clustering_ordinal_position is not null then 1 else 0 end as is_clustering_column,
        case when columns.clustering_ordinal_position is not null then paths.field_path end as cluster_column,
        columns.clustering_ordinal_position
    from `latihan-data-505310`.`olist_raw`.INFORMATION_SCHEMA.COLUMNS columns
    join `latihan-data-505310`.`olist_raw`.INFORMATION_SCHEMA.COLUMN_FIELD_PATHS paths
        on paths.table_catalog = columns.table_catalog
        and paths.table_schema = columns.table_schema
        and paths.table_name = columns.table_name
        and paths.column_name = columns.column_name
    where columns.ordinal_position is not null
),
                column_stats as (
    select
        table_catalog,
        table_schema,
        shard_name,
        max(is_partitioning_column) = 1 as is_partitioned,
        max(partition_column) as partition_column,
        max(is_clustering_column) = 1 as is_clustered,
        array_to_string(
            array_agg(
                cluster_column ignore nulls
                order by clustering_ordinal_position
            ), ', '
        ) as clustering_columns
    from columns
    group by 1, 2, 3
)

            
    select
        tables.table_catalog as table_database,
        tables.table_schema,
        case
            when tables.is_date_shard then concat(tables.table_name, '*')
            else tables.table_name
        end as table_name,
        tables.table_type,
        tables.table_comment,
        -- coalesce column metadata fields to ensure they are non-null for catalog generation
        -- external table columns are not present in COLUMN_FIELD_PATHS
        coalesce(columns.column_name, '<unknown>') as column_name,
        coalesce(columns.column_index, 1) as column_index,
        coalesce(columns.column_type, '<unknown>') as column_type,
        coalesce(columns.column_comment, '') as column_comment,

        'Shard count' as `stats__date_shards__label`,
        table_stats.shard_count as `stats__date_shards__value`,
        'The number of date shards in this table' as `stats__date_shards__description`,
        tables.is_date_shard as `stats__date_shards__include`,

        'Shard (min)' as `stats__date_shard_min__label`,
        table_stats.shard_min as `stats__date_shard_min__value`,
        'The first date shard in this table' as `stats__date_shard_min__description`,
        tables.is_date_shard as `stats__date_shard_min__include`,

        'Shard (max)' as `stats__date_shard_max__label`,
        table_stats.shard_max as `stats__date_shard_max__value`,
        'The last date shard in this table' as `stats__date_shard_max__description`,
        tables.is_date_shard as `stats__date_shard_max__include`,

        '# Rows' as `stats__num_rows__label`,
        table_stats.row_count as `stats__num_rows__value`,
        'Approximate count of rows in this table' as `stats__num_rows__description`,
        tables.is_table as `stats__num_rows__include`,

        'Approximate Size' as `stats__num_bytes__label`,
        table_stats.size_bytes as `stats__num_bytes__value`,
        'Approximate size of table as reported by BigQuery' as `stats__num_bytes__description`,
        tables.is_table as `stats__num_bytes__include`,

        'Partitioned By' as `stats__partitioning_type__label`,
        column_stats.partition_column as `stats__partitioning_type__value`,
        'The partitioning column for this table' as `stats__partitioning_type__description`,
        column_stats.is_partitioned as `stats__partitioning_type__include`,

        'Clustered By' as `stats__clustering_fields__label`,
        column_stats.clustering_columns as `stats__clustering_fields__value`,
        'The clustering columns for this table' as `stats__clustering_fields__description`,
        column_stats.is_clustered as `stats__clustering_fields__include`

    from tables
    join table_stats
        on table_stats.table_catalog = tables.table_catalog
        and table_stats.table_schema = tables.table_schema
        and table_stats.table_name = tables.table_name
    left join column_stats
        on column_stats.table_catalog = tables.table_catalog
        and column_stats.table_schema = tables.table_schema
        and column_stats.shard_name = table_stats.latest_shard_name
    left join columns
        on columns.table_catalog = tables.table_catalog
        and columns.table_schema = tables.table_schema
        and columns.shard_name = table_stats.latest_shard_name

  
[0m16:07:02.345592 [debug] [ThreadPool]: On latihan-data-505310.information_schema: /* {"app": "dbt", "dbt_version": "1.12.4", "profile_name": "olist_dbt", "target_name": "dev", "connection_name": "latihan-data-505310.information_schema"} */

    with
                table_shards_stage as (
    select
        tables.project_id as table_catalog,
        tables.dataset_id as table_schema,
        coalesce(REGEXP_EXTRACT(tables.table_id, '^(.+)[0-9]{8}$'), tables.table_id) as table_name,
        tables.table_id as shard_name,
        REGEXP_EXTRACT(tables.table_id, '^.+([0-9]{8})$') as shard_index,
        REGEXP_CONTAINS(tables.table_id, '^.+[0-9]{8}$') and tables.type = 1 as is_date_shard,
        case
            when materialized_views.table_name is not null then 'materialized view'
            when tables.type = 1 then 'table'
            when tables.type = 2 then 'view'
            else 'external'
        end as table_type,
        tables.type = 1 as is_table,
        JSON_VALUE(table_description.option_value) as table_comment,
        tables.size_bytes,
        tables.row_count
    from `latihan-data-505310`.`olist_dataset`.__TABLES__ tables
    left join `latihan-data-505310`.`olist_dataset`.INFORMATION_SCHEMA.MATERIALIZED_VIEWS materialized_views
        on materialized_views.table_catalog = tables.project_id
        and materialized_views.table_schema = tables.dataset_id
        and materialized_views.table_name = tables.table_id
    left join `latihan-data-505310`.`olist_dataset`.INFORMATION_SCHEMA.TABLE_OPTIONS table_description
        on table_description.table_catalog = tables.project_id
        and table_description.table_schema = tables.dataset_id
        and table_description.table_name = tables.table_id
        and table_description.option_name = 'description'
),
                table_shards as (
                    select * from table_shards_stage
                    where ((
                                upper(table_schema) = upper('olist_dataset')
                            and upper(table_name) = upper('fct_monthly_sales')
                            ) or (
                                upper(table_schema) = upper('olist_dataset')
                            and upper(table_name) = upper('stg_order_payments')
                            ) or (
                                upper(table_schema) = upper('olist_dataset')
                            and upper(table_name) = upper('dim_customers')
                            ) or (
                                upper(table_schema) = upper('olist_dataset')
                            and upper(table_name) = upper('stg_orders')
                            ) or (
                                upper(table_schema) = upper('olist_dataset')
                            and upper(table_name) = upper('stg_order_reviews')
                            ) or (
                                upper(table_schema) = upper('olist_dataset')
                            and upper(table_name) = upper('stg_customers')
                            ) or (
                                upper(table_schema) = upper('olist_dataset')
                            and upper(table_name) = upper('stg_products')
                            ) or (
                                upper(table_schema) = upper('olist_dataset')
                            and upper(table_name) = upper('ct_order_details')
                            ) or (
                                upper(table_schema) = upper('olist_dataset')
                            and upper(table_name) = upper('stg_order_items')
                            ))
                ),
                tables as (
    select distinct
        table_catalog,
        table_schema,
        table_name,
        is_date_shard,
        table_type,
        is_table,
        table_comment
    from table_shards
),
                table_stats as (
    select
        table_catalog,
        table_schema,
        table_name,
        max(shard_name) as latest_shard_name,
        min(shard_index) as shard_min,
        max(shard_index) as shard_max,
        count(shard_index) as shard_count,
        sum(size_bytes) as size_bytes,
        sum(row_count) as row_count
    from table_shards
    group by 1, 2, 3
),

                columns as (
    select
        columns.table_catalog,
        columns.table_schema,
        columns.table_name as shard_name,
        coalesce(paths.field_path, '<unknown>') as column_name,
        -- invent a row number to account for nested fields
        -- BQ does not treat these nested properties as independent fields
        row_number() over (
            partition by
                columns.table_catalog,
                columns.table_schema,
                columns.table_name
            order by
                columns.ordinal_position,
                paths.field_path
        ) as column_index,
        coalesce(paths.data_type, '<unknown>') as column_type,
        paths.description as column_comment,
        case when columns.is_partitioning_column = 'YES' then 1 else 0 end as is_partitioning_column,
        case when columns.is_partitioning_column = 'YES' then paths.field_path end as partition_column,
        case when columns.clustering_ordinal_position is not null then 1 else 0 end as is_clustering_column,
        case when columns.clustering_ordinal_position is not null then paths.field_path end as cluster_column,
        columns.clustering_ordinal_position
    from `latihan-data-505310`.`olist_dataset`.INFORMATION_SCHEMA.COLUMNS columns
    join `latihan-data-505310`.`olist_dataset`.INFORMATION_SCHEMA.COLUMN_FIELD_PATHS paths
        on paths.table_catalog = columns.table_catalog
        and paths.table_schema = columns.table_schema
        and paths.table_name = columns.table_name
        and paths.column_name = columns.column_name
    where columns.ordinal_position is not null
),
                column_stats as (
    select
        table_catalog,
        table_schema,
        shard_name,
        max(is_partitioning_column) = 1 as is_partitioned,
        max(partition_column) as partition_column,
        max(is_clustering_column) = 1 as is_clustered,
        array_to_string(
            array_agg(
                cluster_column ignore nulls
                order by clustering_ordinal_position
            ), ', '
        ) as clustering_columns
    from columns
    group by 1, 2, 3
)

            
    select
        tables.table_catalog as table_database,
        tables.table_schema,
        case
            when tables.is_date_shard then concat(tables.table_name, '*')
            else tables.table_name
        end as table_name,
        tables.table_type,
        tables.table_comment,
        -- coalesce column metadata fields to ensure they are non-null for catalog generation
        -- external table columns are not present in COLUMN_FIELD_PATHS
        coalesce(columns.column_name, '<unknown>') as column_name,
        coalesce(columns.column_index, 1) as column_index,
        coalesce(columns.column_type, '<unknown>') as column_type,
        coalesce(columns.column_comment, '') as column_comment,

        'Shard count' as `stats__date_shards__label`,
        table_stats.shard_count as `stats__date_shards__value`,
        'The number of date shards in this table' as `stats__date_shards__description`,
        tables.is_date_shard as `stats__date_shards__include`,

        'Shard (min)' as `stats__date_shard_min__label`,
        table_stats.shard_min as `stats__date_shard_min__value`,
        'The first date shard in this table' as `stats__date_shard_min__description`,
        tables.is_date_shard as `stats__date_shard_min__include`,

        'Shard (max)' as `stats__date_shard_max__label`,
        table_stats.shard_max as `stats__date_shard_max__value`,
        'The last date shard in this table' as `stats__date_shard_max__description`,
        tables.is_date_shard as `stats__date_shard_max__include`,

        '# Rows' as `stats__num_rows__label`,
        table_stats.row_count as `stats__num_rows__value`,
        'Approximate count of rows in this table' as `stats__num_rows__description`,
        tables.is_table as `stats__num_rows__include`,

        'Approximate Size' as `stats__num_bytes__label`,
        table_stats.size_bytes as `stats__num_bytes__value`,
        'Approximate size of table as reported by BigQuery' as `stats__num_bytes__description`,
        tables.is_table as `stats__num_bytes__include`,

        'Partitioned By' as `stats__partitioning_type__label`,
        column_stats.partition_column as `stats__partitioning_type__value`,
        'The partitioning column for this table' as `stats__partitioning_type__description`,
        column_stats.is_partitioned as `stats__partitioning_type__include`,

        'Clustered By' as `stats__clustering_fields__label`,
        column_stats.clustering_columns as `stats__clustering_fields__value`,
        'The clustering columns for this table' as `stats__clustering_fields__description`,
        column_stats.is_clustered as `stats__clustering_fields__include`

    from tables
    join table_stats
        on table_stats.table_catalog = tables.table_catalog
        and table_stats.table_schema = tables.table_schema
        and table_stats.table_name = tables.table_name
    left join column_stats
        on column_stats.table_catalog = tables.table_catalog
        and column_stats.table_schema = tables.table_schema
        and column_stats.shard_name = table_stats.latest_shard_name
    left join columns
        on columns.table_catalog = tables.table_catalog
        and columns.table_schema = tables.table_schema
        and columns.shard_name = table_stats.latest_shard_name

  
[0m16:07:02.348804 [debug] [ThreadPool]: Opening a new connection, currently in state init
[0m16:07:02.348358 [debug] [ThreadPool]: Opening a new connection, currently in state init
[0m16:07:04.516134 [debug] [ThreadPool]: BigQuery adapter: https://console.cloud.google.com/bigquery?project=latihan-data-505310&j=bq:US:4b4d1fee-836f-427f-ae8a-b71fac5ce062&page=queryresults
[0m16:07:04.524996 [debug] [ThreadPool]: BigQuery adapter: https://console.cloud.google.com/bigquery?project=latihan-data-505310&j=bq:US:fb91aa63-15c7-4f40-af14-8a417b9409b8&page=queryresults
[0m16:07:06.637984 [debug] [ThreadPool]: SQL status: OK in 2.121 seconds
[0m16:07:06.641381 [debug] [ThreadPool]: SQL status: OK in 2.116 seconds
[0m16:07:07.551587 [debug] [MainThread]: Wrote artifact CatalogArtifact to C:\Users\USER\analytics-portofolio\olist_dbt\target\catalog.json
[0m16:07:07.600908 [debug] [MainThread]: Wrote artifact WritableManifest to C:\Users\USER\analytics-portofolio\olist_dbt\target\manifest.json
[0m16:07:07.604861 [debug] [MainThread]: Wrote artifact SemanticManifest to C:\Users\USER\analytics-portofolio\olist_dbt\target\semantic_manifest.json
[0m16:07:07.608666 [debug] [MainThread]: Wrote artifact OsiDocument to C:\Users\USER\analytics-portofolio\olist_dbt\target\osi_document.json
[0m16:07:07.609017 [info ] [MainThread]: Catalog written to C:\Users\USER\analytics-portofolio\olist_dbt\target\catalog.json
[0m16:07:07.610530 [debug] [MainThread]: Command `dbt docs generate` succeeded at 16:07:07.610416 after 14.78 seconds
[0m16:07:07.610830 [debug] [MainThread]: Connection 'generate_catalog' was properly closed.
[0m16:07:07.611092 [debug] [MainThread]: Connection 'latihan-data-505310.information_schema' was properly closed.
[0m16:07:07.611339 [debug] [MainThread]: Connection 'latihan-data-505310.information_schema' was properly closed.
[0m16:07:07.611635 [debug] [MainThread]: Sending event: {'category': 'dbt', 'action': 'invocation', 'label': 'end', 'context': [<snowplow_tracker.self_describing_json.SelfDescribingJson object at 0x0000020B1ED71D90>, <snowplow_tracker.self_describing_json.SelfDescribingJson object at 0x0000020B06A80D60>, <snowplow_tracker.self_describing_json.SelfDescribingJson object at 0x0000020B1ED2FC20>]}
[0m16:07:07.611951 [debug] [MainThread]: Flushing usage events
[0m16:07:08.726967 [debug] [MainThread]: An error was encountered while trying to flush usage events
==================== 2026-09-15T04:06:25.955793Z | 01a0a33e-a18b-7673-88e0-55101d35fbfc ====================
04:06:27.653295 [info ]: 
==================== Execution Summary =====================
Finished 'internal' successfully [1.7s]
==================== 2026-09-16T07:27:02.071470Z | 01a0a91c-a546-7503-8af6-64d38005ed43 ====================
07:27:03.187769 [info ]: 
==================== Execution Summary =====================
Finished 'internal' successfully [1.1s]
==================== 2026-09-21T03:52:14.811222Z | 01a0c217-cb3d-7480-a864-286ec291e5fb ====================
03:52:16.495100 [info ]: 
==================== Execution Summary =====================
Finished 'internal' successfully [1.7s]
